t,x,vx,z_s,vz_s,pitch,pitch_rate,z_u_FL,z_u_FR,z_u_RL,z_u_RR,Fz_FL,Fz_FR,Fz_RL,Fz_RR,ground_FL,ground_RL,airborne
0.0,0.007500029241563601,15.000116966185807,0.3815161289414048,3.919960701691316e-06,-2.3389741502470876e-08,-9.051315361108958e-05,0.31497729592819806,0.31497729592819806,0.31515705567292884,0.31515705567292884,3304.9948957964293,3304.9948957964293,3265.447751955658,3265.447751955658,0.0,0.0,False
0.01,0.15751289600903998,15.002456484123599,0.38151653073151665,6.843065667016854e-05,-9.187940931170111e-08,0.0007220135674553467,0.31476301714944466,0.31476301714944466,0.3153866203250681,0.3153866203250681,3352.1362271221788,3352.1362271221788,3214.9435284850238,3214.9435284850238,0.0,0.0,False
0.02,0.30754916135126953,15.004796681254794,0.3815172222212548,5.4036326590672247e-05,1.9688220582490647e-05,0.0032258316378589794,0.31441677725149797,0.31441677725149797,0.31574870767742247,0.31574870767742247,3428.30900467045,3428.30900467045,3135.2843109670603,3135.2843109670603,0.0,0.0,False
0.03,0.45760883034503114,15.00713708596714,0.38151733844717806,-4.051730390630198e-05,6.142138498958213e-05,0.004892333712842854,0.314134729029759,0.314134729029759,0.31603149257022,0.31603149257022,3490.359613453029,3490.359613453029,3073.0716345516016,3073.0716345516016,0.0,0.0,False
0.04,0.60769190127471,15.009476964474754,0.38151631741264075,-0.00016352190957501396,0.00011271755381775278,0.005140945444086487,0.313968380323059,0.313968380323059,0.31618618089353967,0.31618618089353967,3526.95632892702,3526.95632892702,3039.040203421276,3039.040203421276,0.0,0.0,False
0.05,0.7577983664396947,15.011815898067056,0.38151415032399977,-0.0002627503997637077,0.00016047106324305877,0.004264635494567803,0.31390172035516145,0.31390172035516145,0.3162369453137159,0.3162369453137159,3541.6215218644843,3541.6215218644843,3027.8720309825103,3027.8720309825103,0.0,0.0,False
0.06,0.9079282159385889,15.014153850054758,0.38151123691907035,-0.0003105119700267735,0.0001959775192266961,0.0027749050006983886,0.31389920999135296,0.31389920999135296,0.3162257483638881,0.3162257483638881,3542.173801902353,3542.173801902353,3030.335359944618,3030.335359944618,0.0,0.0,False
0.07,1.0580814408051233,15.016491012985902,0.3815081210093374,-0.00030450019947467677,0.00021537456132048882,0.0011009642866219543,0.3139288754393152,0.3139288754393152,0.3161872928821226,0.3161872928821226,3535.647403350661,3535.647403350661,3038.79556593303,3038.79556593303,0.0,0.0,False
0.08,1.2082580344113216,15.018827637979971,0.3815052837285694,-0.00025756783291416624,0.000218284543096435,-0.0004914700205678915,0.3139695245326164,0.3139695245326164,0.3161426312932531,0.3161426312932531,3526.7046028243963,3526.7046028243963,3048.621115484322,3048.621115484322,0.0,0.0,False
0.09,1.3584579924639275,15.021163929892312,0.38150304865821066,-0.00018682738508347903,0.00020624029504099617,-0.0018783363825521685,0.3140100986423587,0.3140100986423587,0.3161013588398533,0.3161013588398533,3517.7782986810935,3517.7782986810935,3057.701055232278,3057.701055232278,0.0,0.0,False
0.1,1.5086813123228795,15.023500013550633,0.3815015776766496,-0.0001067560145807824,0.00018152035818957293,-0.0030258535880702472,0.3140464003939342,0.3140464003939342,0.31606608367409417,0.31606608367409417,3509.7919133344744,3509.7919133344744,3065.4615916992866,3065.4615916992866,0.0,0.0,False
0.11,1.658927992230418,15.025835944448188,0.3815009129119036,-2.6711470580342873e-05,0.00014648663936628464,-0.003944787111757355,0.3140778662947506,0.3140778662947506,0.3160362350572956,0.3160362350572956,3502.869415154872,3502.869415154872,3072.028287394969,3072.028287394969,0.0,0.0,False
0.12,1.8091980307475521,15.02817173550482,0.3815010274920055,4.864954482193082e-05,0.00010330040016940911,-0.004660961981549107,0.31410532806898844,0.31410532806898844,0.31601040215569215,0.31601040215569215,3496.827824822546,3496.827824822546,3077.711525747731,3077.711525747731,0.0,0.0,False
0.13,1.9594914264581762,15.030507381826894,0.3815018649533201,0.00011777328697447099,5.3855153638281e-05,-0.005200643633827786,0.3141298034088943,0.3141298034088943,0.31598740129813646,0.31598740129813646,3491.443250043259,3491.443250043259,3082.771714409982,3082.771714409982,0.0,0.0,False
0.14,2.109808177877698,15.032842876408635,0.3815033619375635,0.0001806017691807647,-1.973415404027228e-07,-0.005585629713689235,0.3141520204192156,0.3141520204192156,0.3159665549920367,0.3159665549920367,3486.5555077725753,3486.5555077725753,3087.357901751933,3087.357901751933,0.0,0.0,False
0.15,2.260148283471909,15.035178216847058,0.3815054571473882,0.00023747141927642353,-5.739969017456634e-05,-0.0058331927986730505,0.31417234824621093,0.31417234824621093,0.31594760770889596,0.31594760770889596,3482.0833858335986,3482.0833858335986,3091.5263040428918,3091.5263040428918,0.0,0.0,False
0.16,2.4105117417102915,15.037513406094387,0.38150809217652604,0.0002885741736728967,-0.00011645098893152712,-0.0059576493666063084,0.3141908936067211,0.3141908936067211,0.3159305445784977,0.3159305445784977,3478.003406521364,3478.003406521364,3095.280192730515,3095.280192730515,0.0,0.0,False
0.17,2.5608985511108138,15.039848450472936,0.38151120914355746,0.00033382379926420047,-0.00017618542891100188,-0.005971920232310823,0.31420762669407987,0.31420762669407987,0.3159154371019359,0.3159154371019359,3474.322127302433,3474.322127302433,3098.6038375741,3098.6038375741,0.0,0.0,False
0.18,2.7113087102609903,15.042183357185696,0.3815147481877474,0.00037293196070752656,-0.00023556381936240753,-0.005888520557016273,0.3142224784220009,0.3142224784220009,0.3159023501576799,0.3159023501576799,3471.0547471598043,3471.0547471598043,3101.4829653104202,3101.4829653104202,0.0,0.0,False
0.19,2.861742217816487,15.04451813241447,0.38151864612896835,0.00040554599237374784,-0.0002936720014646372,-0.005719970883159824,0.31423539673127115,0.31423539673127115,0.31589130218564937,0.31589130218564937,3468.2127191203494,3468.2127191203494,3103.913519157142,3103.913519157142,0.0,0.0,False
0.2,3.012199072484995,15.046852780276144,0.38152283645107377,0.00043136744497689983,-0.00034972123998394314,-0.005478817365019236,0.3142463698869239,0.3142463698869239,0.3158822583542305,0.3158822583542305,3465.798624876747,3465.798624876747,3105.903162069292,3105.903162069292,0.0,0.0,False
0.21,3.162679273003429,15.04918730248618,0.38152725024328693,0.00045022375742749044,-0.0004030477078234702,-0.005177458981533228,0.31425542960240904,0.31425542960240904,0.3158751388973342,0.3158751388973342,3463.805487470014,3463.805487470014,3107.4694425864777,3107.4694425864777,0.0,0.0,False
0.22,3.3131828181141394,15.051521698455266,0.38153181762853466,0.0004620958659865382,-0.00045310988432861743,-0.004827920418485599,0.3142626447430964,0.3142626447430964,0.31586983143058583,0.31586983143058583,3462.218156518796,3462.218156518796,3108.6370852711198,3108.6370852711198,0.0,0.0,False
0.23,3.4637097065432427,15.053855965580885,0.38153646930594254,0.00046711605845562457,-0.000499483741875938,-0.004441644629661213,0.3142681123814156,0.3142681123814156,0.3158662019873552,0.3158662019873552,3461.0152760885694,3461.0152760885694,3109.4355627818572,3109.4355627818572,0.0,0.0,False
0.24,3.6142599369821666,15.0561900995835,0.3815411379851844,0.00046555061189615203,-0.0005418560851013228,-0.004029332713174791,0.31427194950922843,0.31427194950922843,0.3158641032732887,0.3158641032732887,3460.1711079697484,3460.1711079697484,3109.8972798764944,3109.8972798764944,0.0,0.0,False
0.25,3.7648335080724724,15.058524094817244,0.38154575961576287,0.00045777741796192926,-0.0005800165405820851,-0.003600833283588323,0.3142742864743769,0.3142742864743769,0.3158633804188521,0.3158633804188521,3459.6569756370886,3459.6569756370886,3110.0563078525433,3110.0563078525433,0.0,0.0,False
0.26,3.915430418393562,15.060857944537231,0.38155027439177586,0.00044426401889624247,-0.0006138486558922221,-0.00316507333032725,0.31427526208585205,0.31427526208585205,0.31586387502731594,0.31586387502731594,3459.442341112553,3459.442341112553,3109.947493990496,3109.947493990496,0.0,0.0,False
0.27,4.066050666452866,15.063191641129976,0.3815546275482717,0.00042554801614665784,-0.0006433204737711995,-0.0027300208646549163,0.31427501994900536,0.31427501994900536,0.31586542823046526,0.31586542823046526,3459.4956112188233,3459.4956112188233,3109.605789297646,3109.605789297646,0.0,0.0,False
0.28,4.216694250678202,15.065525176319767,0.3815587699743687,0.0004022199460536193,-0.0006684748577114008,-0.0023026714478407784,0.3142737055898571,0.3142737055898571,0.31586788320117454,0.31586788320117454,3459.7847702314366,3459.7847702314366,3109.0656957416054,3109.0656957416054,0.0,0.0,False
0.29,4.3673611694121295,15.06785854136114,0.3815626586651276,0.0003749080450420982,-0.0006894197785170399,-0.0018890531270300927,0.3142714640615492,0.3142714640615492,0.31587108733567537,0.31587108733567537,3460.2779064591773,3460.2779064591773,3108.360786151422,3108.360786151422,0.0,0.0,False
0.3,4.518051420908169,15.070191727222369,0.3815662570279932,0.0003442643174669893,-0.000706318726778464,-0.0014942462025629576,0.31426843786714226,0.31426843786714226,0.31587489417048253,0.31587489417048253,3460.9436692287068,3460.9436692287068,3107.5232824938457,3107.5232824938457,0.0,0.0,False
0.31,4.6687650033288275,15.072524724760724,0.38156953505486213,0.00031095155734936887,-0.0007193813866838319,-0.001122415378440015,0.3142647651325908,0.3142647651325908,0.31587916503154356,0.31587916503154356,3461.751670830033,3461.751670830033,3106.5836930604196,3106.5836930604196,0.0,0.0,False
0.32,4.819501914745323,15.074857524887644,0.3815724693686331,0.00027563122270478,-0.0007288546851399512,-0.0007768523758813975,0.31426057801700225,0.31426057801700225,0.3158837703968517,0.3158837703968517,3462.6728362595095,3462.6728362595095,3105.5705126926237,3105.5705126926237,0.0,0.0,False
0.33,4.970262153138899,15.077190118721171,0.3815750431529753,0.0002389522238495238,-0.0007350143120815615,-0.00046002727355059207,0.314256001366641,0.314256001366641,0.3158885909613845,0.3158885909613845,3463.679699338983,3463.679699338983,3104.5099884954143,3104.5099884954143,0.0,0.0,False
0.34,5.121045716403593,15.079522497723147,0.38157724597508674,0.00020154075600640854,-0.0007381567907509812,-0.00017364688030865424,0.3142511516195181,0.3142511516195181,0.3158935184073815,0.3158935184073815,3464.7466437060193,3464.7466437060193,3103.425950376073,3103.425950376073,0.0,0.0,False
0.35,5.271852602350285,15.08185465381937,0.38157907351256043,0.00016399130829066505,-0.0007385921598814303,8.128153262878892e-05,0.31424613596012896,0.31424613596012896,0.31589845589527776,0.31589845589527776,3465.8500887716327,3465.8500887716327,3102.3397030388955,3102.3397030388955,0.0,0.0,False
0.36,5.422682808711863,15.084186579501582,0.38158052719665064,0.00012685894765030017,-0.0007366373132105229,0.0003043827614604552,0.3142410517155405,0.3142410517155405,0.3159033182986009,0.3159033182986009,3466.9686225810915,3466.9686225810915,3101.2699743078033,3101.2699743078033,0.0,0.0,False
0.37,5.5735363331493275,15.086518267910895,0.38158161378499683,9.065293152801774e-05,-0.0007326100259716898,0.0004958439893091344,0.31423598597744284,0.31423598597744284,0.315908032210185,0.315908032210185,3468.0830849625777,3468.0830849625777,3100.2329137593065,3100.2329137593065,0.0,0.0,False
0.38,5.724413173258604,15.088849712902736,0.38158234487718007,5.583166040428391e-05,-0.0007268236833468574,0.0006563442959700464,0.314231015430605,0.314231015430605,0.3159125357484173,0.3159125357484173,3469.1766052669036,3469.1766052669036,3099.2421353481923,3099.2421353481923,0.0,0.0,False
0.39,5.875313326577959,15.091180909093856,0.381582736386417,2.279894631394541e-05,-0.0007195827125875879,0.0007869846101927552,0.31422620636604387,0.31422620636604387,0.3159167781920767,0.3159167781920767,3470.234599470352,3470.234599470352,3098.30879774313,3098.30879774313,0.0,0.0,False
0.4,6.02623679059575,15.093511851892156,0.381582807980316,-8.098453500028174e-06,-0.0007111787087730843,0.0008892191991779437,0.31422161485648337,0.31422161485648337,0.3159207194714022,0.3159207194714022,3471.2447315736626,3471.2447315736626,3097.441716291517,3097.441716291517,0.0,0.0,False
0.41,6.177183562758445,15.095842537510398,0.3815825825030077,-3.657210878221029e-05,-0.0007018872340225642,0.0009647896310699453,0.31421728707179264,0.31421728707179264,0.315924329541778,0.315924329541778,3472.1968442056227,3472.1968442056227,3096.64750080884,3096.64750080884,0.0,0.0,False
0.42,6.328153640478658,15.098172962965005,0.3815820853901696,-6.239208035032037e-05,-0.0006919652614021534,0.001015661991050207,0.31421325971268693,0.31421325971268693,0.3159275876649676,0.3159275876649676,3473.0828632088783,3473.0828632088783,3095.9307137071337,3095.9307137071337,0.0,0.0,False
0.43,6.479147021143134,15.100503126061298,0.38158134408754985,-8.538607338334187e-05,-0.0006816492277093662,0.0010439679831195485,0.31420956054183546,0.31420956054183546,0.31593048162124576,0.31593048162124576,3473.8966807962015,3473.8966807962015,3095.2940433259355,3095.2940433259355,0.0,0.0,False
0.44,6.6301637021205,15.102833025366657,0.3815803874825746,-0.00010543768551573351,-0.0006711536537056849,0.0010519504094836792,0.314206208992557,0.314206208992557,0.31593300687406434,0.31593300687406434,3474.6340216374583,3474.6340216374583,3094.7384877058494,3094.7384877058494,0.0,0.0,False
0.45,6.7812036807687255,15.105162660173129,0.3815792453575381,-0.00012248386106246615,-0.0006606702861106765,0.0010419133886779403,0.31420321683646263,0.31420321683646263,0.31593516570705393,0.31593516570705393,3475.292295978225,3475.292295978225,3094.263544448138,3094.263544448138,0.0,0.0,False
0.46,6.932266954442128,15.10749203045105,0.38157794787174276,-0.00013651166606361487,-0.0006503677126715497,0.001016177552946871,0.3142005888926933,0.3142005888926933,0.3159369663512281,0.3159369663512281,3475.870443607475,3475.870443607475,3093.867402729824,3093.867402729824,0.0,0.0,False
0.47,7.0833535204979015,15.109821136795318,0.3815765250788024,-0.0001475544999670001,-0.0006403913997755349,0.0009770403554935207,0.31419832376279333,0.31419832376279333,0.3159384221182684,0.3159384221182684,3476.368772185471,3476.368772185471,3093.5471339809574,3093.5471339809574,0.0,0.0,False
0.48,7.234463376302065,15.11214998036582,0.3815750064841659,-0.0001556878588138872,-0.0006308641012696534,0.0009267415194180532,0.31419641457672715,0.31419641457672715,0.31593955055373724,0.31593955055373724,3476.7887931200316,3476.7887931200316,3093.2988781778113,3093.2988781778113,0.0,0.0,False
0.49,7.385596519234794,15.11447856282363,0.3815734206467827,-0.00016102476192300676,-0.0006218865872810149,0.0008674335727184218,0.3141948497370734,0.3141948497370734,0.3159403726220553,0.3159403726220553,3477.133057843855,3477.133057843855,3093.118023147833,3093.118023147833,0.0,0.0,False
0.5,7.536752946695107,15.116806886264337,0.3815717948277342,-0.00016371094950311504,-0.0006135386427767631,0.0008011573376733873,0.3141936136499754,0.3141936136499754,0.3159409119331099,0.3159409119331099,3477.4049970054175,3477.4049970054175,3092.9993747158223,3092.9993747158223,0.0,0.0,False
0.51,7.687932656104867,15.11913495314998,0.3815701546876098,-0.00016391995260358393,-0.0006058802872528206,0.0007298221781419161,0.3141926874329788,0.3141926874329788,0.31594119401845805,0.31594119401845805,3477.6087647446698,3477.6087647446698,3092.9373159392326,3092.9373159392326,0.0,0.0,False
0.52,7.839135644912098,15.121462766240754,0.3815685240334247,-0.00016184812958726033,-0.0005989531691832538,0.0006551907545080696,0.31419204959140395,0.31419204959140395,0.31594124566329235,0.31594124566329235,3477.7490898911333,3477.7490898911333,3092.925954075687,3092.925954075687,0.0,0.0,False
0.53,7.9903619105936485,15.123790328527754,0.3815669246149796,-0.00015770975513257137,-0.0005927820915897054,0.0005788679927292183,0.31419167665637904,0.31419167665637904,0.31594109429864464,0.31594109429864464,3477.8311355966152,3477.8311355966152,3092.9592542981823,3092.9592542981823,0.0,0.0,False
0.54,8.141611450657152,15.12611764316766,0.3815653759697414,-0.0001517322388845848,-0.0005873766282002543,0.0005022939406607429,0.31419154377906733,0.31419154377906733,0.3159407674567493,0.3159407674567493,3477.860368605191,3477.860368605191,3093.031159515154,3093.031159515154,0.0,0.0,False
0.55,8.292884262642374,15.128444713420429,0.381563895314604,-0.00014415154151017895,-0.0005827327930626059,0.00042674016086860104,0.31419162527695055,0.31419162527695055,0.3159402922910695,0.3159402922910695,3477.842439070883,3477.842439070883,3093.1356959647105,3093.1356959647105,0.0,0.0,False
0.56,8.444180344121953,15.130771542590589,0.3815624974822546,-0.00013520784628027647,-0.0005788347300680973,0.0003533092937710995,0.3141918951292665,0.3141918951292665,0.31593969516121845,0.31593969516121845,3477.783071561377,3477.783071561377,3093.267064531945,3093.267064531945,0.0,0.0,False
0.57,8.595499692701564,15.133098133972897,0.3815611948993412,-0.0001251415346008733,-0.0005756563925485554,0.00028293741739164174,0.3141923274198368,0.3141923274198368,0.3159390012818915,0.3159390012818915,3477.6879676359017,3477.6879676359017,3093.419717983872,3093.419717983872,0.0,0.0,False
0.58,8.746842306019582,15.135424490802798,0.38155999760319803,-0.00011418950432134102,-0.0005731631868535554,0.00021639882943587615,0.31419289672654943,0.31419289672654943,0.31593823443394936,0.31593823443394936,3477.5627201591287,3477.5627201591287,3093.588424531144,3093.588424531144,0.0,0.0,False
0.59,8.89820818174624,15.137750616212102,0.38155891329354963,-0.00010258186031035189,-0.0005713135575353032,0.00015431288300046694,0.31419357845767937,0.31419357845767937,0.3159374167349765,0.3159374167349765,3477.4127393105423,3477.4127393105423,3093.7683183051745,3093.7683183051745,0.0,0.0,False
0.6,9.04959731758241,15.140076513190118,0.3815579474153566,-9.053899785148596e-05,-0.000570060495404799,9.715251813915596e-05,0.314194349136042,0.314194349136042,0.31593656846596185,0.31593656846596185,3477.2431900707647,3477.2431900707647,3093.954937488396,3093.954937488396,0.0,0.0,False
0.61,9.201009711258008,15.142402184550372,0.38155710326881037,-7.826909098130729e-05,-0.0005693529532269676,4.52541469394067e-05,0.3141951866326684,0.3141951866326684,0.31593570795020764,0.31593570795020764,3477.0589408129604,3477.0589408129604,3094.1442509543217,3094.1442509543217,0.0,0.0,False
0.62,9.352445360530087,15.14472763290295,0.3815563821423987,-6.596599006356479e-05,-0.000569137157152956,-1.1714310923383791e-06,0.3141960703522824,0.3141960703522824,0.3159348514801697,0.3159348514801697,3476.8645224978713,3476.8645224978713,3094.33267436267,3094.33267436267,0.0,0.0,False
0.63,9.50390426318069,15.147052860632447,0.3815557834649578,-5.3807525749123336e-05,-0.0005693578051114949,-4.202738444273335e-05,0.3141969813733425,0.3141969813733425,0.31593401328764187,0.31593401328764187,3476.6640978646515,3476.6640978646515,3094.5170767187924,3094.5170767187924,0.0,0.0,False
0.64,9.6553864170145,15.149377869881324,0.3815553049726907,-4.195421005246115e-05,-0.0005699591462721633,-7.731875256694163e-05,0.31419790254579355,0.31419790254579355,0.3159332055525257,0.3159332055525257,3476.4614399254224,3476.4614399254224,3094.6947784443523,3094.6947784443523,0.0,0.0,False
0.65,9.806891819856371,15.151702662538453,0.38155494288724695,-3.0548319626513915e-05,-0.0005708859383325417,-0.00010714014728011965,0.31419881854996573,0.31419881854996573,0.31593243844535307,0.31593243844535307,3476.2599190075425,3476.2599190075425,3094.863542022328,3094.863542022328,0.0,0.0,False
0.66,9.958420469548752,15.15402724023263,0.3815546921011413,-1.9713341460472997e-05,-0.0005720842817559408,-0.00013166347654180945,0.3141997159202564,0.3141997159202564,0.3159317201987432,0.3159317201987432,3476.0624975435917,3476.0624975435917,3095.021556276496,3095.021556276496,0.0,0.0,False
0.67,10.109972363949067,15.1563516043306,0.3815545463669999,-9.553757157245616e-06,-0.0005735023321898509,-0.00015112588731930405,0.3142005830373526,0.3142005830373526,0.3159310572030777,0.3159310572030777,3475.8717317824317,3475.8717317824317,3095.1674153229137,3095.1674153229137,0.0,0.0,False
0.68,10.261547500927097,15.158675755939345,0.3815544984873829,-1.5513866496154145e-07,-0.0005750908941258377,-0.00016581809701664055,0.31420141009279895,0.31420141009279895,0.31593045412183385,0.31593045412183385,3475.6897795842347,3475.6897795842347,3095.3000931965566,3095.3000931965566,0.0,0.0,False
0.69,10.41314587836243,15.16099969591212,0.3815545405022153,8.41547418611224e-06,-0.0005768039004224659,-0.00017607325626799544,0.3142021890297011,0.3142021890297011,0.31592991402224113,0.31592991402224113,3475.5184134657625,3475.5184134657625,3095.4189151069545,3095.4189151069545,0.0,0.0,False
0.7,10.56476749414194,15.163323424857829,0.38155466387116443,1.6108945783734254e-05,-0.000578598783610921,-0.00018225646009275296,0.31420291346327706,0.31420291346327706,0.3159294385171912,0.3159294385171912,3475.359038079051,3475.359038079051,3095.5235262179426,3095.5235262179426,0.0,0.0,False
0.71,10.716412346157437,15.165646943153332,0.38155485964862024,2.2893199018252327e-05,-0.0005804367459488718,-0.0001847549998124471,0.31420357858484854,0.31420357858484854,0.3159290279146342,0.3159290279146342,3475.212711333324,3475.212711333324,3095.613858780485,3095.613858780485,0.0,0.0,False
0.72,10.868080432303389,15.167970250958147,0.3815551186492688,2.875218476921074e-05,-0.0005822829359951068,-0.0001839694249877666,0.314204181052698,0.314204181052698,0.3159286813710247,0.3159286813710247,3475.080168406447,3475.080168406447,3095.6900983745695,3095.6900983745695,0.0,0.0,False
0.73,11.019771750474849,15.170293348231176,0.3815554316025728,3.3684699494249644e-05,-0.0005841065400611844,-0.00018030546315021486,0.3142047188730179,0.3142047188730179,0.3159283970457265,0.3159283970457265,3474.961847936071,3474.961847936071,3095.752649940172,3095.752649940172,0.0,0.0,False
0.74,11.171486298565519,15.172616234748968,0.3815557892948041,3.770308318690671e-05,-0.0005858807972741476,-0.0001741668254261355,0.31420519127395624,0.31420519127395624,0.31592817225364667,0.31592817225364667,3474.8579197296303,3474.8579197296303,3095.8021041977368,3095.8021041977368,0.0,0.0,False
0.75,11.323224074466038,15.1749389101251,0.38155618269758684,4.0831828859438396e-05,-0.0005875829471748831,-0.000165948908386951,0.31420559857551306,0.31420559857551306,0.3159280036137242,0.3159280036137242,3474.768313387131,3474.768313387131,3095.8392049806803,3095.8392049806803,0.0,0.0,False
0.76,11.474985076062463,15.17726137383028,0.38155660308221867,4.310613321334125e-05,-0.0005891941187994,-0.00015603338666051402,0.3142059420577842,0.3142059420577842,0.31592788719126064,0.31592788719126064,3474.692747287483,3474.692747287483,3095.8648179226634,3095.8648179226634,0.0,0.0,False
0.77,11.626769301234916,15.179583625212796,0.3815570421193208,4.457041632105473e-05,-0.0005906991700649638,-0.00014478367703288724,0.31420622382978425,0.31420622382978425,0.31592781863242386,0.31592781863242386,3474.630757447469,3474.630757447469,3095.879900866754,3095.879900866754,0.0,0.0,False
0.78,11.778576747856478,15.181905663518968,0.3815574919636376,4.52768360333901e-05,-0.0005920864860295021,-0.00013254124293303409,0.31420644670080355,0.31420644670080355,0.3159277932895914,0.3159277932895914,3474.5817258232214,3474.5817258232214,3095.8854762898914,3095.8854762898914,0.0,0.0,False
0.79,11.930407413792267,15.184227487913262,0.3815579453240534,4.528382050655613e-05,-0.0005933477442305288,-0.00011962269829144809,0.3142066140559896,0.3142066140559896,0.31592780633651846,0.31592780633651846,3474.544907682292,3474.544907682292,3095.8826059659427,3095.8826059659427,0.0,0.0,False
0.8,12.082261296898714,15.186549097497815,0.38155839551911236,4.465463976842161e-05,-0.0005944776548580153,-0.0001063176617190729,0.31420672973757846,0.31420672973757846,0.31592785287260255,0.31592785287260255,3474.519457732742,3474.519457732742,3095.8723680274416,3095.8723680274416,0.0,0.0,False
0.81,12.234138395023052,15.18887049133113,0.3815588365185274,4.34560346730318e-05,-0.0005954736829922408,-9.288730566643541e-05,0.31420679793294626,0.31420679793294626,0.31592792801579833,0.31592792801579833,3474.504454751827,3474.504454751827,3095.8558365243703,3095.8558365243703,0.0,0.0,False
0.82,12.38603870600294,15.191191668445706,0.3815592629713318,4.1756918971649365e-05,-0.0005963357595597942,-7.956354059821165e-05,0.314206823070407,0.314206823070407,0.3159280269839745,0.3159280269839745,3474.4989245104675,3474.4989245104675,3095.8340635256163,3095.8340635256163,0.0,0.0,False
0.83,12.537962227666307,15.193512627864436,0.38155967022147325,3.962716761217483e-05,-0.0005970659870445607,-6.65487711229389e-05,0.3142068097234565,0.3142068097234565,0.3159281451647292,0.3159281451647292,3474.501860839575,3474.501860839575,3095.808063759574,3095.808063759574,0.0,0.0,False
0.84,12.68990895783133,15.19583336861565,0.38156005431176665,3.713650180124545e-05,-0.0005976683453503035,-5.401615931646068e-05,0.3142067625239484,0.3142067625239484,0.31592827817387314,0.31592827817387314,3474.5122447313524,3474.5122447313524,3095.7788017479115,3095.7788017479115,0.0,0.0,False
0.85,12.841878894306552,15.198153889746719,0.38156041197721635,3.435347886764068e-05,-0.0005981484025606596,-4.211033003730613e-05,0.31420668608449376,0.31420668608449376,0.3159284219029527,0.3159284219029527,3474.5290614113765,3474.5290614113765,3095.7471813504035,3095.7471813504035,0.0,0.0,False
0.86,12.993872034891123,15.20047419033608,0.3815607406287844,3.134459257882392e-05,-0.0005985130346927934,-3.0948453695993225e-05,0.3142065849301976,0.3142065849301976,0.31592857255633255,0.31592857255633255,3474.551315356532,3474.551315356532,3095.7140376068414,3095.7140376068414,0.0,0.0,False
0.87,13.145888377375192,15.202794269503707,0.3815610383287308,2.8173487318966162e-05,-0.000598770157903033,-2.062164358180179e-05,0.314206463439691,0.314206463439691,0.3159287266784625,0.3159287266784625,3474.578043267984,3474.578043267984,3095.680130738253,3095.680130738253,0.0,0.0,False
0.88,13.297927919540353,15.205114126420007,0.3815613037586699,2.4900287453044483e-05,-0.0005989284759855182,-1.1196607307901263e-05,0.31420632579527624,0.31420632579527624,0.3159288811720522,0.3159288811720522,3474.6083250392303,3474.6083250392303,3095.646142148519,3095.646142148519,0.0,0.0,False
0.89,13.449990659160179,15.207433760313119,0.381561536181496,2.1581041295770808e-05,-0.0005989972454157009,-2.717495080962598e-06,0.31420617594188593,0.31420617594188593,0.315929033307939,0.315929033307939,3474.641292785098,3474.641292785098,3095.612672253428,3095.612672253428,0.0,0.0,False
0.9,13.602076594000842,15.209753170474686,0.381561735398311,1.8267277394127186e-05,-0.000598986059635686,4.792108799572353e-06,0.31420601755445404,0.31420601755445404,0.3159291807274834,0.3159291807274834,3474.676138020114,3474.676138020114,3095.580239953659,3095.580239953659,0.0,0.0,False
0.91,13.75418572182176,15.212072356264153,0.38156190170146326,1.500566931375073e-05,-0.0005989046537627767,1.1327100684667508e-05,0.3142058540132167,0.3142058540132167,0.315929321438349,0.315929321438349,3474.712117092327,3474.712117092327,3095.5492835632213,3095.5492835632213,0.0,0.0,False
0.92,13.906318040376307,15.21439131711164,0.38156203582475406,1.1837803819351252e-05,-0.0005987627304297784,1.6898723607553288e-05,0.3142056883863934,0.3142056883863934,0.3159294538045364,0.3159294538045364,3474.7485549934554,3474.7485549934554,3095.5201630019933,3095.5201630019933,0.0,0.0,False
0.93,14.058473547412516,15.216710052519522,0.381562138891819,8.800046232352379e-06,-0.0005985698070381701,2.15324250214631e-05,0.31420552341965086,0.31420552341965086,0.31592957653153275,0.31592957653153275,3474.784847676815,3474.784847676815,3095.493163062798,3095.493163062798,0.0,0.0,False
0.94,14.210652240673804,15.219028562062762,0.3815622123636181,5.923495850840507e-06,-0.0005983350843246927,2.5265741931416355e-05,0.3142053615317189,0.3142053615317189,0.31592968864741305,0.31592968864741305,3474.820463021844,3474.820463021844,3095.4684975691316,3095.4684975691316,0.0,0.0,False
0.95,14.362854117899701,15.221346845388165,0.38156225798589927,3.234023617296223e-06,-0.0005980673358086943,2.8146244378581496e-05,0.31420520481550546,0.31420520481550546,0.31592978948070605,0.31592978948070605,3474.854940588803,3474.854940588803,3095.446314244673,3095.446314244673,0.0,0.0,False
0.96,14.515079176826555,15.22366490221262,0.3815622777374144,7.523837022755912e-07,-0.0005977748174014353,3.022956356192934e-05,0.31420505504404994,0.31420505504404994,0.3159298786357856,0.3159298786357856,3474.8878903090163,3474.8878903090163,3095.426700127174,3095.426700127174,0.0,0.0,False
0.97,14.667327415188225,15.225982732320475,0.38156227377958535,-1.505609657345367e-06,-0.0005974651962185115,3.157752634948425e-05,0.3142049136806596,0.3142049136806596,0.31592995596650636,0.31592995596650636,3474.9189902548883,3474.9189902548883,3095.4096873686044,3095.4096873686044,0.0,0.0,False
0.98,14.81959883071673,15.228300335560164,0.3815622484082273,-3.5288488974322526e-06,-0.0005971454974409217,3.225641359159308e-05,0.3142047818925855,0.3142047818925855,0.3159300215487404,0.3159300215487404,3474.947983631195,3474.947983631195,3095.395259277117,3095.395259277117,0.0,0.0,False
0.99,14.971893421142887,15.230617711840209,0.3815622040078502,-5.310652291834624e-06,-0.0005968220679168696,3.233535555115432e-05,0.31420466056761226,0.31420466056761226,0.31593007565241593,0.31593007565241593,3474.9746751253065,3474.9746751253065,3095.3833564684983,3095.3833564684983,0.0,0.0,False
1.0,15.124211184196877,15.2329348611247,0.38156214300897046,-6.848444265089056e-06,-0.0005965005550826446,3.188487393718304e-05,0.31420455033297123,0.31420455033297123,0.31593011871359195,0.31593011871359195,3474.998926746332,3474.998926746332,3095.3738830097755,3095.3738830097755,0.0,0.0,False
1.01,15.276552117608775,15.235251783428401,0.3815620678487773,-8.143405331742406e-06,-0.0005961858997038693,3.0975576516390095e-05,0.3142044515760153,0.3142044515760153,0.31593015130704105,0.31593015130704105,3475.02065327664,3475.02065327664,3095.366712450972,3095.366712450972,0.0,0.0,False
1.02,15.428916219109038,15.237568478811564,0.3815619809354189,-9.200099790321223e-06,-0.0005958823408949147,2.967700708473499e-05,0.3142043644661344,0.3142043644661344,0.3159301741197444,0.3159301741197444,3475.0398174504303,3475.0398174504303,3095.361693656238,3095.361693656238,0.0,0.0,False
1.03,15.581303486428931,15.23988494737456,0.38156188461608864,-1.002608885410336e-05,-0.0005955934318609733,2.8056650733454826e-05,0.31420428897743236,0.31420428897743236,0.3159301879256427,0.3159301879256427,3475.056424964885,3475.056424964885,3095.3586563586086,3095.3586563586086,0.0,0.0,False
1.04,15.733713917300904,15.242201189252425,0.38156178114902534,-1.063153638653614e-05,-0.0005953220648207866,2.6179091831382438e-05,0.31420422491173083,0.31420422491173083,0.31593019356192037,0.31593019356192037,3475.07051941922,3475.07051941922,3095.357416377522,3095.357416377522,0.0,0.0,False
1.05,15.886147509458905,15.244517204609433,0.38156167267946295,-1.1028813828213753e-05,-0.0005950705036048909,2.410531998863533e-05,0.3142041719215125,0.3142041719215125,0.3159301919070452,0.3159301919070452,3475.082177267251,3475.082177267251,3095.357780450062,3095.357780450062,0.0,0.0,False
1.06,16.03860426063865,15.246832993633765,0.3815615612195116,-1.1232110281942827e-05,-0.0005948404224809918,2.1892177436645224e-05,0.31420412953245985,0.31420412953245985,0.31593018386072597,0.31593018386072597,3475.0915028588356,3475.0915028588356,3095.3595506402908,3095.3595506402908,0.0,0.0,False
1.07,16.19108416857783,15.249148556532264,0.3815614486318886,-1.1257053070157092e-05,-0.0005946329498315263,1.959193975955271e-05,0.31420409716529574,0.31420409716529574,0.31593017032590137,0.31593017032590137,3475.0986236349413,3475.0986236349413,3095.362528301702,3095.362528301702,0.0,0.0,False
1.08,16.343587231016276,15.251463893525544,0.3815613366173724,-1.1120343407301438e-05,-0.0005944487153952817,1.725202072598069e-05,0.31420407415667456,0.31420407415667456,0.3159301521928224,0.3159301521928224,3475.1036855315997,3475.1036855315997,3095.366517579078,3095.366517579078,0.0,0.0,False
1.09,16.496113445696086,15.25377900484323,0.3815612267058072,-1.0839411153759905e-05,-0.000594287899882168,1.4914791074922856e-05,0.3142040597789162,0.3142040597789162,0.3159301303252518,0.3159301303252518,3475.106848638442,3475.106848638442,3095.371328444607,3095.371328444607,0.0,0.0,False
1.1,16.648662810361675,15.256093890719619,0.3815611202504508,-1.0432091947367874e-05,-0.0005941502858750671,1.2617500481324015e-05,0.3142040532584218,0.3142040532584218,0.315930105548761,0.315930105548761,3475.1082831472027,3475.1082831472027,3095.376779272584,3095.376779272584,0.0,0.0,False
1.11,16.80123532275979,15.258408551389627,0.3815610184254277,-9.916329354356574e-06,-0.0005940353090424519,1.0392291560303014e-05,0.31420405379264094,0.31420405379264094,0.31593007864107436,0.31593007864107436,3475.1081656189976,3475.1081656189976,3095.3826989636436,3095.3826989636436,0.0,0.0,False
1.12,16.953830980639548,15.260722987085177,0.3815609222260274,-9.309904046600419e-06,-0.0005939421087978214,8.266294615944725e-06,0.31420406056550676,0.31420406056550676,0.31593005032438215,0.31593005032438215,3475.1066755885163,3475.1066755885163,3095.3889286359304,3095.3889286359304,0.0,0.0,False
1.13,17.106449781752325,15.263037198031912,0.3815608324715688,-8.630191416401398e-06,-0.0005938695776548288,6.261791894731705e-06,0.3142040727612802,0.3142040727612802,0.3159300212595177,0.3159300212595177,3475.103992518358,3475.103992518358,3095.3953229061117,3095.3953229061117,0.0,0.0,False
1.14,17.259091723851732,15.265351184446367,0.38156074981054394,-7.893948472996752e-06,-0.0005938164086383764,4.396440331026765e-06,0.31420408957678186,0.31420408957678186,0.31592999204187594,0.31592999204187594,3475.1002931079934,3475.1002931079934,3095.401750787297,3095.401750787297,0.0,0.0,False
1.15,17.411756804693482,15.26766494653352,0.3815606747277434,-7.117130345719605e-06,-0.0005937811402202802,2.683542154202396e-06,0.31420411023201394,0.31420411023201394,0.31592996319893674,0.31592996319893674,3475.0957489569355,3475.0957489569355,3095.4080962339212,3095.4080962339212,0.0,0.0,False
1.16,17.564445022035272,15.269978484484774,0.3815606075530698,-6.314736244045007e-06,-0.0005937621983519889,1.1323532306171515e-06,0.31420413397919744,0.31420413397919744,0.31592993518924384,0.31592993518924384,3475.090524576566,3475.090524576566,3095.4142583663593,3095.4142583663593,0.0,0.0,False
1.17,17.717156373636637,15.272291798476294,0.3815605484717467,-5.5006842976044315e-06,-0.0005937579352651545,-2.515803797961191e-07,0.31420416011027585,0.31420416011027585,0.31592990840268426,0.31592990840268426,3475.0847757393153,3475.0847757393153,3095.420151409467,3095.420151409467,0.0,0.0,False
1.18,17.869890857258795,15.274604888667776,0.3815604975356382,-4.687714325713366e-06,-0.0005937666648026495,-1.4660664797256136e-06,0.3142041879629492,0.3142041879629492,0.3159298831619087,0.3159298831619087,3475.078648151182,3475.078648151182,3095.425704380095,3095.425704380095,0.0,0.0,False
1.19,18.02264847066446,15.27691775520153,0.38156045467540645,-3.8873172597564505e-06,-0.0005937866941271956,-2.5118994822341746e-06,0.3142042169253189,0.3142042169253189,0.315929859724734,0.315929859724734,3475.0722764298425,3475.0722764298425,3095.430860558529,3095.430860558529,0.0,0.0,False
1.2,18.175429211617704,15.279230398201937,0.3815604197132482,-3.1096896705157733e-06,-0.0005938163517316359,-3.3924891394957487e-06,0.3142042464392362,0.3142042464392362,0.31592983828736976,0.31592983828736976,3475.0657833680343,3475.0657833680343,3095.435576778657,3095.435576778657,0.0,0.0,False
1.21,18.32823307788374,15.281542817775215,0.38156039237596784,-2.3637116274059446e-06,-0.0005938540117437289,-4.1134917294560295e-06,0.3142042760024526,0.3142042760024526,0.3159298189883173,0.3159298189883173,3475.0592794604318,3475.0592794604318,3095.4398225701993,3095.4398225701993,0.0,0.0,False
1.22,18.481060067228746,15.283855014009463,0.3815603723081632,-1.6569459426620922e-06,-0.0005938981145790143,-4.682449358404883e-06,0.31420430516968334,0.31420430516968334,0.3159298019127945,0.3159298019127945,3475.0528626696687,3475.0528626696687,3095.4435791852097,3095.4435791852097,0.0,0.0,False
1.23,18.6339101774197,15.286166986974969,0.3815603590853203,-9.95656727977868e-07,-0.0005939471840477989,-5.1084422227556645e-06,0.3142043335526913,0.3142043335526913,0.3159297870975492,0.3159297870975492,3475.046618407921,3475.046618407921,3095.4468385391774,3095.4468385391774,0.0,0.0,False
1.24,18.7867834062242,15.288478736724768,0.38156035222663526,-3.848451033845576e-07,-0.000593999841066765,-5.401757882835184e-06,0.3142043608195051,0.3142043608195051,0.3159297745359335,0.3159297745359335,3475.0406197088832,3475.0406197088832,3095.44960209463,3095.44960209463,0.0,0.0,False
1.25,18.939679689465347,15.29076330988946,0.3815610813691515,0.0003870253380571818,-0.0005946615484981005,-0.0003268912672700509,0.31425903687909185,0.31425903687909185,0.3159297516018415,0.3159297516018415,3859.7689062142535,3859.7689062142535,3095.4546475948728,3095.4546475948728,0.0018034409982475073,0.0,False
1.26,19.092598063022688,15.292867136452157,0.3815850449395907,0.00601537887994606,-0.0006145836211584848,-0.004989140336349161,0.3150607062385643,0.3150607062385643,0.3159289808694872,0.3159289808694872,5021.744461288787,5021.744461288787,3095.624208712825,3095.624208712825,0.007886817426240566,0.0,False
1.27,19.245535944677147,15.294647208942878,0.38172962785310915,0.026054732066386536,-0.0007342699146864163,-0.021546908652814698,0.31794865581127874,0.31794865581127874,0.3159227598610166,0.3159227598610166,6650.956800214688,6650.956800214688,3096.9928305763538,3096.9928305763538,0.018180277630436403,0.0,False
1.28,19.398489683895903,15.296032262887536,0.38218087757079,0.06838843984341059,-0.001106973692887593,-0.05643328205481404,0.3241417854976533,0.3241417854976533,0.3159001937623282,0.3159001937623282,8446.875436894128,8446.875436894128,3101.9573722878004,3101.9573722878004,0.03253667384717205,0.0,False
1.29,19.551455226781425,15.297009635139329,0.3831865622012213,0.1373534234264092,-0.0019358387867340523,-0.11309072025196461,0.33441826416152,0.33441826416152,0.31584670869404197,0.31584670869404197,10192.93193615585,10192.93193615585,3113.7240873107708,3113.7240873107708,0.050749772962228386,0.0,False
1.3,19.704428601364295,15.297605136221115,0.3850199048943682,0.2338213295710985,-0.003443323884248622,-0.1920369894940373,0.34911210344682037,0.34911210344682037,0.3157490080904598,0.3157490080904598,11757.935523114058,11757.935523114058,3135.2182200988464,3135.2182200988464,0.07255726491552063,0.0,False
1.31,19.857406213977857,15.297866326345838,0.3879492562154257,0.3561177824369614,-0.005845551596252573,-0.2916312712770094,0.3682249862940834,0.3682249862940834,0.3155991511079509,0.3155991511079509,13072.32432220017,13072.32432220017,3168.186756250807,3168.186756250807,0.09764464230408415,0.0,False
1.32,20.010385008286615,15.297851801716291,0.39221758427339304,0.5009832352647078,-0.009334903902503007,-0.40888858108344933,0.3915461951117962,0.3915461951117962,0.315396252687237,0.315396252687237,14102.806171139562,14102.806171139562,3212.824408807868,3212.824408807868,0.12564985952606697,0.0,False
1.33,20.163362543859353,15.297625518823805,0.3980304056080646,0.6642798810681351,-0.01406985616163234,-0.5400950741347772,0.41874019237171234,0.41874019237171234,0.3151460281698141,0.3151460281698141,14834.26768769725,14834.26768769725,3267.873802640907,3267.873802640907,0.1561686818612453,0.0,False
1.34,20.31633703509812,15.297254220121136,0.40554934944152354,0.841419811160997,-0.020169798315741706,-0.6811957185345195,0.4493976575064507,0.4493976575064507,0.31485916034573475,0.31485916034573475,15259.854841026565,15259.854841026565,3330.9847239383594,3330.9847239383594,0.18876063405657142,0.0,False
1.35,20.46930737273945,15.296806295453639,0.41488892483097023,1.0275933732096774,-0.02771282383554704,-0.8280124005801422,0.4830599977933219,0.4830599977933219,0.31454943171940486,0.31454943171940486,15377.000307293667,15377.000307293667,3399.1250217309343,3399.1250217309343,0.2229554537355659,0.0,False
1.36,20.622273136560196,15.296351040218308,0.42611495796852056,1.2178883815123434,-0.036735153338213686,-0.9763636214772339,0.5192293160870558,0.5192293160870558,0.31423218183281054,0.31423218183281054,15186.739330035418,15186.739330035418,3468.919996781684,3468.919996781684,0.25825994940539854,0.0,False
1.37,20.775234600457882,15.295957827841022,0.4392439634659353,1.4073660577794225,-0.04723149770584007,-1.1221397229103038,0.557372801383409,0.557372801383409,0.31392325590258735,0.31392325590258735,14694.3184858011,14694.3184858011,3536.8837014307865,3536.8837014307865,0.2941651581370503,0.0,False
1.38,20.92819272824259,15.295695114979779,0.45424258180540183,1.5906540712419521,-0.05915555888630766,-1.2609693847405201,0.5969355481521318,0.5969355481521318,0.31363836523844296,0.31363836523844296,13907.992384770867,13907.992384770867,3599.559647542552,3599.559647542552,0.33015369535563577,0.0,False
1.39,21.081149174422332,15.295634579596312,0.4710097429426178,1.7602934189200508,-0.07240624309191729,-1.3868594082014245,0.6375899696868923,0.6375899696868923,0.3133933668852863,0.3133933668852863,12785.789042090388,12785.789042090388,3653.4592852370183,3653.4592852370183,0.365707192605485,0.0,False
1.4,21.23410637070054,15.295858936514714,0.489394787986683,1.9137404886013265,-0.08684380522419732,-1.4979917662706845,0.6788905331114734,0.6788905331114734,0.3132042728793973,0.3132042728793973,11313.104307829906,11313.104307829906,3695.0599665326013,3695.0599665326013,0.4003137345107003,0.0,False
1.41,21.387067552955394,15.29644201554219,0.5092180407235166,2.0472356862643397,-0.10230768582259217,-1.5916071980100919,0.7199587682676399,0.7199587682676399,0.313084668468723,0.313084668468723,9573.604648943394,9573.604648943394,3749.3402575323453,3749.3402575323453,0.43347515303556444,0.000127124184779126,False
1.42,21.5400363848567,15.297370590956083,0.5302628607936674,2.158059636362223,-0.11860495552466656,-1.6636918388310649,0.7598175069539977,0.7598175069539977,0.31323541037666464,0.31323541037666464,7677.230822335384,7677.230822335384,4421.981231118312,4421.981231118312,0.46471401069188584,0.0033353250635660635,False
1.43,21.693015647177504,15.298505812877375,0.5523164318418597,2.250138937764363,-0.13548183153156285,-1.7058599736098226,0.797568104622654,0.797568104622654,0.31473312083414284,0.31473312083414284,5722.645107357145,5722.645107357145,5739.350935198614,5739.350935198614,0.4935801278379137,0.010821079630500174,False
1.44,21.84600683904991,15.299744418387718,0.5752276762384819,2.330760566716668,-0.1525913161952054,-1.708909294798398,0.832449331304985,0.832449331304985,0.3190277365999926,0.3190277365999926,3785.6892402491794,3785.6892402491794,7358.936933636231,7358.936933636231,0.5196570096697539,0.022477449934702763,False
1.45,21.99901072371587,15.301040925064122,0.5989116893099012,2.404863664576298,-0.16950937344318742,-1.6665598866412346,0.8638566619974037,0.8638566619974037,0.327220533704625,0.327220533704625,1916.498011672938,1916.498011672938,9001.70680907439,9001.70680907439,0.542568016595917,0.03813738283678129,False
1.46,22.152027859572314,15.302400128658757,0.6232943025931774,2.4703344898984616,-0.18575114023580722,-1.5734505958617773,0.8917267572988428,0.8917267572988428,0.33988506117699907,0.33988506117699907,56.1390536312345,56.1390536312345,10492.018650337926,10492.018650337926,0.5619819348153484,0.05757605504217145,False
1.47,22.305058456256468,15.303672079144633,0.6483026980591265,2.5318813406956684,-0.20082601158923621,-1.4353900546898244,0.9167430866735584,0.9167430866735584,0.35715224995421235,0.35715224995421235,0.0,0.0,11739.590800228509,11739.590800228509,0.5776177803470646,0.08051402631888739,False
1.48,22.458100459697985,15.30469189143371,0.6739635049810258,2.6024179549882906,-0.21436375661515394,-1.2684301795833448,0.9408330352027886,0.9408330352027886,0.37885536356474137,0.37885536356474137,0.0,0.0,12708.406851327612,12708.406851327612,0.5892488022494239,0.10662084925259416,False
1.49,22.611151668362016,15.30552398497202,0.7003960846796722,2.686287856353022,-0.22613441341211046,-1.0832881640451748,0.9649339929191124,0.9649339929191124,0.4046530922351909,0.4046530922351909,0.0,0.0,13390.724733600535,13390.724733600535,0.5967061713361795,0.1355200228424661,False
1.5,22.764210530080007,15.306233246187142,0.7277286599447876,2.781916732099143,-0.2359909550263427,-0.8865316114060096,0.9892592507532998,0.9892592507532998,0.43411517320052434,0.43411517320052434,0.0,0.0,13789.47559568147,13789.47559568147,0.5998814905565598,0.16679460772634921,False
1.51,22.917276136961885,15.306883573903253,0.7560615525098746,2.885666896024475,-0.24384320818611058,-0.6832057621260818,1.0137783793892368,1.0137783793892368,0.46676805063433435,0.46676805063433435,0.0,0.0,13909.559237475085,13909.559237475085,0.6,0.19999331989558472,False
1.52,23.07034821458957,15.307537775980206,0.7854547792056495,2.9932475524905198,-0.24964801410679263,-0.47775481204468645,1.0383875652065933,1.0383875652065933,0.5021116366754941,0.5021116366754941,0.0,0.0,13755.601979947236,13755.601979947236,0.6,0.23463710022070877,False
1.53,23.223427111247634,15.308257561506876,0.8159244665861003,3.100218656500657,-0.2534051501092317,-0.2743525347992982,1.0629686427248104,1.0629686427248104,0.5396221319338853,0.5396221319338853,0.0,0.0,13332.864571990536,13332.864571990536,0.0,0.27022606180656955,False
1.54,23.376513786531554,15.309103820134847,0.8474383295721263,3.2006642106920915,-0.2551591184808039,-0.07842531747863597,1.0874085225062986,1.0874085225062986,0.5788138737323208,0.5788138737323208,0.0,0.0,12635.224481967745,12635.224481967745,0.0,0.3062467122867197,False
1.55,23.529609841393928,15.310146569245928,0.8798977303554097,3.2891016589542947,-0.25501515193632446,0.10504981323230234,1.1116055911685347,1.1116055911685347,0.6194759617485728,0.6194759617485728,0.0,0.0,11594.746681866432,11594.746681866432,0.0,0.34217935575705655,False
1.56,23.682717634437385,15.311463685319044,0.913172610563998,3.363164018612527,-0.253106396288255,0.27399634403684536,1.1354703767476366,1.1354703767476366,0.6609944211211316,0.6609944211211316,0.0,0.0,10232.45429011874,10232.45429011874,0.0,0.3775055769853077,False
1.57,23.83584024164169,15.313117940439552,0.9471000991340338,3.418972369691357,-0.24959538267717143,0.4249138069231776,1.1589242175524055,1.1589242175524055,0.7024218350464096,0.7024218350464096,0.0,0.0,8644.637367181907,8644.637367181907,0.0,0.41171564126087284,False
1.58,23.988981250215232,15.315148557156125,0.9814795369232396,3.4530659544845546,-0.24467871303389138,0.5546921093687261,1.18189907778106,1.18189907778106,0.742793426362997,0.742793426362997,0.0,0.0,6934.902341453628,6934.902341453628,0.0,0.4443157097332407,False
1.59,24.142144528070922,15.317573223818872,1.0160812512699318,3.463150365760279,-0.2385788762675152,0.6613076698196225,1.204337242235613,1.204337242235613,0.7812580366273797,0.7812580366273797,0.0,0.0,5186.891892335568,5186.891892335568,0.0,0.47483481795617766,False
1.6,24.295334034585288,15.320393505020057,1.050658754436393,3.448129867779871,-0.23153290238654667,0.7438500318248163,1.2261906434638115,1.2261906434638115,0.8171085734119795,0.8171085734119795,0.0,0.0,3459.054767222736,3459.054767222736,0.0,0.5028315496266283,False
1.61,24.448553686878572,15.323600177668979,1.084959632644807,3.4078624992506468,-0.22378226848197888,0.8022909387150079,1.2474199915187552,1.2474199915187552,0.8497687366253786,0.8497687366253786,0.0,0.0,1788.9492154882626,1788.9492154882626,0.0,0.527900323968507,False
1.62,24.601807279392162,15.327180146406176,1.1187192518528293,3.3389441443741954,-0.21557887535736195,0.8335473132985208,1.2679941503753183,1.2679941503753183,0.8789845643560191,0.8789845643560191,0.0,0.0,152.3822385464224,152.3822385464224,0.0,0.5496772108948665,False
1.63,24.755079321272696,15.32685094372068,1.1516496979208053,3.2440888186567456,-0.20719529884450918,0.8402697595985126,1.28789102997929,1.28789102997929,0.9054735936602099,0.9054735936602099,0.0,0.0,0.0,0.0,0.0,0.5678431587124368,True
1.64,24.908344109605032,15.326106734790818,1.1835659674868324,3.1382683548813506,-0.19880709783054867,0.8364867745859563,1.3070931711681715,1.3070931711681715,0.9311868137049003,0.9311868137049003,0.0,0.0,0.0,0.0,0.0,0.582131830033526,True
1.65,25.061601456209413,15.325362598128903,1.214406100102728,3.0296007706689245,-0.19047491790293272,0.8297509665616423,1.3255800580469397,1.3255800580469397,0.9571083477391251,0.9571083477391251,0.0,0.0,0.0,0.0,0.0,0.5923369874424524,True
1.66,25.214851361808474,15.324618533724415,1.2441578021592894,2.9208240462621005,-0.18221328711820692,0.8226021284498166,1.34332781584124,1.34332781584124,0.983455458130066,0.983455458130066,0.0,0.0,0.0,0.0,0.0,0.5983115563545837,True
1.67,25.368093827124724,15.323874541566823,1.272825149496387,2.8127989569016587,-0.17402149297325825,0.815850792362542,1.3603117874193147,1.3603117874193147,1.010192114720086,1.010192114720086,0.0,0.0,0.0,0.0,0.0,0.6,True
1.68,25.5213288528806,15.323130621645607,1.3004170178209469,2.7057385205671314,-0.1658941954639884,0.8097164745870179,1.3765083453574183,1.3765083453574183,1.0372066250015781,1.0372066250015781,0.0,0.0,0.0,0.0,0.0,0.6,True
1.69,25.67455643979839,15.322386773950248,1.3269431272049552,2.5996383567974477,-0.15782502786593267,0.8042210662304263,1.3918957312844786,1.3918957312844786,1.0643721207933112,1.0643721207933112,0.0,0.0,0.0,0.0,0.0,0.6,True
1.7,25.82777658860032,15.321642998470226,1.3524127479205759,2.4944266730049818,-0.14980777742613707,0.7993242393947027,1.406454309983244,1.406454309983244,1.091566371004441,1.091566371004441,0.0,0.0,0.0,0.0,0.0,0.0,True
1.71,25.980989300008478,15.320899295195034,1.3768343301796042,2.39001593421572,-0.14183673582093864,0.7949696009147813,1.4201665415976799,1.4201665415976799,1.118677561134819,1.118677561134819,0.0,0.0,0.0,0.0,0.0,0.0,True
1.72,26.134194574744875,15.320155664114145,1.4002154488810679,2.286320118045218,-0.13390676899192175,0.7911000334708477,1.433016838290041,1.433016838290041,1.1456053095728336,1.1456053095728336,0.0,0.0,0.0,0.0,0.0,0.0,True
1.73,26.28739241353137,15.319412105217053,1.4225628505777688,2.1832599817301683,-0.12601329579967246,0.7876624482671738,1.4449913843665396,1.4449913843665396,1.1722601371865404,1.1722601371865404,0.0,0.0,0.0,0.0,0.0,0.0,True
1.74,26.44058281708978,15.31866861849325,1.4438825288609152,2.0807642069823764,-0.11815224034763325,0.7846089395665828,1.4560779540258324,1.4560779540258324,1.1985624983139178,1.1985624983139178,0.0,0.0,0.0,0.0,0.0,0.0,True
1.75,26.59376578614178,15.317925203932225,1.464179803077285,1.9787691759427257,-0.11031997980203503,0.7818967515108234,1.466265740069002,1.466265740069002,1.2244417478959202,1.2244417478959202,0.0,0.0,0.0,0.0,0.0,0.0,True
1.76,26.746941321408947,15.317181861523476,1.4834593923141672,1.8772183367476791,-0.1025132947241611,0.7794878840512672,1.4755451978637701,1.4755451978637701,1.2498351652234623,1.2498351652234623,0.0,0.0,0.0,0.0,0.0,0.0,True
1.77,26.90010942361273,15.316438591256496,1.501725482484255,1.7760614876203047,-0.09472932387323664,0.7773486179837436,1.4839079051430801,1.4839079051430801,1.2746870673156825,1.2746870673156825,0.0,0.0,0.0,0.0,0.0,0.0,True
1.78,27.053270093474502,15.315695393120787,1.518981786340175,1.6752540880257891,-0.08696552374447754,0.7754490507576772,1.4913464368051537,1.4913464368051537,1.2989480154942936,1.2989480154942936,0.0,0.0,0.0,0.0,0.0,0.0,True
1.79,27.20642333171553,15.314952267105845,1.5352315968838028,1.5747566287630095,-0.07921963256927782,0.7737626702617755,1.4978542534225534,1.4978542534225534,1.3225741093605048,1.3225741093605048,0.0,0.0,0.0,0.0,0.0,0.0,True
1.8,27.359569139056983,15.314209213201174,1.550477834799647,1.4745340666161384,-0.07148963836077539,0.7722659720454331,1.5034256020879182,1.5034256020879182,1.3455263599208709,1.3455263599208709,0.0,0.0,0.0,0.0,0.0,0.0,True
1.81,27.512707516219894,15.313466231396282,1.5647230905466782,1.3745553205898264,-0.06377375057539879,0.7709381183857249,1.5080554282864551,1.5080554282864551,1.3677701334603563,1.3677701334603563,0.0,0.0,0.0,0.0,0.0,0.0,True
1.82,27.665838463925205,15.312723321680672,1.5779696616980732,1.2747928242858648,-0.056070374989326044,0.7697606355789035,1.511739297594383,1.511739297594383,1.389274658337494,1.389274658337494,0.0,0.0,0.0,0.0,0.0,0.0,True
1.83,27.81896198289376,15.311980484043856,1.5902195860611361,1.1752221286084763,-0.04837809142747828,0.768717145488814,1.5144733261209389,1.5144733261209389,1.4100125876339322,1.4100125876339322,0.0,0.0,0.0,0.0,0.0,0.0,True
1.84,27.972078073846305,15.311237718475347,1.6014746710527887,1.0758215492955332,-0.040695634021605816,0.767793127577724,1.5162541187254517,1.5162541187254517,1.4299596113476811,1.4299596113476811,0.0,0.0,0.0,0.0,0.0,0.0,True
1.85,28.125186737503455,15.31049502496465,1.6117365197534381,0.9765718542729999,-0.033021873710105266,0.7669757079878542,1.5170787141457243,1.5170787141457243,1.449094112520113,1.449094112520113,0.0,0.0,0.0,0.0,0.0,0.0,True
1.86,28.278287974585748,15.30975240350128,1.6210065540146275,0.8774559863525928,-0.02535580272470351,0.7662534726042664,1.5169445362685798,1.5169445362685798,1.4673968623181612,1.4673968623181612,0.0,0.0,0.0,0.0,0.0,0.0,True
1.87,28.4313817858136,15.309009854074757,1.6292860349535643,0.7784588172840735,-0.017696520838108264,0.7656163013706371,1.5158493508581794,1.5158493508581794,1.4848507496563548,1.4848507496563548,0.0,0.0,0.0,0.0,0.0,0.0,True
1.88,28.584468171907332,15.308267376674598,1.6365760811300156,0.679566929619312,-0.010043223172439122,0.7650552214380201,1.5137912271334237,1.5137912271334237,1.5014405414437424,1.5014405414437424,0.0,0.0,0.0,0.0,0.0,0.0,True
1.89,28.737547133587146,15.307524971290325,1.6428776846676427,0.5807684232440119,-0.002395189391047687,0.7645622770021363,1.5107685036531826,1.5107685036531826,1.5171526699847284,1.5171526699847284,0.0,0.0,0.0,0.0,0.0,0.0,True
1.9,28.890618671573154,15.306782637911464,1.6481917255522345,0.4820527437878898,0.0052482258834673536,0.7641304139293162,1.506779758028195,1.506779758028195,1.531975044456508,1.531975044456508,0.0,0.0,0.0,0.0,0.0,0.0,True
1.91,29.043682786585357,15.306040376527534,1.6525189843130048,0.3834105304392718,0.012887601564351371,0.7637533774879947,1.501823780031939,1.501823780031939,1.5458968837348066,1.5458968837348066,0.0,0.0,0.0,0.0,0.0,0.0,True
1.92,29.196739479343655,15.305298187128068,1.6558601532698078,0.28483348096978006,0.02052345763234079,0.7634256216946733,1.4958995477303572,1.4958995477303572,1.5589085681490116,1.5589085681490116,0.0,0.0,0.0,0.0,0.0,0.0,True
1.93,29.349788750567836,15.30455606970259,1.6582158465084436,0.18631423202289885,0.028156261813272056,0.7631422289532889,1.4890062062926483,1.4890062062926483,1.5710015080220594,1.5710015080220594,0.0,0.0,0.0,0.0,0.0,0.0,True
1.94,29.502830600977592,15.30381402424063,1.659586608727893,0.08784625294028478,0.0357864354986164,0.7628988388175236,1.4811430491829791,1.4811430491829791,1.5821680270935885,1.5821680270935885,0.0,0.0,0.0,0.0,0.0,0.0,True
1.95,29.655865031292493,15.303072050731727,1.6599729230870506,-0.010576248405109078,0.04341435899487965,0.7626915848389477,1.4723095014664356,1.4723095014664356,1.5924012591404093,1.5924012591404093,0.0,0.0,0.0,0.0,0.0,0.0,True
1.96,29.808892042232028,15.302330149165417,1.6593752181640964,-0.10895840912690506,0.05104037617803806,0.7625170385820051,1.4625051049923075,1.4625051049923075,1.6016950562994494,1.6016950562994494,0.0,0.0,0.0,0.0,0.0,0.0,True
1.97,29.961911634515577,15.30158831953123,1.6577938741288605,-0.20730478539842706,0.05866479862052464,0.7623721599914846,1.4517295052442427,1.4517295052442427,1.6100439077677413,1.6100439077677413,0.0,0.0,0.0,0.0,0.0,0.0,True
1.98,30.114923808862397,15.300846561818709,1.6552292282171743,-0.3056194181491535,0.06628790925060998,0.7622542533908035,1.4399824396703311,1.4399824396703311,1.6174428677042278,1.6174428677042278,0.0,0.0,0.0,0.0,0.0,0.0,True
1.99,30.26792856599166,15.300104876017388,1.651681579586147,-0.4039058913317836,0.0739099655972234,0.7621609284715462,1.4272637273270803,1.4272637273270803,1.6238874912913275,1.6238874912913275,0.0,0.0,0.0,0.0,0.0,0.0,True
2.0,30.420925906622422,15.299363262116815,1.647151193620379,-0.5021673836000828,0.08153120266723611,0.7620900657074412,1.4135732596898074,1.4135732596898074,1.6293737780322641,1.6293737780322641,0.0,0.0,0.0,0.0,0.0,0.0,True
2.01,30.57391583147364,15.298621720106542,1.6416383057512,-0.6004067141426609,0.08915183549688831,0.7620397856904235,1.3989109924984837,1.3989109924984837,1.6338981214648631,1.6338981214648631,0.0,0.0,0.0,0.0,0.0,0.0,True
2.02,30.726898341264157,15.297880249976112,1.6351431248439996,-0.6986263833335614,0.09677206141431009,0.7620084219435403,1.3832769385227306,1.3832769385227306,1.6374572645653112,1.6374572645653112,0.0,0.0,0.0,0.0,0.0,0.0,True
2.03,30.879873436712728,15.297138851715067,1.6276658362025052,-0.7968286087858185,0.10439206204589176,0.7619944968160669,1.366671161142692,1.366671161142692,1.6400482601976911,1.6400482601976911,0.0,0.0,0.0,0.0,0.0,0.0,True
2.04,31.032841118537988,15.296397525312965,1.6192066042333109,-0.8950153573278421,0.11201200509554168,0.7619967001110417,1.3490937686540752,1.3490937686540752,1.6416684360380553,1.6416684360380553,0.0,0.0,0.0,0.0,0.0,0.0,True
2.05,31.185801387458476,15.29565627075936,1.609765574809086,-0.9931883733636987,0.11963204592257454,0.7620138701351794,1.3305449092159451,1.3305449092159451,1.642315363466512,1.642315363466512,0.0,0.0,0.0,0.0,0.0,0.0,True
2.06,31.33875424419263,15.294915088043807,1.5993428773645395,-1.0913492040262291,0.1272523289410515,0.7620449768963308,1.3110247663689805,1.3110247663689805,1.641986829978149,1.641986829978149,0.0,0.0,0.0,0.0,0.0,0.0,True
2.07,31.49169968945877,15.29417397715586,1.5879386267553581,-1.1894992214856848,0.13487298886080615,0.7620891072048813,1.2905335550599981,1.2905335550599981,1.6406808147145093,1.6406808147145093,0.0,0.0,0.0,0.0,0.0,0.0,True
2.08,31.644637723975126,15.293432938085077,1.575552924906924,-1.2876396427355563,0.14249415178809333,0.7621454514631386,1.2690715181157894,1.2690715181157894,1.6383954667624077,1.6383954667624077,0.0,0.0,0.0,0.0,0.0,0.0,True
2.09,31.797568348459826,15.292691970821027,1.5621858622765876,-1.3857715471408911,0.1501159362017647,0.7622132919512778,1.246638923115667,1.246638923115667,1.635129085906902,1.635129085906902,0.0,0.0,0.0,0.0,0.0,0.0,True
2.1,31.950491563630873,15.291951075353264,1.5478375191505764,-1.4838958920021337,0.1577384538190713,0.7622919924401435,1.2232360596178322,1.2232360596178322,1.630880105560663,1.630880105560663,0.0,0.0,0.0,0.0,0.0,0.0,True
2.11,32.10340737020618,15.291210251671362,1.5325079667942416,-1.5820135263588997,0.165361810363594,0.7623809889804742,1.1988632366997056,1.1988632366997056,1.625647077623462,1.625647077623462,0.0,0.0,0.0,0.0,0.0,0.0,True
2.12,32.25631576890353,15.290469499764884,1.5161972684722278,-1.6801252032327358,0.17298610624638586,0.762479781735181,1.1735207807768353,1.1735207807768353,1.619428659053358,1.619428659053358,0.0,0.0,0.0,0.0,0.0,0.0,True
2.13,32.40921676044066,15.289728819623395,1.4989054803532784,-1.7782315904853796,0.18061143717015457,0.7625879277364467,1.147209033668993,1.147209033668993,1.6122235999559071,1.6122235999559071,0.0,0.0,0.0,0.0,0.0,0.0,True
2.14,32.562110345535174,15.288988211236477,1.4806330678757942,-1.8762489768352157,0.18823754984006996,0.7626351815884549,1.1199225236460961,1.1199225236460961,1.604030721489189,1.604030721489189,0.0,0.0,0.0,0.0,0.0,0.0,True
2.15,32.71499652490454,15.288247674593697,1.4613805242700189,-1.9742586215070392,0.1958641627791808,0.7626884583753869,1.0916553486231992,1.0916553486231992,1.5948488889617267,1.5948488889617267,0.0,0.0,0.0,0.0,0.0,0.0,True
2.16,32.867875299266174,15.287507209684629,1.441147917100204,-2.072261765465574,0.20349133929916485,0.7627478267130663,1.0624075086003024,1.0624075086003024,1.5846770533496206,1.5846770533496206,0.0,0.0,0.0,0.0,0.0,0.0,True
2.17,33.020746669337335,15.286766816498858,1.4199353092791152,-2.170258811587035,0.21111913835298513,0.7628129090827803,1.0321790035774054,1.0321790035774054,1.5735142378493916,1.5735142378493916,0.0,0.0,0.0,0.0,0.0,0.0,True
2.18,33.17361063583522,15.286026495025956,1.3977427600915642,-2.268250089261506,0.21874761549399657,0.762883396826643,1.0009698335545085,1.0009698335545085,1.5613595219863443,1.5613595219863443,0.0,0.0,0.0,0.0,0.0,0.0,True
2.19,33.32646719947687,15.285286245255506,1.3745703257762216,-2.3662358810760145,0.22637682342114257,0.7629590251439886,0.9687799985316117,0.9687799985316117,1.5482120325811066,1.5482120325811066,0.0,0.0,0.0,0.0,0.0,0.0,True
2.2,33.4793163609793,15.284546067177093,1.3504180599281028,-2.4642164345092064,0.23400681235610443,0.7630395621327669,0.9356094985087148,0.9356094985087148,1.5340709375005583,1.5340709375005583,0.0,0.0,0.0,0.0,0.0,0.0,True
2.21,33.632158121059355,15.283805960780303,1.3252860138159512,-2.5621919681355663,0.24163763034071087,0.7631248029758305,0.901458333485818,0.901458333485818,1.518935440729992,1.518935440729992,0.0,0.0,0.0,0.0,0.0,0.0,True
2.22,33.7849924804338,15.283065926054721,1.2991742366499037,-2.6601626756766987,0.2492693234877551,0.7632145661446399,0.8663265034629213,0.8663265034629213,1.5028047782172795,1.5028047782172795,0.0,0.0,0.0,0.0,0.0,0.0,True
2.23,33.93781943981931,15.28232596298994,1.272082775814023,-2.758128729089083,0.2569019361988908,0.7633086905058581,0.8302140084400246,0.8302140084400246,1.4856782142625031,1.4856782142625031,0.0,0.0,0.0,0.0,0.0,0.0,True
2.24,34.09063899993243,15.281586071575553,1.2440116770707923,-2.8560902811266646,0.26453551135625675,0.7634070329200544,0.7931208484171276,0.7931208484171276,1.4675550383429008,1.4675550383429008,0.0,0.0,0.0,0.0,0.0,0.0,True
2.25,34.243451161489624,15.280846251801151,1.2149609847418317,-2.954047467552397,0.27217009049181784,0.7635094661693538,0.7550470233942309,0.7550470233942309,1.4484345623070052,1.4484345623070052,0.0,0.0,0.0,0.0,0.0,0.0,True
2.26,34.39625592520725,15.280106503656326,1.1849307418679018,-3.0520004090784214,0.27980571393729925,0.7636158771393801,0.7159925333713341,0.7159925333713341,1.4283161178903632,1.4283161178903632,0.0,0.0,0.0,0.0,0.0,0.0,True
2.27,34.549053291801535,15.279366827130685,1.1539209903506722,-3.149949213079488,0.28744242095702965,0.7637261652136748,0.6759573783484375,0.6759573783484375,1.4071990545144288,1.4071990545144288,0.0,0.0,0.0,0.0,0.0,0.0,True
2.28,34.701843261988586,15.278627222213824,1.1219317710783547,-3.2478939751101317,0.29508024986566866,0.7638402408520187,0.6349415583255408,0.6349415583255408,1.3850827373359147,1.3850827373359147,0.0,0.0,0.0,0.0,0.0,0.0,True
2.29,34.85462583648447,15.277887688895337,1.0889631240370463,-3.3458347802494823,0.30271923813254215,0.7639580243302617,0.5929450733026442,0.5929450733026442,1.361966545518038,1.361966545518038,0.0,0.0,0.0,0.0,0.0,0.0,True
2.3,35.00740101600512,15.277148227164833,1.0550150884094043,-3.4437717042938103,0.3103594224741035,0.7640794446228415,0.5499679232797474,0.5499679232797474,1.3378498706985105,1.3378498706985105,0.0,0.0,0.0,0.0,0.0,0.0,True
2.31,35.160168801266366,15.276408837011921,1.0200877026620765,-3.5417048148142216,0.31800083893586517,0.7642044384116566,0.5060101082568508,0.5060101082568508,1.312732115632,1.312732115632,0.0,0.0,0.0,0.0,0.0,0.0,True
2.32,35.31292919298392,15.275669518426207,0.9841810046231704,-3.63963417209484,0.32564352296498955,0.7643329492069362,0.46107162823395414,0.46107162823395414,1.286612692987355,1.286612692987355,0.0,0.0,0.0,0.0,0.0,0.0,True
2.33,35.46568219187342,15.2749302713973,0.9472950315508799,-3.7375598299650155,0.33328750947459546,0.7644649265674132,0.4151524832110576,0.4151524832110576,1.2594910242821005,1.2594910242821005,0.0,0.0,0.0,0.0,0.0,0.0,True
2.34,35.61842779865038,15.274191095914812,0.9094298201942663,-3.835481836537552,0.3409328329007151,0.7646003254085595,0.3682526731881611,0.3682526731881611,1.2313665389387034,1.2313665389387034,0.0,0.0,0.0,0.0,0.0,0.0,True
2.35,35.771165982159495,15.273404091852566,0.8705854068470853,-3.9334002348635893,0.34857952725273234,0.7647391053889258,0.3204055866548021,0.3204055866548021,1.2022386734488577,1.2022386734488577,2110.7709359435366,2110.7709359435366,0.0,0.0,0.0,0.0,False
2.36,35.923890126189875,15.271072416996063,0.8307736854555249,-4.015961269523923,0.3562177528252174,0.7520994995962269,0.2783768996037106,0.2783768996037106,1.172106837881847,1.172106837881847,11357.082087183673,11357.082087183673,0.0,0.0,0.0,0.0,False
2.37,36.0765816487613,15.266998854077203,0.7907951155757803,-3.9639903962983483,0.363182207658797,0.6277456885190907,0.25040262897100674,0.25040262897100674,1.1409584553509993,1.1409584553509993,17511.42162637852,17511.42162637852,0.0,0.0,0.0,0.0,False
2.38,36.22922652624746,15.261849740371,0.751796051910738,-3.8224702305778573,0.3685224719940214,0.42925075307679195,0.2351098410564807,0.2351098410564807,1.108754698878899,1.108754698878899,20875.83496757425,20875.83496757425,0.0,0.0,0.0,0.0,False
2.39,36.38181699027688,15.2561982033542,0.7145611960388732,-3.616444261216365,0.3715888033529298,0.17734632007050033,0.22964950601098427,0.22964950601098427,1.075461640588415,1.075461640588415,22077.108677583463,22077.108677583463,0.0,0.0,0.0,0.0,False
2.4,36.534350155008894,15.250440140293831,0.6795770941493421,-3.377185791835143,0.37197846557467035,-0.10204768203460365,0.23023582614919474,0.23023582614919474,1.0410571033361204,1.0410571033361204,21948.11824717716,21948.11824717716,0.0,0.0,0.0,0.0,False
2.41,36.68682619420717,15.244798440178604,0.6470445006671021,-3.1294998149787228,0.3695257257169844,-0.38834425832948394,0.23388422859757627,0.23388422859757627,1.0055280723444082,1.0055280723444082,21145.469708533226,21145.469708533226,0.0,0.0,0.0,0.0,False
2.42,36.8392468628119,15.239376342788557,0.6169621956070094,-2.889034385568297,0.3642326783365821,-0.6685183406839573,0.23878760283705483,0.23878760283705483,0.9688650881321461,0.9688650881321461,20066.727375847942,20066.727375847942,0.0,0.0,0.0,0.0,False
2.43,36.99161458279463,15.234211947510019,0.5892114270861813,-2.6644672487977314,0.35619946678364367,-0.9353077398236422,0.24409207157093016,0.24409207157093016,0.9310573610752672,0.9310573610752672,18899.74425439537,18899.74425439537,0.0,0.0,0.0,0.0,False
2.44,37.143932019781886,15.229324642014804,0.5635805640968502,-2.4660941623804633,0.3456039722635535,-1.1801054861683276,0.24999594590012003,0.24999594590012003,0.8920908120088848,0.8920908120088848,17600.891901973595,17600.891901973595,0.0,0.0,0.0,0.0,False
2.45,37.29620215656314,15.224761591441695,0.5398096850456822,-2.2919396646488472,0.33266452965991716,-1.4045343248515374,0.2570451829829861,0.2570451829829861,0.851949340179803,0.851949340179803,16050.059743743057,16050.059743743057,0.0,0.0,0.0,0.0,False
2.46,37.44842850597033,15.220573835162487,0.5176631371831807,-2.141427277880868,0.31757950635109444,-1.6090549463205943,0.2648911688738818,0.2648911688738818,0.8106146780445559,0.8106146780445559,14323.942847746006,14323.942847746006,0.0,0.0,0.0,0.0,False
2.47,37.60061496745974,15.216785257520172,0.4968974711903321,-2.015983144064569,0.3005537942853806,-1.7924944363280957,0.27288964164283386,0.27288964164283386,0.7680682906373094,0.7680682906373094,12564.278838576554,12564.278838576554,0.0,0.0,0.0,0.0,False
2.48,37.75276552016295,15.213388604546639,0.4772574462632729,-1.91629603463886,0.28180178979557824,-1.9543256860635787,0.28047559286788815,0.28047559286788815,0.724294425700613,0.724294425700613,10895.369569064611,10895.369569064611,0.0,0.0,0.0,0.0,False
2.49,37.90488394511644,15.210353187771572,0.45848806538371084,-1.8416122440926321,0.26153711643593547,-2.095241510977677,0.2872832014086166,0.2872832014086166,0.6792823285166147,0.6792823285166147,9397.695690104358,9397.695690104358,0.0,0.0,0.0,0.0,False
2.5,38.05697364208108,15.20763507801183,0.44034841506098277,-1.7899394633991668,0.23996097900052646,-2.2169721071549455,0.29314241284500436,0.29314241284500436,0.6330272795437897,0.6330272795437897,8108.669174099044,8108.669174099044,0.0,0.0,0.0,0.0,False
2.51,38.20903754241237,15.205185742281847,0.4226216906568793,-1.75853347583007,0.21725380498558328,-2.3218705681290337,0.298029366526381,0.298029366526381,0.5855306648714588,0.5855306648714588,7033.539364196181,7033.539364196181,0.0,0.0,0.0,0.0,False
2.52,38.3610780948101,15.202957932247001,0.40512028578100473,-1.7443680409415008,0.1935710677168744,-2.412516474499589,0.3020103735511546,0.3020103735511546,0.5367994297782276,0.5367994297782276,6157.717818745987,6157.717818745987,0.0,0.0,0.0,0.0,False
2.53,38.51309729660492,15.200908990194252,0.3876867748412269,-1.7444784155055222,0.16904256289811564,-2.4914280820126002,0.30519613913639476,0.30519613913639476,0.48684524579217986,0.48684524579217986,5456.8493899931555,5456.8493899931555,0.0,0.0,0.0,0.0,False
2.54,38.66509674785079,15.199002225470302,0.3701921685138392,-1.7561657134714381,0.1437739613761554,-2.560892644154368,0.30771043487374883,0.30771043487374883,0.43568363635359314,0.43568363635359314,4903.704327775261,4903.704327775261,0.0,0.0,0.0,0.0,False
2.55,38.81707771248663,15.197207059778922,0.3525327152909299,-1.777089267277466,0.11784956096000913,-2.622891175029821,0.30967168831196235,0.30967168831196235,0.38333320755058214,0.38333320755058214,4472.228571368288,4472.228571368288,0.0,0.0,0.0,0.0,False
2.56,38.969041177215345,15.19553630615382,0.3346261863044816,-1.8052835841783186,0.09133544937651532,-2.6790863793020305,0.3111840636561328,0.3111840636561328,0.3298150478325153,0.3298150478325153,4139.505995650782,4139.505995650782,40.68947684663593,40.68947684663593,0.0,0.0,False
2.57,39.121006542311626,15.197122231950223,0.3164789628951117,-1.8124567435532888,0.06434868147819904,-2.7059375544713657,0.31233313540276736,0.31233313540276736,0.2792275730664782,0.2792275730664782,3886.7102113911847,3886.7102113911847,11169.933925374795,11169.933925374795,0.0,0.0,False
2.58,39.27297650005183,15.19658530897309,0.2987307372598995,-1.7178925644669996,0.03757655636134049,-2.6279371029237364,0.31321188783707204,0.31321188783707204,0.24429490330287115,0.24429490330287115,3693.3846758441537,3693.3846758441537,18855.12127336835,18855.12127336835,0.0,0.0,False
2.59,39.42493410926273,15.194802571645994,0.28248042629599074,-1.5166478044187788,0.012170633800984045,-2.4372034620076524,0.3143024120576666,0.3143024120576666,0.22703868023783183,0.22703868023783183,3453.469347313346,3453.469347313346,22651.490347677,22651.490347677,0.0,0.0,False
2.6,39.57687108672281,15.192570326435732,0.2686369032253492,-1.2438269142828136,-0.010919241782556259,-2.171939813800469,0.3158049024502915,0.3158049024502915,0.22271919505260693,0.22271919505260693,3122.921460935868,3122.921460935868,23601.77708842648,23601.77708842648,0.0,0.0,False
2.61,39.72878577831472,15.19040790681049,0.2576999910093511,-0.9417619199860108,-0.03115440318873791,-1.8721272240802775,0.3175006697069943,0.3175006697069943,0.2257354818896396,0.2257354818896396,2749.8526644612552,2749.8526644612552,22938.193984279293,22938.193984279293,0.0,0.0,False
2.62,39.8806803588298,15.188574040521765,0.24979178416194553,-0.6421792721167768,-0.04834356650554491,-1.5664273792307994,0.31912347313226985,0.31912347313226985,0.2319703359732189,0.2319703359732189,2392.835910900636,2392.835910900636,21566.52608589185,21566.52608589185,0.0,0.0,False
2.63,40.032558657414754,15.187157191305753,0.24478381930817955,-0.3650216806897388,-0.06252224750916718,-1.2731595398147646,0.32050416677526034,0.32050416677526034,0.23917355812996507,0.23917355812996507,2089.08330944273,2089.08330944273,19981.817211407688,19981.817211407688,0.0,0.0,False
2.64,40.18442496983494,15.186182055647999,0.24236255587915054,-0.12511905051936698,-0.0739008085680368,-1.006839477691185,0.3215842511489733,0.3215842511489733,0.24730546859468108,0.24730546859468108,1851.4647472258728,1851.4647472258728,18192.796909170163,18192.796909170163,0.0,0.0,False
2.65,40.336283912078194,15.185690292064834,0.24216990645593298,0.08112241788257347,-0.08274150281498188,-0.7654546770767632,0.32237890391063784,0.32237890391063784,0.25656532475319743,0.25656532475319743,1676.6411396596793,1676.6411396596793,16155.628554296569,16155.628554296569,0.0,0.0,False
2.66,40.488140482708694,15.185709263862043,0.24387527617571475,0.2544371922472863,-0.08929606985628044,-0.5499235014009114,0.3229306638977005,0.3229306638977005,0.26625176430519343,0.26625176430519343,1555.2539425058987,1555.2539425058987,14024.61185285745,14024.61185285745,0.0,0.0,False
2.67,40.6399997679774,15.186228269773531,0.2471487976798858,0.39485124694979423,-0.09383127079222021,-0.36172261721337723,0.3232845920300197,0.3232845920300197,0.27554724454457513,0.27554724454457513,1477.3897533956715,1477.3897533956715,11979.606200193475,11979.606200193475,0.0,0.0,False
2.68,40.791866569231594,15.187202951290416,0.2516673064910125,0.5038228566654919,-0.096621558449952,-0.2007728453831218,0.3234787985757493,0.3234787985757493,0.2838671685067611,0.2838671685067611,1434.6643133351588,1434.6643133351588,10149.222928512565,10149.222928512565,0.0,0.0,False
2.69,40.943745131999634,15.188568924390196,0.2571305283965323,0.5844109615677217,-0.09793170723018506,-0.06527856764140937,0.3235420505458972,0.3235420505458972,0.29092493838217287,0.29092493838217287,1420.7488799026225,1420.7488799026225,8596.513555921973,8596.513555921973,0.0,0.0,False
2.7,41.09563901461619,15.19025507497663,0.2632744967398807,0.6407012088832327,-0.09800222938225486,0.04770070081090288,0.32349462197665957,0.32349462197665957,0.2966748832361992,0.2966748832361992,1431.1831651348982,1431.1831651348982,7331.525688036173,7331.525688036173,0.0,0.0,False
2.71,41.247551071889724,15.192193022690885,0.2698783588125612,0.6771265907860192,-0.09704137381694025,0.14157299468807266,0.323350459904416,0.323350459904416,0.3012231763976607,0.3012231763976607,1462.8988210284788,1462.8988210284788,6330.901192514645,6330.901192514645,0.0,0.0,False
2.72,41.39948351200753,15.194322393415085,0.2767650617713653,0.6979451352423459,-0.09522324614868659,0.21968921975953928,0.323119591595833,0.323119591595833,0.30474871068194037,0.30474871068194037,1513.6898489167484,1513.6898489167484,5555.283649973122,5555.283649973122,0.0,0.0,False
2.73,41.55143798883482,15.196592822367466,0.2837978945004449,0.7069328599139258,-0.09269011655415516,0.28503006856895247,0.3228101835146881,0.3228101835146881,0.30744770917457054,0.30744770917457054,1581.7596267686217,1581.7596267686217,4961.503981594485,4961.503981594485,0.0,0.0,False
2.74,41.70341570290008,15.198963879182186,0.29087491473106436,0.7072587207182214,-0.08955691133660529,0.34007360600518705,0.32242999807016165,0.32242999807016165,0.3095017671155062,0.3095017671155062,1665.4004245644405,1665.4004245644405,4509.6112345886395,4509.6112345886395,0.0,0.0,False
2.75,41.85541749556827,15.201403922966028,0.2979227863428138,0.7014814795151586,-0.08591636622733566,0.38678534371780493,0.32198722421426834,0.32198722421426834,0.3110636203942715,0.3110636203942715,1762.8106728609682,1762.8106728609682,4166.003513260276,4166.003513260276,0.0,0.0,False
2.76,42.00744392943277,15.203888580137292,0.3048909569619745,0.6916127550856976,-0.08184390069878275,0.4266758673687654,0.32149079071070796,0.32149079071070796,0.3122541496776171,0.3122541496776171,1872.0260436442516,1872.0260436442516,3904.087070924239,3904.087070924239,0.0,0.0,False
2.77,42.15949535337159,15.206399245721624,0.3117466215356323,0.6792058299043144,-0.07740175389743305,0.46088547649410927,0.3209503223313706,0.3209503223313706,0.31316532497372507,0.31316532497372507,1990.9290870984696,1990.9290870984696,3703.6285057804885,3703.6285057804885,0.0,0.0,False
2.78,42.31157195357704,15.208921794376394,0.31847059482589185,0.6654457102797924,-0.07264224936441882,0.4902707585064355,0.320375894944696,0.320375894944696,0.3138654952680598,0.3138654952680598,2117.3031121668873,2117.3031121668873,3549.5910410268493,3549.5910410268493,0.0,0.0,False
2.79,42.46367379300128,15.211445553947494,0.32505403631280394,0.6512283282196928,-0.06761024153985824,0.5154803394467424,0.3197777120863184,0.3197777120863184,0.31440493810992226,0.31440493810992226,2248.903341009958,2248.903341009958,3430.913615817106,3430.913615817106,0.0,0.0,False
2.8,42.615800841795014,15.213962524323106,0.33149589365915044,0.6372248429936049,-0.0623448801681651,0.5370152817598655,0.31916578402325246,0.31916578402325246,0.31482067512697504,0.31482067512697504,2383.5275148844617,2383.5275148844617,3339.4514720654956,3339.4514720654956,0.0,0.0,False
2.81,42.76795300273018,15.216467852911794,0.3377943312831234,0.6216377035781779,-0.056886999537450175,0.5531332082865047,0.3185497952584788,0.3185497952584788,0.31524027331925475,0.31524027331925475,2519.0450431346635,2519.0450431346635,3247.139869763959,3247.139869763959,0.0,0.0,False
2.82,42.9201302030234,15.21897520589885,0.3439183196131114,0.6028839043346634,-0.05130490819219541,0.5623792275120706,0.3179405655790518,0.3179405655790518,0.31621502642658184,0.31621502642658184,2653.075572608604,2653.075572608604,3032.6941861519995,3032.6941861519995,0.0,0.0,False
2.83,43.072332626221765,15.221518059110412,0.34984701514355837,0.5825504124339713,-0.04565691873933407,0.5663002986228094,0.31734895083001424,0.31734895083001424,0.31784122780983187,0.31784122780983187,2783.23081739687,2783.23081739687,2674.9298818369916,2674.9298818369916,0.0,0.0,False
2.84,43.22456077458173,15.224123442172584,0.3555610566470812,0.5597321455013469,-0.039999064690703336,0.5641716540991643,0.31678374206945975,0.31678374206945975,0.3198253673104422,0.3198253673104422,2907.576744718858,2907.576744718858,2238.4191917027197,2238.4191917027197,0.0,0.0,False
2.85,43.37681534131785,15.226802225357085,0.36102933834856266,0.5332424972969892,-0.03439681065599765,0.5550700135314484,0.31625244688144366,0.31625244688144366,0.32183652481551317,0.32183652481551317,3024.461686082398,3024.461686082398,1795.964540587106,1795.964540587106,0.0,0.0,False
2.86,43.52909705442686,15.229551339404033,0.36621176308185527,0.5025352923935673,-0.028921913153187824,0.5387187065609818,0.3157617742178624,0.3157617742178624,0.32364391075641624,0.32364391075641624,3132.409672070278,3132.409672070278,1398.3396335884302,1398.3396335884302,0.0,0.0,False
2.87,43.68140656515202,15.23235946861805,0.37106654547956,0.4677950877653964,-0.02364518801306914,0.51555831206086,0.31531722762517134,0.31531722762517134,0.3251330735400435,0.3251330735400435,3230.2099224623094,3230.2099224623094,1070.7238211904323,1070.7238211904323,0.0,0.0,False
2.88,43.83374439208575,15.235212088799873,0.37555647018172916,0.42970367711480023,-0.018630367290335893,0.48651907614455703,0.3149224642023823,0.3149224642023823,0.32627417643196543,0.32627417643196543,3317.0578754758994,3317.0578754758994,819.6811849676078,819.6811849676078,0.0,0.0,False
2.89,43.98611090645647,15.238094618345968,0.3796524736988392,0.38916934645243956,-0.01393054444628939,0.4527593176146634,0.31457896808463276,0.31457896808463276,0.327083797611627,0.327083797611627,3392.627021380796,3392.627021380796,641.5645254420676,641.5645254420676,0.0,0.0,False
2.9,44.13850634000703,15.24099387573397,0.3833348563601531,0.3471321164169773,-0.0095869244523591,0.4154739004209652,0.3142861738696571,0.3142861738696571,0.3275968703505746,0.3275968703505746,3457.041748675436,3457.041748675436,528.6885228735894,528.6885228735894,0.0,0.0,False
2.91,44.29093080157399,15.243898470584357,0.3865930113695016,0.30445967224705917,-0.005629057942168411,0.37578705765576714,0.3140419000243093,0.3140419000243093,0.32785122841185854,0.32785122841185854,3510.7819946519535,3510.7819946519535,472.72974939112424,472.72974939112424,0.0,0.0,False
2.92,44.44338429470088,15.246798697981754,0.3894244692714549,0.2619092586457941,-0.0020758105174573274,0.3347078517105414,0.31384288137566596,0.31384288137566596,0.32788147185972794,0.32788147185972794,3554.566097353492,3554.566097353492,466.0761908598576,466.0761908598576,0.0,0.0,False
2.93,44.59586673329902,15.249686295642173,0.39183376254679075,0.2201252524737633,0.0010634202295240426,0.2931210291780698,0.31368524364832867,0.31368524364832867,0.3277179484352104,0.3277179484352104,3589.246397367696,3589.246397367696,502.05134425371443,502.05134425371443,0.0,0.0,False
2.94,44.74837795495032,15.252554230323145,0.3938313475741661,0.17965026707690593,0.003787484490736454,0.25179290987393493,0.31356485071323975,0.31356485071323975,0.3273877138591596,0.3273877138591596,3615.732843087258,3615.732843087258,574.7029509848911,574.7029509848911,0.0,0.0,False
2.95,44.90091773243461,15.255396557214723,0.3954326518867186,0.1409378555458068,0.006102343258390796,0.21138090058188422,0.31347752350113217,0.31347752350113217,0.32691574287268055,0.32691574287268055,3634.9448297509257,3634.9448297509257,678.5365680102828,678.5365680102828,0.0,0.0,False
2.96,45.05348578417151,15.258208339097909,0.3966572359041761,0.1043624033045388,0.008020023195654724,0.17244197574884162,0.3134191632471683,0.3134191632471683,0.32632572434445295,0.32632572434445295,3647.7840856229805,3647.7840856229805,808.3406442203544,808.3406442203544,0.0,0.0,False
2.97,45.20608178403512,15.260985597153852,0.3975280371815739,0.07022586583877023,0.00955764661647701,0.13543925400690063,0.3133858175743579,0.3133858175743579,0.32564036336140917,0.32564036336140917,3655.120133641264,3655.120133641264,959.1200604899864,959.1200604899864,0.0,0.0,False
2.98,45.35870537073391,15.263725270104091,0.3980706708841887,0.03876250283313707,0.010736520203651548,0.10074732411019635,0.3133737190919805,0.3133737190919805,0.32488134325159956,0.32488134325159956,3657.781799764299,3657.781799764299,1126.1044846480995,1126.1044846480995,0.0,0.0,False
2.99,45.51135615676431,15.266425168439255,0.398312772929175,0.010142856086738622,0.011581274560095632,0.06865722019421099,0.3133793136522406,0.3133793136522406,0.324069129010238,0.324069129010238,3656.550996507074,3656.550996507074,1304.791617747646,1304.791617747646,0.0,0.0,False
3.0,45.66403373685989,15.269083919023597,0.3982833827610483,-0.015522206194688798,0.012119054529333822,0.03938167370319132,0.31339928521756444,0.31339928521756444,0.32322274235897763,0.32322274235897763,3652.157252135827,3652.157252135827,1490.9966810249243,1490.9966810249243,0.0,0.0,False
3.01,45.816737695838654,15.271700900464195,0.3980123685594154,-0.03817701921482546,0.01237876467069107,0.013060911255593773,0.3134305782739868,0.3134305782739868,0.32235957651416,0.32235957651416,3645.272779722909,3645.272779722909,1680.8931668848093,1680.8931668848093,0.0,0.0,False
3.02,45.969467615768195,15.274276171785402,0.3975298995348188,-0.057816184939617564,0.012390375536059798,-0.010230997495853909,0.3134704163104807,0.3134704163104807,0.3214952733116591,0.3214952733116591,3636.5084116942435,3636.5084116942435,1871.0398714349985,1871.0398714349985,0.0,0.0,False
3.03,46.12222308239629,15.276810397302718,0.3968659694632888,-0.07447928706553436,0.012184295635643192,-0.030479378826757417,0.3135163146810265,0.3135163146810265,0.3206436607588036,0.3206436607588036,3626.4107701741787,3626.4107701741787,2058.3946330632175,2058.3946330632175,0.0,0.0,False
3.04,46.27500369082173,15.279304770147654,0.3960499741295008,-0.08824542172875094,0.011790812319091036,-0.04772196391705706,0.31356608690406057,0.31356608690406057,0.3198167399131966,0.3198167399131966,3615.460881106678,3615.460881106678,2240.3172190967534,2240.3172190967534,0.0,0.0,False
3.05,46.42780905040147,15.281760936273837,0.3951103437390879,-0.09922769578872781,0.01123960297141038,-0.062041844283990975,0.3136178443213729,0.3136178443213729,0.31902470923941434,0.31902470923941434,3604.074249297964,3604.074249297964,2414.563967328849,2414.563967328849,0.0,0.0,False
3.06,46.580638788905944,15.284180920250893,0.3940742299972415,-0.10756781241700566,0.010559316290440506,-0.07356052211206683,0.31366998967168436,0.31366998967168436,0.31827601705418085,0.31827601705418085,3592.6022722294447,3592.6022722294447,2579.2762480802166,2579.2762480802166,0.0,0.0,False
3.07,46.733492555945176,15.286567053792211,0.39296724651677933,-0.11343083200607602,0.009777222085611187,-0.08243117281543264,0.3137212054647059,0.3137212054647059,0.31757743546715855,0.31757743546715855,3581.334797764708,3581.334797764708,2732.9641972251216,2732.9641972251216,0.0,0.0,False
3.08,46.88637002569706,15.28892190773502,0.39181326046695186,-0.11700017214437076,0.00891892700280399,-0.08883221044279346,0.3137704381393679,0.3137704381393679,0.3169341512534904,0.3169341512534904,3570.503609339067,3570.503609339067,2874.486724232117,2874.486724232117,0.0,0.0,False
3.09,47.039270898975,15.291248228043461,0.39063423282576487,-0.11847289370494113,0.008008152783452413,-0.09296122554573077,0.31381687895613386,0.31381687895613386,0.3163498702334445,0.3163498702334445,3560.286629650554,3560.286629650554,3003.0285486422094,3003.0285486422094,0.0,0.0,False
3.1,47.192194904677706,15.293548876294237,0.3894501041886754,-0.1180553086404487,0.007066573055064587,-0.09502934869717297,0.31385994248759147,0.31385994248759147,0.3158269322450697,0.3158269322450697,3550.81265272988,3550.81265272988,3118.0749060846715,3118.0749060846715,0.0,0.0,False
3.11,47.345141800667896,15.295826775005027,0.3882787227751631,-0.11595893647872088,0.006113704187911304,-0.09525607932646478,0.3138992434790161,0.3138992434790161,0.3153664339857592,0.3153664339857592,3542.1664346164616,3542.1664346164616,3219.3845231329797,3219.3845231329797,0.0,0.0,False
3.12,47.498111374129394,15.298084858068494,0.3871358110420257,-0.11239682918034241,0.005166845416193317,-0.09386460769968422,0.3139345727681815,0.3139345727681815,0.31496835708982196,0.31496835708982196,3534.3939910000768,3534.3939910000768,3306.961440239172,3306.961440239172,0.0,0.0,False
3.13,47.65110344145506,15.300326026458253,0.38603496715005886,-0.10758027718882118,0.004241063198486028,-0.09107764706235788,0.31396587288184186,0.31396587288184186,0.31463169891829307,0.31463169891829307,3527.507965994795,3527.507965994795,3381.0262379755286,3381.0262379755286,0.0,0.0,False
3.14,47.80411784771843,15.302553109279959,0.3849876974354031,-0.10171590296872944,0.003349214672761556,-0.08711378295932433,0.31399321385951384,0.31399321385951384,0.3143546037040351,0.3143546037040351,3521.492950906958,3521.492950906958,3441.9871851122775,3441.9871851122775,0.0,0.0,False
3.15,47.95715446578244,15.304768830154165,0.3840034760051095,-0.09500314215415467,0.002502005037722774,-0.08218433757724222,0.31401676978799087,0.31401676978799087,0.3141344919172571,0.3141344919172571,3516.310646642012,3516.310646642012,3490.4117782034373,3490.4117782034373,0.0,0.0,False
3.16,48.11021319509842,15.306975778839597,0.3830898276040752,-0.0876321067615282,0.0017080737556950606,-0.07649073872891225,0.31403679645962934,0.31403679645962934,0.3139681859755789,0.3139681859755789,3511.9047788815483,3511.9047788815483,3526.999085372644,3526.999085372644,0.0,0.0,False
3.17,48.26329396024685,15.309176387937343,0.3822524299817253,-0.07978181987810874,0.0009741046129285085,-0.07022237592024477,0.31405361049383806,0.31405361049383806,0.3138520306988109,0.3138520306988109,3508.2056913556294,3508.2056913556294,3552.553246261605,3552.553246261605,0.0,0.0,False
3.18,48.41639670926969,15.3113729144587,0.38149523211505254,-0.07161880688760734,0.0003049548800328807,-0.06355491987272129,0.31406757018623566,0.31406757018623566,0.31378200718620064,0.31378200718620064,3505.134559028159,3505.134559028159,3567.958419035863,3567.958419035863,0.0,0.0,False
3.19,48.56952141184156,15.313567425991216,0.38082058481278935,-0.06329602465574256,-0.0002962009228084541,-0.05664907692968211,0.31407905827628935,0.31407905827628935,0.3137538390626565,0.3137538390626565,3502.607179216347,3502.607179216347,3574.155406215568,3574.155406215568,0.0,0.0,False
3.2,48.72266805732439,15.315761791159353,0.380229380426546,-0.05495210715472927,-0.0008277168453433384,-0.04964974592527397,0.3140884667545473,0.3140884667545473,0.3137630902941995,0.3137630902941995,3500.5373139995922,3500.5373139995922,3572.120135276109,3572.120135276109,0.0,0.0,False
3.21,48.87583665274678,15.317957674046262,0.37972119862191306,-0.046710903721170746,-0.001289314761862076,-0.0426855422819204,0.31409618376693615,0.31409618376693615,0.313805254008089,0.313805254008089,3498.8395712740494,3498.8395712740494,3562.844118220422,3562.844118220422,0.0,0.0,False
3.22,49.02902722074579,15.320156532222166,0.37929445540942347,-0.03868128447151718,-0.001681920548926244,-0.035868652247678455,0.31410258261740975,0.31410258261740975,0.3138758319678187,0.3138758319678187,3497.4318241698575,3497.4318241698575,3547.3169670798875,3547.3169670798875,0.0,0.0,False
3.23,49.182239797505645,15.322359618010978,0.3789465528960059,-0.030957186294349768,-0.0020075002977271205,-0.029294979199288633,0.3141080128222181,0.3141080128222181,0.3139704045465179,0.3139704045465179,3496.237179112017,3496.237179112017,3526.51099976606,3526.51099976606,0.0,0.0,False
3.24,49.33547443072373,15.324567982620065,0.3786740274867209,-0.02361787224913343,-0.002268899290179939,-0.023044543724798684,0.31411279312934287,0.31411279312934287,0.31408469121385596,0.31408469121385596,3495.185511544572,3495.185511544572,3501.367932951692,3501.367932951692,0.0,0.0,False
3.25,49.488731177630484,15.326782482757507,0.3784726945392692,-0.016728377076200788,-0.0024696860867986677,-0.017182099664262273,0.3141172063849302,0.3141172063849302,0.3142146017014148,0.3142146017014148,3494.2145953153636,3494.2145953153636,3472.787625688748,3472.787625688748,0.0,0.0,False
3.26,49.6420101030866,15.329003789366318,0.37833778774558835,-0.01034011181193024,-0.0026140037009622086,-0.011757929332132358,0.31412149610430595,0.31412149610430595,0.3143562781401059,0.3143562781401059,3493.270857052694,3493.270857052694,3441.618809176702,3441.618809176702,0.0,0.0,False
3.27,49.795311277776435,15.331232398114947,0.3782640917819367,-0.00449160115588625,-0.002706429473713439,-0.006808782677545547,0.3141258645876496,0.3141258645876496,0.314506128571282,0.314506128571282,3492.3097907170973,3492.3097907170973,3408.6517143179594,3408.6517143179594,0.0,0.0,False
3.28,49.94863477651373,15.333468641297491,0.3782460670277996,0.0007906717968536144,-0.002751844920154949,-0.002358927070150502,0.31413047240890346,0.31413047240890346,0.31466085232170293,0.31466085232170293,3491.2960700412423,3491.2960700412423,3374.6124892253583,3374.6124892253583,0.0,0.0,False
3.29,50.10198067667202,15.335712700814677,0.3782779654018684,0.005491337613755722,-0.0027553164963875824,0.0015787233537159925,0.31413543910022357,0.31413543910022357,0.3148174578025695,0.3148174578025695,3490.2033979508183,3490.2033979508183,3340.1592834347184,3340.1592834347184,0.0,0.0,False
3.3,50.25534905674894,15.337964621927176,0.37835393659781785,0.009605152080246392,-0.0027219879375460923,0.005001427364018028,0.3141408448525213,0.3141408448525213,0.3149732733456983,0.3149732733456983,3489.014132445316,3489.014132445316,3305.879863946377,3305.879863946377,0.0,0.0,False
3.31,50.408739995070746,15.3402243274955,0.37846812422169523,0.01313596833879586,-0.002656984544846243,0.007915411255249461,0.31414673305474844,0.31414673305474844,0.3151259517268865,0.3151259517268865,3487.718727955347,3487.718727955347,3272.290620084971,3272.290620084971,0.0,0.0,False
3.32,50.56215356864052,15.34249163244518,0.37861475153494356,0.016095688948045132,-0.002565329554020354,0.010334661579065294,0.314153113499924,0.314153113499924,0.31527346904897907,0.31527346904897907,3486.315030016729,3486.315030016729,3239.836809224608,3239.836809224608,0.0,0.0,False
3.33,50.71558985213122,15.344766258221428,0.37878819669130304,0.018503215359120008,-0.002451872499824146,0.012279736357811573,0.31415996609394553,0.31415996609394553,0.31541411866649405,0.31541411866649405,3484.8074593319866,3484.8074593319866,3208.893893371313,3208.893893371313,0.0,0.0,False
3.34,50.869048917022305,15.34704784702364,0.3789830575213811,0.020383410414598513,-0.002321229301642925,0.013776612348285172,0.31416724491348524,0.31416724491348524,0.31554650083128216,0.31554650083128216,3483.2061190332497,3483.2061190332497,3179.7698171179277,3179.7698171179277,0.0,0.0,False
3.35,51.022530830876846,15.349335975636409,0.3791942060651811,0.021766087564990835,-0.0021777336333246257,0.014855583178303806,0.31417488247126163,0.31417488247126163,0.3156695087259928,0.3156695087259928,3481.5258563224447,3481.5258563224447,3152.7080802815854,3152.7080802815854,0.0,0.0,False
3.36,51.176035656754244,15.351630168699854,0.37941683318031527,0.022685038598137558,-0.0020253990055183846,0.015550220521031529,0.3141827940603082,0.3141827940603082,0.31578231153048614,0.31578231153048614,3479.7853067322017,3479.7853067322017,3127.891463293053,3127.891463293053,0.0,0.0,False
3.37,51.32956345275233,15.353929911287512,0.37964648366222803,0.02317710981520198,-0.0018678908799405892,0.015896407936182973,0.314190882063112,0.314190882063112,0.3158843351371068,0.3158843351371068,3478.005946115359,3478.005946115359,3105.4462698365105,3105.4462698365105,0.0,0.0,False
3.38,51.483114271671234,15.356234660684661,0.3798790824030283,0.023281334786004675,-0.001708508050768275,0.015931454620124828,0.31419904012632166,0.31419904012632166,0.3159752410952731,0.3159752410952731,3476.211172209238,3476.211172209238,3085.446959039925,3085.446959039925,0.0,0.0,False
3.39,51.6366881607908,15.358543857283484,0.3801109521881826,0.023038130095919852,-0.0015501724671739936,0.015693294089844698,0.31420715711678837,0.31420715711678837,0.31605490432537975,0.31605490432537975,3474.425434306562,3474.425434306562,3067.9210484164587,3067.9210484164587,0.0,0.0,False
3.4,51.79028516175219,15.36085693453338,0.38033882378623435,0.02248855887267787,-0.0013954266310815223,0.015219770794874658,0.31421512078967356,0.31421512078967356,0.31612339009779544,0.31612339009779544,3472.6734262718196,3472.6734262718196,3052.8541784850063,3052.8541784850063,0.0,0.0,False
3.41,51.94390531053411,15.363173327905463,0.3805598390269337,0.02167366536721676,-0.0012464376836166164,0.014548015817678605,0.31422282111399463,0.31422282111399463,0.3161809307258832,0.3161809307258832,3470.979354921184,3470.979354921184,3040.1952403056966,3040.1952403056966,0.0,0.0,False
3.42,52.097548637513654,15.365492482848994,0.3807715475888249,0.020633882468145914,-0.0011050072904417712,0.013713911193355539,0.3142301532149957,0.3142301532149957,0.3162279023735307,0.3162279023735307,3469.3662927009495,3469.3662927009495,3029.861477823247,3029.861477823247,0.0,0.0,False
3.43,52.25121516760167,15.367813861734733,0.3809718982296895,0.019408512761540413,-0.0009725864481439096,0.012751640956207493,0.314237019905956,0.314237019905956,0.31626480232861676,0.31626480232861676,3467.855620689687,3467.855620689687,3021.743487704317,3021.743487704317,0.0,0.0,False
3.44,52.40490492044249,15.370136949795324,0.38115922519356576,0.018035282611100437,-0.0008502943590290422,0.011693325802489777,0.3142433337942787,0.3142433337942787,0.3162922270450064,0.3162922270450064,3466.466565258687,3466.466565258687,3015.7100500985903,3015.7100500985903,0.0,0.0,False
3.45,52.55861791066814,15.372461260086467,0.38133223051768456,0.0165499677302335,-0.0007389405580377898,0.010568737240940408,0.31424901895783025,0.31424901895783025,0.31631085120781116,0.31631085120781116,3465.2158292773483,3465.2158292773483,3011.612734281548,3011.612734281548,0.0,0.0,False
3.46,52.71235414819741,15.374786337504071,0.38148996294291915,0.014986087847193307,-0.0006390495210597612,0.00940508627811751,0.31425401219740884,0.31425401219740884,0.31632140803043474,0.31632140803043474,3464.117316570059,3464.117316570059,3009.290233304361,3009.290233304361,0.0,0.0,False
3.47,52.86611363857067,15.377111761902581,0.3816317941035503,0.013374667324965917,-0.0005508870368085093,0.008226881044422806,0.3142582638798614,0.3142582638798614,0.3163246709478769,0.3163246709478769,3463.181946430498,3463.181946430498,3008.5723914670816,3008.5723914670816,0.0,0.0,False
3.48,53.01989638331137,15.37943715036757,0.3817573926375977,0.011744057985382677,-0.00047448768284466064,0.007055847297339338,0.3142617383937065,0.3142617383937065,0.31632143682934183,0.31632143682934183,3462.4175533845682,3462.4175533845682,3009.283897544801,3009.283897544801,0.0,0.0,False
3.49,53.17370238030652,15.381762158702296,0.38186669681891866,0.01011981989675872,-0.00040968280864925067,0.005910905427763501,0.3142644142451606,0.3142644142451606,0.3163125107947383,0.3163125107947383,3461.82886606467,3461.82886606467,3011.2476251575727,3011.2476251575727,0.0,0.0,False
3.5,53.32753162419821,15.38408648219263,0.38195988626789557,0.008524655509825261,-0.0003561284933354405,0.004808197429186942,0.3142662838272382,0.3142662838272382,0.3162986926844253,0.3162986926844253,3461.417558007599,3461.417558007599,3014.28760942644,3014.28760942644,0.0,0.0,False
3.51,53.48138410677947,15.38640985571825,0.38203735324997123,0.006978392260463454,-0.00031333301127325046,0.003761157253032147,0.3142673528981485,0.3142673528981485,0.3162807651997216,0.3162807651997216,3461.1823624073336,3461.1823624073336,3018.231656061253,3018.231656061253,0.0,0.0,False
3.52,53.63525981738843,15.388732053279853,0.3820996740215564,0.005498008591647087,-0.00028068340436794006,0.0027806180514340093,0.3142676398076104,0.3142676398076104,0.3162594837033625,0.3162594837033625,3461.119242325713,3461.119242325713,3022.9135852602562,3022.9135852602562,0.0,0.0,False
3.53,53.78915874329488,15.391052887013199,0.38214758063191884,0.004097698272389079,-0.00025747082391030406,0.0018749499859111423,0.31426717451105574,0.31426717451105574,0.31623556764428,0.31623556764428,3461.2216075677416,3461.2216075677416,3028.1751182584003,3028.1751182584003,0.0,0.0,False
3.54,53.943080870074866,15.393372205760164,0.38218193353841484,0.0027889678993082098,-0.00024291436689032964,0.0010502225416282728,0.31426599741204997,0.31426599741204997,0.31620969354978135,0.31620969354978135,3461.4805693490102,3461.4805693490102,3033.8674190481074,3033.8674190481074,0.0,0.0,False
3.55,54.097026181968985,15.39568989326586,0.38220369534162457,0.001580762547468961,-0.00023618319066700603,0.0003103856176675445,0.31426415807277164,0.31426415807277164,0.31618248951031563,0.31618248951031563,3461.885223990243,3461.885223990243,3039.852307730564,3039.852307730564,0.0,0.0,False
3.56,54.25099466222115,15.39800586606877,0.3822139058972996,0.00047961468212590194,-0.00023641674529256153,-0.0003425359500883468,0.31426171383113727,0.31426171383113727,0.3161545310674308,0.3161545310674308,3462.4229571498045,3462.4229571498045,3046.0031651652275,3046.0031651652275,0.0,0.0,False
3.57,54.40498629339486,15.400320071147682,0.38221365901409954,-0.0005101883572509243,-0.00024274301411112976,-0.0009082393484238481,0.3142587283612519,0.3142587283612519,0.31612633840407284,0.31612633840407284,3463.0797605245843,3463.0797605245843,3052.2055511039794,3052.2055511039794,0.0,0.0,False
3.58,54.55900105766517,15.402632483386089,0.3822040809004054,-0.001386422743714725,-0.00025429470012973594,-0.0013879366852098415,0.31425527021143695,0.31425527021143695,0.31609837472786156,0.31609837472786156,3463.8405534838735,3463.8405534838735,3058.357559870459,3058.357559870459,0.0,0.0,False
3.59,54.71303893708438,15.404943102910378,0.38218631048045126,-0.0021487365806069554,-0.00027022333785158345,-0.0017841478063707822,0.3142514113512105,0.3142514113512105,0.31607104573219896,0.31607104573219896,3464.6895027336964,3464.6895027336964,3064.3699389162316,3064.3699389162316,0.0,0.0,False
3.6,54.86709991382092,15.407251952354015,0.38216148165995123,-0.002798452198815946,-0.00028971134763366285,-0.0021004965256115793,0.3142472257554043,0.3142472257554043,0.31604470001676555,0.31604470001676555,3465.6103338110543,3465.6103338110543,3070.1659963115835,3070.1659963115835,0.0,0.0,False
3.61,55.02118397037058,15.409559074095164,0.3821307075845664,-0.003338365848904248,-0.0003119820821454567,-0.0023415132764655075,0.3142427880501777,0.3142427880501777,0.31601963034792424,0.31601963034792424,3466.5866289609116,3466.5866289609116,3075.6813234566703,3075.6813234566703,0.0,0.0,False
3.62,55.17529108974015,15.411864527510415,0.38209506690112854,-0.0037725479562515903,-0.00033630794221131173,-0.002512446720330244,0.3142381722421253,0.3142381722421253,0.31599607564050536,0.31599607564050536,3467.602106732437,3467.602106732437,3080.8633590888244,3080.8633590888244,0.0,0.0,False
3.63,55.329421255604,15.414168386282379,0.3820555920016257,-0.004106146752579366,-0.000362016662338843,-0.0026190863839036494,0.31423345054806356,0.31423345054806356,0.315974223545145,0.315974223545145,3468.640879426019,3468.640879426019,3085.6708200681073,3085.6708200681073,0.0,0.0,False
3.64,55.483574452433906,15.416470735794054,0.3820132592036061,-0.004345197740834154,-0.00038849588475570526,-0.0026675979606006557,0.31422869233948586,0.31422869233948586,0.3159542135295569,0.3159542135295569,3469.6876853131143,3469.6876853131143,3090.0730234974894,3090.0730234974894,0.0,0.0,False
3.65,55.63775066560357,15.418771670637879,0.38196898079785235,-0.004496441097741641,-0.0004151961550360484,-0.0026643724978648716,0.31422396321216967,0.31422396321216967,0.31593614034756046,0.31593614034756046,3470.728093322677,3470.728093322677,3094.049123536703,3094.049123536703,0.0,0.0,False
3.66,55.791949881468774,15.42107129226289,0.381923598874869,-0.0045671487740682245,-0.0004416324826769381,-0.0026158903094919105,0.3142193241880643,0.3142193241880643,0.3159200577961704,0.3159200577961704,3471.7486786258555,3471.7486786258555,3097.587284842519,3097.587284842519,0.0,0.0,False
3.67,55.946172087424856,15.423369706778693,0.38187788082579277,-0.004564962720790896,-0.0004673846165973219,-0.002528600101931114,0.31421483105342024,0.31421483105342024,0.3159059826683112,0.3159059826683112,3472.7371682475505,3472.7371682475505,3100.6838129715366,3100.6838129715366,0.0,0.0,False
3.68,56.10041727194306,15.425667022930707,0.38183251640065136,-0.0044977453533805506,-0.000492096188814308,-0.0024088134879032513,0.3142105338341929,0.3142105338341929,0.31589389881658364,0.31589389881658364,3473.6825564775663,3473.6825564775663,3103.3422603516024,3103.3422603516024,0.0,0.0,False
3.69,56.25468542458749,15.427963350257164,0.3817881161972741,-0.004373443069063025,-0.0005154728798548845,-0.0022626147806541616,0.31420647640709576,0.31420647640709576,0.3158837612517541,0.3158837612517541,3474.5751904389367,3474.5751904389367,3105.572524614101,3105.572524614101,0.0,0.0,False
3.7,56.40897653601464,15.430258797434472,0.3817452114474134,-0.0041999633554642155,-0.0005372797571441386,-0.002095785718097708,0.31420269624229313,0.31420269624229313,0.3158755002081114,0.3158755002081114,3475.406826695514,3475.406826695514,3107.389954215497,3107.389954215497,0.0,0.0,False
3.71,56.56329059795728,15.432553470814247,0.3817042549625366,-0.003985065775138746,-0.0005573379330321945,-0.0019137445577156543,0.31419922427166513,0.31419922427166513,0.31586902511635534,0.31586902511635534,3476.170660233674,3476.170660233674,3108.8144744018286,3108.8144744018286,0.0,0.0,False
3.72,56.71762760319467,15.434847473152102,0.3816656231000786,-0.0037362668803081014,-0.0005755206826342986,-0.0017214988094947166,0.3141960848748124,0.3141960848748124,0.3158642284331369,0.3158642284331369,3476.861327541281,3476.861327541281,3109.869744709889,3109.869744709889,0.0,0.0,False
3.73,56.871987545511075,15.437140902525593,0.3816296186114468,-0.0034607589063941416,-0.0005917491536036031,-0.001523610734091558,0.31419329597352036,0.31419329597352036,0.3158609892846011,0.3158609892846011,3477.4748858255243,3477.4748858255243,3110.582357387761,3110.582357387761,0.0,0.0,False
3.74,57.02637041964435,15.439433851436307,0.38159647423551335,-0.0031653419118802275,-0.000605987790660758,-0.0013241746250785486,0.31419086922427614,0.31419086922427614,0.3158591768892232,0.3158591768892232,3478.0087706592535,3478.0087706592535,3110.981084370896,3110.981084370896,0.0,0.0,False
3.75,57.180776221226395,15.441726406088861,0.3815663569054559,-0.002856368875573996,-0.0006182395874759467,-0.0011268048154858483,0.3141888102975806,0.3141888102975806,0.3158586537327584,0.3158586537327584,3478.461734532269,3478.461734532269,3111.0961787931556,3111.0961787931556,0.0,0.0,False
3.76,57.335204946717276,15.444018645838023,0.3815393724423774,-0.002539703130011988,-0.0006285412676231782,-0.0009346332976285909,0.31418711923225123,0.31418711923225123,0.3158592784751957,0.3158592784751957,3478.833768904732,3478.833768904732,3110.9587354569535,3110.9587354569535,0.0,0.0,False
3.77,57.489656593334686,15.446310642793534,0.3815155706159162,-0.002220687400788862,-0.000636958485065348,-0.0007503158189088985,0.31418579085261905,0.31418579085261905,0.3158609085761482,0.3158609085761482,3479.126012423812,3479.126012423812,3110.600113247404,3110.600113247404,0.0,0.0,False
3.78,57.644131158980066,15.448602461571216,0.3814949504598037,-0.0019041236350099593,-0.0006435811232181322,-0.0005760453123170329,0.31418481523647984,0.31418481523647984,0.31586340263109575,0.31586340263109575,3479.340647974438,3479.340647974438,3110.0514211589393,3110.0514211589393,0.0,0.0,False
3.79,57.79862864216305,15.450894159178054,0.38147746573884805,-0.0015942627366476423,-0.0006485187602913263,-0.0004135715360748414,0.31418417822183525,0.31418417822183525,0.3158666224162826,0.3158666224162826,3479.4807911962475,3479.4807911962475,3109.34306841783,3109.34306841783,0.0,0.0,False
3.8,57.95314904192526,15.453185785018317,0.38146303047288027,-0.0012948032809289125,-0.0006518963575012818,-0.0002642258296042584,0.31418386194083486,0.31418386194083486,0.31587043464486414,0.31587043464486414,3479.5503730163337,3479.5503730163337,3108.5043781298928,3108.5043781298928,0.0,0.0,False
3.81,58.10769235776475,15.45547738100758,0.38145152443263586,-0.0010088982524958038,-0.0006538502160447196,-0.00012894994014645545,0.3141838453698722,0.3141838453698722,0.315874712441072,0.315874712441072,3479.5540186281182,3479.5540186281182,3107.5632629641605,3107.5632629641605,0.0,0.0,False
3.82,58.26225858956213,15.457768981781275,0.3814427985321595,-0.0007391688413431277,-0.0006545242385535833,-8.32793335546573e-06,0.31418410488547577,0.31418410488547577,0.31587933654274936,0.31587933654274936,3479.4969251953344,3479.4969251953344,3106.545960595145,3106.545960595145,0.0,0.0,False
3.83,58.416847737509194,15.46006061498456,0.3814366800519751,-0.0004877243347793486,-0.0006540665212190885,9.737973038740135e-05,0.314184614816442,0.314184614816442,0.3158841962455993,0.3158841962455993,3479.384740382764,3479.384740382764,3105.476825968152,3105.476825968152,0.0,0.0,False
3.84,58.57145980204066,15.462352301630569,0.3814329776368006,-0.00025618716117531735,-0.0006526262939633082,0.00018820079664043482,0.3141853479835541,0.3141853479835541,0.31588919010492295,0.31588919010492295,3479.223443618107,3479.223443618107,3104.3781769169555,3104.3781769169555,0.0,0.0,False
3.85,58.72609478376992,15.464644056514542,0.3814314860208932,-4.57221703583908e-05,-0.000650351218009003,0.00026441525671301987,0.3141862762191963,0.3141862762191963,0.3158942264125207,0.3158942264125207,3479.019231776814,3479.019231776814,3103.270189245453,3103.270189245453,0.0,0.0,False
3.86,58.88075268342913,15.466935888671836,0.38143199044307935,0.00014293072550572702,-0.0006473850429928656,0.0003265195052141149,0.3141873708601806,0.3141873708601806,0.3158992234678316,0.3158992234678316,3478.7784107602683,3478.7784107602683,3102.1708370770484,3102.1708370770484,0.0,0.0,False
3.87,59.03543350181401,15.469227801868602,0.38143427072204555,0.0003094213794629462,-0.0006438656194052165,0.00037519120909927347,0.3141886032081315,0.3141886032081315,0.3159041096633181,0.3159041096633181,3478.5072942110683,3478.5072942110683,3101.095874070019,3101.095874070019,0.0,0.0,False
3.88,59.190137239733794,15.471519795114574,0.3814381049705025,0.0004537524807670049,-0.0006399232566249758,0.00041125539747275053,0.3141899449528131,0.3141899449528131,0.31590882340462256,0.31590882340462256,3478.2121103811205,3478.2121103811205,3100.0588509830395,3100.0588509830395,0.0,0.0,False
3.89,59.34486389796614,15.473811863188237,0.381443272934284,0.0005762415852416462,-0.0006356794121421307,0.0004356521985977122,0.3141913685547907,0.3141913685547907,0.3159133128861529,0.3159133128861529,3477.8989179460527,3477.8989179460527,3099.071165046371,3099.071165046371,0.0,0.0,False
3.9,59.49961347721761,15.47610399716565,0.3814495589492943,0.0006774827580777091,-0.0006312456936977992,0.000449406570656484,0.31419284758480953,0.31419284758480953,0.3159175357425569,0.3159175357425569,3477.5735313419063,3477.5735313419063,3098.1421366374907,3098.1421366374907,0.0,0.0,False
3.91,59.65438597808912,15.47839618494492,0.38145675451542305,0.0007583084168161578,-0.0006267231529903114,0.0004536002967713045,0.31419435701820825,0.31419435701820825,0.31592145859604814,0.31592145859604814,3477.241455994189,3477.241455994189,3097.2791088694116,3097.2791088694116,0.0,0.0,False
3.92,59.809181401046864,15.480688411759393,0.38146466049208966,0.0008197518956895369,-0.00062220184725156,0.00044934644345402913,0.3141958734835634,0.3141958734835634,0.31592505651879627,0.31592505651879627,3476.9078336160496,3476.9078336160496,3096.487565864825,3096.487565864825,0.0,0.0,False
3.93,59.96399974639815,15.482980660673427,0.38147308892495874,0.0008630111857465099,-0.0006177606433408829,0.00043776641563916466,0.31419737546558063,0.31419737546558063,0.3159283124286483,0.3159283124286483,3476.5773975722645,3476.5773975722645,3095.7712656973836,3095.7712656973836,0.0,0.0,False
3.94,60.11884101427203,15.485272913055644,0.3814818645175827,0.0008894142392153575,-0.0006134672379783765,0.00041996968121689693,0.31419884346297744,0.31419884346297744,0.31593121643530975,0.31593121643530975,3476.2544381449666,3476.2544381449666,3095.132384231859,3095.132384231859,0.0,0.0,False
3.95,60.273705204604624,15.487565149025318,0.38149082576528415,0.0009003861622576216,-0.0006093783672861959,0.00039703618385192617,0.3142002601027677,0.3142002601027677,0.31593376515286875,0.31593376515286875,3475.942777391111,3475.942777391111,3094.571666368878,3094.571666368878,0.0,0.0,False
3.96,60.42859231712881,15.489857347868508,0.3814998257715272,0.0008974185583264496,-0.0006055401788631487,0.00037000141500259057,0.31420161021293175,0.31420161021293175,0.3159359609931837,0.3159359609931837,3475.645753155019,3475.645753155019,3094.0885814995854,3094.0885814995854,0.0,0.0,False
3.97,60.583502351367706,15.492149488421202,0.3815087327693447,0.0008820412254078199,-0.0006019887401217612,0.0003398440745039038,0.31420288085593984,0.31420288085593984,0.3159378114532377,0.3159378114532377,3475.366211693239,3475.366211693239,3093.6814802877134,3093.6814802877134,0.0,0.0,False
3.98,60.738435306632034,15.494441549417704,0.3815174303721466,0.0008557963550122433,-0.0005987506575050273,0.00030747621377301973,0.3142040613260116,0.3142040613260116,0.315939328408114,0.315939328408114,3475.1065082774544,3475.1065082774544,3093.347750214922,3093.347750214922,0.0,0.0,False
3.99,60.89339118202066,15.496733509802974,0.3815258175794474,0.0008202153292705775,-0.0005958437824105591,0.0002737357264733964,0.31420514311330194,0.31420514311330194,0.31594052741978096,0.31594052741978096,3474.868515073576,3474.868515073576,3093.0839676481924,3093.0839676481924,0.0,0.0,False
4.0,61.048369976424084,15.49902534900846,0.3815338085637799,0.0007767981652083492,-0.0005932779811231653,0.00023938102808895224,0.31420611983845254,0.31420611983845254,0.31594142707042816,0.31594142707042816,3474.6536355404455,3474.6536355404455,3092.886044505808,3092.886044505808,0.0,0.0,False
4.01,61.20337168853065,15.501317047191348,0.3815413322653284,0.000726995612422914,-0.0005910559477361083,0.00020508774800287384,0.314206987161102,0.314206987161102,0.31594204832769207,0.31594204832769207,3474.4628245575605,3474.4628245575605,3092.749367907748,3092.749367907748,0.0,0.0,False
4.02,61.358396316834686,15.503608585437851,0.3815483318206885,0.0006721938720931144,-0.0005891740408730119,0.00017144724496761398,0.3142077426660415,0.3142077426660415,0.31594241394774725,0.31594241394774725,3474.296613470871,3474.296613470871,3092.6689314956093,3092.6689314956093,0.0,0.0,False
4.03,61.51344385964677,15.505899945931525,0.38155476385166054,0.0006137018715637158,-0.0005876231269571051,0.0001389667488938733,0.3142083857307202,0.3142083857307202,0.3159425479209545,0.3159425479209545,3474.1551392415627,3474.1551392415627,3092.639457390014,3092.639457390014,0.0,0.0,False
4.04,61.66851431510537,15.50819111208794,0.38156059763918443,0.0005527409996385328,-0.0005863894147668733,0.0001080709282298328,0.3142089173777638,0.3142089173777638,0.3159424749635516,0.3159424749635516,3474.0381768919683,3474.0381768919683,3092.6555080186513,3092.6555080186513,0.0,0.0,False
4.05,61.82360768118974,15.510482068657495,0.38156581420644115,0.0004904371831073023,-0.0005854552680265786,7.91046823842913e-05,0.31420934011607593,0.31420934011607593,0.31594222005774975,0.31594222005774975,3473.945174463299,3473.945174463299,3092.7115872950594,3092.7115872950594,0.0,0.0,False
4.06,61.9787239557336,15.512772801798272,0.38157040533385006,0.0004278151647791029,-0.000584799984770385,5.233696220976131e-05,0.31420965777394627,0.31420965777394627,0.3159418080415817,0.3159418080415817,3473.8752897318236,3473.8752897318236,3092.8022308520353,3092.8022308520353,0.0,0.0,False
4.07,62.13386313643948,15.515063299121167,0.38157437252721277,0.0003657948272071456,-0.0005844005341585603,2.7965428024073203e-05,0.3142098753274059,0.3142098753274059,0.31594126324892313,0.31594126324892313,3473.827427970704,3473.827427970704,3092.9220852369144,3092.9220852369144,0.0,0.0,False
4.08,62.28902522089341,15.517353549709648,0.3815777259586246,0.00030518939415154304,-0.0005842322432867625,6.121763558575362e-06,0.31420999872684885,0.31420999872684885,0.3159406091992901,0.3159406091992901,3473.800280093257,3473.800280093257,3093.0659761561765,3093.0659761561765,0.0,0.0,False
4.09,62.44421020657958,15.519643544116548,0.38158048339805833,0.00024670533337781505,-0.0005842694282924767,-1.3122524873972074e-05,0.3142100347246936,0.3142100347246936,0.3159398683363005,0.3159398683363005,3473.792360567409,3473.792360567409,3093.2289660138936,3093.2289660138936,0.0,0.0,False
4.1,62.59941809089496,15.521933274340425,0.38158266915172717,0.00019094377934085027,-0.0005844859657085021,-2.9749982221005372e-05,0.314209990706589,0.314209990706589,0.3159390618130716,0.3159390618130716,3473.8020445504226,3473.8020445504226,3093.4064011242567,3093.4064011242567,0.0,0.0,False
4.11,62.754648871163624,15.524222733784027,0.38158431302151063,0.00013840329237324993,-0.0005848558015282509,-4.379089612325713e-05,0.31420987452838783,0.31420987452838783,0.31593820932231415,0.31593820932231415,3473.8276037546802,3473.8276037546802,3093.5939490908913,3093.5939490908913,0.0,0.0,False
4.12,62.90990254465041,15.526511917197382,0.38158544929789256,8.948377186237937e-05,-0.0005853533968217313,-5.531693607499626e-05,0.314209694360817,0.314209694360817,0.3159373289684605,0.3159373289684605,3473.8672406202577,3473.8672406202577,3093.7876269386943,3093.7876269386943,0.0,0.0,False
4.13,63.06517910857409,15.528800820607898,0.3815861157970529,4.449134424945032e-05,-0.0005859541099681822,-6.443485554538844e-05,0.31420945854348264,0.31420945854348264,0.31593643717883974,0.31593643717883974,3473.9191204338217,3473.9191204338217,3093.9838206552618,3093.9838206552618,0.0,0.0,False
4.14,63.22047856011983,15.531089441239965,0.38158635295098686,3.6440522019719725e-06,-0.0005866345166484114,-7.12803572432137e-05,0.31420917544955174,0.31420917544955174,0.31593554865066226,0.31593554865066226,3473.9814010986215,3473.9814010986215,3094.179296854307,3094.179296854307,0.0,0.0,False
4.15,63.37580089645062,15.533377777426203,0.38158620295782514,-3.292182131360889e-05,-0.000587372669666841,-7.601220677322753e-05,0.3142088533621689,0.3142088533621689,0.31593467633041933,0.31593467633041933,3474.052260322842,3474.052260322842,3094.3712073077513,3094.3712073077513,0.0,0.0,False
4.16,63.53114611471791,15.535665828512608,0.3815857089979108,-6.51449514118964e-05,-0.0005881483014525181,-7.880666536573192e-05,0.3142085003633872,0.3142085003633872,0.31593383142220227,0.31593383142220227,3474.129920054817,3474.129920054817,3094.5570871155037,3094.5570871155037,0.0,0.0,False
4.17,63.686514212071295,15.537953594759506,0.38158491451966076,-9.303183929169181e-05,-0.0005889429727245823,-7.985229835279944e-05,0.3142081242361309,0.3142081242361309,0.3159330234214186,0.3159330234214186,3474.2126680511997,3474.2126680511997,3094.734847287911,3094.734847287911,0.0,0.0,False
4.18,63.84190518566712,15.540241077240218,0.38158386259782917,-0.00011664948587289853,-0.000589740171307358,-7.934520278850803e-05,0.31420773237946276,0.31420773237946276,0.3159322601704144,0.3159322601704144,3474.298876518197,3474.298876518197,3094.9027625088297,3094.9027625088297,0.0,0.0,False
4.19,63.9973190326761,15.542528277739072,0.3815825953654822,-0.00013611799520577865,-0.0005905253654514359,-7.748468520762858e-05,0.31420733173719906,0.31420733173719906,0.315931547932584,0.315931547932584,3474.3870178162106,3474.3870178162106,3095.0594548315257,3095.0594548315257,0.0,0.0,False
4.2,64.15275575028994,15.544815198650305,0.3815811535198205,-0.00015160321945005464,-0.0005912860162690119,-7.446940907976933e-05,0.314206928739711,0.314206928739711,0.3159308914816745,0.3159308914816745,3474.475677263581,3474.475677263581,3095.203874031608,3095.203874031608,0.0,0.0,False
4.21,64.30821533572683,15.54710184287916,0.38157957590092456,-0.00016330954462940943,-0.0005920115540345092,-7.049402113332192e-05,0.314206529258563,0.314206529258563,0.3159302942031479,0.3159302942031479,3474.56356311614,3474.56356311614,3095.3352753074682,3095.3352753074682,0.0,0.0,False
4.22,64.46369778623628,15.549388213746315,0.3815778991415725,-0.00017147290373585982,-0.0005926933231459044,-6.574625643909376e-05,0.3142061385734818,0.3142061385734818,0.3159297582046502,0.3159297582046502,3474.6495138340106,3474.6495138340106,3095.4531949769616,3095.4531949769616,0.0,0.0,False
4.23,64.61920309910266,15.551674314896715,0.3815761573854763,-0.00017635409127208132,-0.0005933245004993195,-6.040451398033578e-05,0.31420576135100386,0.31420576135100386,0.3159292844328461,0.3159292844328461,3474.732502779153,3474.732502779153,3095.557424773856,3095.557424773856,0.0,0.0,False
4.24,64.77473127164805,15.553960150213511,0.3815743820706035,-0.0001782324411248436,-0.0005938999919105961,-5.463588740040922e-05,0.31420540163404176,0.31420540163404176,0.3159288727941046,0.3159288727941046,3474.8116405108167,3474.8116405108167,3095.647985296994,3095.647985296994,0.0,0.0,False
4.25,64.93028230123426,15.55624572373786,0.38157260177368835,-0.0001773999179167196,-0.0005944163110339203,-4.859462968850709e-05,0.31420506284150584,0.31420506284150584,0.31592852227676027,0.31592852227676027,3474.8861748687177,3474.8861748687177,3095.725099112744,3095.725099112744,0.0,0.0,False
4.26,65.08585618526389,15.558531039595055,0.3815708421115961,-0.0001741556607887155,-0.0005948714449900521,-4.2421025719053195e-05,0.3142047477770578,0.3142047477770578,0.3159282310729171,0.3159282310729171,3474.9554890472846,3474.9554890472846,3095.7891639582367,3095.7891639582367,0.0,0.0,False
4.27,65.24145292118108,15.560816101927315,0.3815691256948649,-0.0001688010080323906,-0.0005952647106359285,-3.624064273463851e-05,0.3142044586460137,0.3142044586460137,0.31592799669800825,0.31592799669800825,3475.019097876988,3475.019097876988,3095.840726438188,3095.840726438188,0.0,0.0,False
4.28,65.39707250647106,15.563100914833548,0.38156747212851516,-0.00016163502117998922,-0.0005955966050932359,-3.0163926008027716e-05,0.3142041970793868,0.3142041970793868,0.3159278161065728,0.3159278161065728,3475.076642534909,3475.076642534909,3095.880456553992,3095.880456553992,0.0,0.0,False
4.29,65.55271493865972,15.565385482316088,0.3815658980550774,-0.00015295051815179605,-0.0005958686538154522,-2.4286104970248173e-05,0.31420396416404905,0.31420396416404905,0.3159276858029467,0.3159276858029467,3475.1278839092115,3475.1278839092115,3095.9091233517242,3095.9091233517242,0.0,0.0,False
4.3,65.70838021531219,15.56766980823452,0.38156441723473405,-0.0001430306168765795,-0.0005960832591194332,-1.8687373965113947e-05,0.3142037604779915,0.3142037604779915,0.3159276019457941,0.3159276019457941,3475.172694841878,3475.172694841878,3095.9275719252987,3095.9275719252987,0.0,0.0,False
4.31,65.86406833403147,15.569953896266401,0.38156304065749497,-0.00013214578347480577,-0.000596243551746733,-1.34333114090783e-05,0.3142035861296874,0.3142035861296874,0.31592756044563064,0.31592756044563064,3475.211051468774,3475.211051468774,3095.9367019612628,3095.9367019612628,0.0,0.0,False
4.32,66.01977929245614,15.57223774987472,0.381561776682417,-0.00012055137264477091,-0.000596353247658534,-8.575501419199291e-06,0.3142034408005915,0.3142034408005915,0.31592755705468917,0.31592755705468917,3475.243023869877,3475.243023869877,3095.9374479683866,3095.9374479683866,0.0,0.0,False
4.33,66.17551308825831,15.574521372281836,0.3815606311990314,-0.00010848564229869892,-0.0005964165119125415,-4.1523228304811885e-06,0.3142033237898526,0.3142033237898526,0.3159275874486763,0.3159275874486763,3475.26876623243,3475.26876623243,3095.9307612912235,3095.9307612912235,0.0,0.0,False
4.34,66.331269719141,15.576804766449609,0.38155960780634657,-9.616821975418362e-05,-0.0005964378311258051,-1.898718794906407e-07,0.31420323406037615,0.31420323406037615,0.31592764730014045,0.31592764730014045,3475.288506717251,3475.288506717251,3095.9175939691054,3095.9175939691054,0.0,0.0,False
4.35,66.48704918283549,15.579087935065239,0.38155870800504005,-8.379899287898907e-05,-0.0005964218956987233,3.297013403798393e-06,0.3142031702854282,0.3142031702854282,0.3159277323433322,0.3159277323433322,3475.302537205797,3475.302537205797,3095.8988844669166,3095.8988844669166,0.0,0.0,False
4.36,66.6428514770985,15.581370880532527,0.3815579313987383,-7.155739646321846e-05,-0.0005963734926661298,6.3036569578671186e-06,0.31420313089504603,0.31420313089504603,0.3159278384305818,0.3159278384305818,3475.311203089876,3475.311203089876,3095.8755452720056,3095.8755452720056,0.0,0.0,False
4.37,66.79867659970938,15.58365360496803,0.38155727590058747,-5.960206172225512e-05,-0.0005962974097543696,8.834404107612868e-06,0.3142031141215907,0.3142031141215907,0.3159279615803416,0.3159279615803416,3475.314893250052,3475.314893250052,3095.848452324854,3095.848452324854,0.0,0.0,False
4.38,66.95452454846722,15.58593611020163,0.38155673794165634,-4.807079517061892e-05,-0.0005961983509607962,1.0901461602659535e-05,0.3142031180438545,0.3142031180438545,0.31592809801714855,0.31592809801714855,3475.314030352018,3475.314030352018,3095.8184362273223,3095.8184362273223,0.0,0.0,False
4.39,67.11039532118794,15.58821839778111,0.38155631267804535,-3.708085208710788e-05,-0.0005960808637357296,1.2523740579491263e-05,0.3142031406292117,0.3142031406292117,0.31592824420385623,0.31592824420385623,3475.309061573435,3475.309061573435,3095.786275151632,3095.786275151632,0.0,0.0,False
4.4,67.26628891570164,15.590500468980167,0.38155599419393726,-2.672946937329243e-05,-0.0005959492776374524,1.3725722025460436e-05,0.3142031797733818,0.3142031797733818,0.3159283968665599,0.3159283968665599,3475.300449856007,3475.300449856007,3095.7526893568297,3095.7526893568297,0.0,0.0,False
4.41,67.42220532984972,15.592782324809454,0.38155577569816723,-1.709462273009644e-05,-0.0005958076541487301,1.453636159285126e-05,0.3142032333374483,0.3142032333374483,0.3159285530126946,0.3159285530126946,3475.2886657613735,3475.2886657613735,3095.7183372071863,3095.7183372071863,0.0,0.0,False
4.42,67.5781445614825,15.595063966030102,0.3815556497122433,-8.235973666468826e-06,-0.0005956597471883343,1.4988047922723782e-05,0.314203299181852,0.314203299181852,0.31592870994283984,0.31592870994283984,3475.274179992558,3475.274179992558,3095.6838125752397,3095.6838125752397,0.0,0.0,False
4.43,67.73410660845674,15.597345393169336,0.3815556082480892,-1.9597287733017136e-07,-0.0005955089737226175,1.5115626023622613e-05,0.31420337519715036,0.31420337519715036,0.3159288652567866,0.3159288652567866,3475.2574566269245,3475.2574566269245,3095.6496435069525,3095.6496435069525,0.0,0.0,False
4.44,67.89009146863337,15.599626606537717,0.3815556429741032,6.998912102286377e-06,-0.0005953583937793007,1.4955494758329024e-05,0.3142034593314006,0.3142034593314006,0.3159290168544501,0.3159290168544501,3475.2389470918733,3475.2389470918733,3095.616292020987,3095.616292020987,0.0,0.0,False
4.45,68.04609913987535,15.60190760624756,0.38155574536845005,1.3336875380870944e-05,-0.0005952106990869888,1.454478514117735e-05,0.3142035496140917,0.3142035496140917,0.3159291629322195,0.3159291629322195,3475.219084899831,3475.219084899831,3095.5841549117113,3095.5841549117113,0.0,0.0,False
4.46,68.20212962004594,15.604188392232224,0.3815559068587846,1.8819385816710527e-05,-0.0005950682095079805,1.3920623961739428e-05,0.3142036441766018,0.3142036441766018,0.31592930197532954,0.31592930197532954,3475.198281147609,3475.198281147609,3095.553565427506,3095.553565427506,0.0,0.0,False
4.47,68.35818290700686,15.606468964265819,0.38155611894789293,2.345976112272129e-05,-0.0005949328763969479,1.3119485250416064e-05,0.31420374126921896,0.31420374126921896,0.31592943274683527,0.31592943274683527,3475.176920771832,3475.176920771832,3095.524795696244,3095.524795696244,0.0,0.0,False
4.48,68.51425899861691,15.608749321983085,0.38155637332497905,2.728172707980346e-05,-0.0005948062920020848,1.2176630296573165e-05,0.3142038392748054,0.3142038392748054,0.31592955427375186,0.31592955427375186,3475.1553595428186,3475.1553595428186,3095.4980597745953,3095.4980597745953,0.0,0.0,False
4.49,68.67035789273052,15.61102946489912,0.3815566619625628,3.03179836129919e-05,-0.0005946897040264237,1.1125635327277105e-05,0.3142039367192289,0.3142039367192289,0.31592966583089577,0.31592966583089577,3475.133921769642,3475.133921769642,3095.4735172029345,3095.4735172029345,0.0,0.0,False
4.5,68.82647958719689,15.613309392428677,0.3815569771991527,3.2608797075199325e-05,-0.0005945840344830543,9.998004559564455e-06,0.3142040322787204,0.3142040322787204,0.3159297669229365,0.3159297669229365,3475.112898681515,3475.112898681515,3095.451276953972,3095.451276953972,0.0,0.0,False
4.51,68.98262407985892,15.615589103904828,0.38155731180804514,3.4200635664674555e-05,-0.0005944899020070123,8.822865147578e-06,0.31420412478434734,0.31420412478434734,0.31592985726513545,0.31592985726513545,3475.092547443589,3475.092547443589,3095.4314016702047,3095.4314016702047,0.0,0.0,False
4.52,69.1387913685524,15.6178685985968,0.3815576590527547,3.5144862493233816e-05,-0.0005944076468264666,7.626739557248165e-06,0.3142042132238151,0.3142042132238151,0.31592993676321124,0.31592993676321124,3475.073090760684,3475.073090760684,3095.413912093531,3095.413912093531,0.0,0.0,False
4.53,69.29498145110567,15.620147875726817,0.38155801272971546,3.549649847954253e-05,-0.0005943373576446977,6.433390101017856e-06,0.3142042967408302,0.3142042967408302,0.3159300054927306,0.3159300054927306,3475.054717017354,3475.054717017354,3095.398791599273,3095.398791599273,0.0,0.0,False
4.54,69.45119432533909,15.622426934485812,0.3815583671990016,3.531306497212253e-05,-0.0005942788997401813,5.263729760136626e-06,0.3142043746322701,0.3142043746322701,0.3159300636783873,0.3159300636783873,3475.0375809005864,3475.0375809005864,3095.385990754803,3095.385990754803,0.0,0.0,False
4.55,69.60742998906473,15.62470577404792,0.381558717403907,3.465351383896988e-05,-0.0005942319436531952,4.1357929775998e-06,0.3142044463434122,0.3142044463434122,0.31593011167348817,0.31593011167348817,3475.0218044493163,3475.0218044493163,3095.3754318326064,3095.3754318326064,0.0,0.0,False
4.56,69.76368844008657,15.626984393583678,0.38155905888028707,3.357725071855167e-05,-0.000594195993892037,3.064759828665003e-06,0.31420451146148287,0.31420451146148287,0.3159301499399261,0.3159301499399261,3475.0074784737717,3475.0074784737717,3095.367013216267,3095.367013216267,0.0,0.0,False
4.57,69.91996967620021,15.62926279227186,0.3815593877566157,3.2143255221175716e-05,-0.0005941704171586649,2.06302684030785e-06,0.31420456970778027,0.31420456970778027,0.3159301790288779,0.3159301790288779,3474.9946642883447,3474.9946642883447,3095.36061364687,3095.36061364687,0.0,0.0,False
4.58,70.07627369519314,15.63154096930997,0.38155970074573736,3.040930011450976e-05,-0.0005941544696609741,1.1403177293561718e-06,0.31420462092862733,0.31420462092862733,0.31593019956242885,0.31593019956242885,3474.9833957019905,3474.9833957019905,3095.3560962656566,3095.3560962656566,0.0,0.0,False
4.59,70.23260049484497,15.633818923923355,0.3815599951293102,2.843126992804196e-05,-0.0005941473231457434,3.0382744115050883e-07,0.3142046650853994,0.3142046650853994,0.3159302122162867,0.3159302122162867,3474.9736812121346,3474.9736812121346,3095.35331241693,3095.35331241693,0.0,0.0,False
4.6,70.38895007292771,15.636096655372953,0.3815602687359266,2.6262577976531168e-05,-0.000594148089351513,-4.4160691998115584e-07,0.31420470224386116,0.31420470224386116,0.31593021770371205,0.31593021770371205,3474.9655063505493,3474.9655063505493,3095.352105183353,3095.352105183353,0.0,0.0,False
4.61,70.54532242720619,15.638374162961743,0.38156051991388834,2.395367953642214e-05,-0.0005941558426432976,-1.0933143790976264e-06,0.314204732563037,0.314204732563037,0.31593021676076083,0.31593021676076083,3474.958836131865,3474.958836131865,3095.352312632621,3095.352312632621,0.0,0.0,False
4.62,70.70171755543858,15.640651446039913,0.38156074749958047,2.1551677806276913e-05,-0.0005941696406503944,-1.650583345163634e-06,0.3142047562838216,0.3142047562838216,0.3159302101329028,0.3159302101329028,3474.95361755925,3474.95361755925,3095.35377076139,3095.35377076139,0.0,0.0,False
4.63,70.85813545537663,15.642928504008843,0.38156095078235075,1.9100018342969044e-05,-0.000594188542783944,-2.1144451573728633e-06,0.314204773717522,0.314204773717522,0.315930198563053,0.315930198563053,3474.9497821451682,3474.9497821451682,3095.356316128346,3095.356316128346,0.0,0.0,False
4.64,71.01457612476653,15.645205336323917,0.3815611294667553,1.6638266887110494e-05,-0.0005942116265618931,-2.4874527907276936e-06,0.3142047852345033,0.3142047852345033,0.3159301827810262,0.3159301827810262,3474.9472484092794,3474.9472484092794,3095.359788174241,3095.359788174241,0.0,0.0,False
4.65,71.17103956134929,15.64748194249631,0.3815612836329759,1.4201964869172691e-05,-0.0005942380017152543,-2.7734590967416964e-06,0.3142047912530952,0.3142047912530952,0.3159301634944042,0.3159301634944042,3474.9459243190604,3474.9459243190604,3095.3640312310736,3095.3640312310736,0.0,0.0,False
4.66,71.32752576286123,15.649758322093817,0.38156141369615465,1.1822556405551038e-05,-0.0005942668220907834,-2.977398448939195e-06,0.3142047922288926,0.3142047922288926,0.3159301413807859,0.3159301413807859,3474.9457096436354,3474.9457096436354,3095.3688962271053,3095.3688962271053,0.0,0.0,False
4.67,71.48403472703465,15.652034474740764,0.3815615203653295,9.527380251608188e-06,-0.0005942972954013442,-3.105075151816685e-06,0.3142047886445696,0.3142047886445696,0.315930117081371,0.315930117081371,3474.9464981946967,3474.9464981946967,3095.3742420983885,3095.3742420983885,0.0,0.0,False
4.68,71.64056645159845,15.654310400117176,0.38156160460258576,7.339719964265001e-06,-0.000594328690906248,-3.162961459124423e-06,0.31420478100030175,0.31420478100030175,0.3159300911958182,0.3159300911958182,3474.948179933619,3474.948179933619,3095.379936919995,3095.379936919995,0.0,0.0,False
4.69,71.79712093427848,15.656586097957234,0.3815616675829715,5.278905428680957e-06,-0.0005943603451298246,-3.158007553109494e-06,0.3142047698048785,0.3142047698048785,0.31593006427830295,0.31593006427830295,3474.9506429267353,3474.9506429267353,3095.3858587733553,3095.3858587733553,0.0,0.0,False
4.7,71.95369817279838,15.65886156804715,0.38156171065565747,3.3604589104871173e-06,-0.0005943916657475669,-3.097465352626181e-06,0.314204755567564,0.314204755567564,0.3159300368346943,0.3159300368346943,3474.953775135924,3474.953775135924,3095.391896367261,3095.391896367261,0.0,0.0,False
4.71,72.11029816487972,15.661136810222528,0.3815617353067505,1.5962788975705934e-06,-0.0005944221337855893,-2.988727567962586e-06,0.3142047387907547,0.3142047387907547,0.3159300093207597,0.3159300093207597,3474.9574660339645,3474.9574660339645,3095.397949432868,3095.397949432868,0.0,0.0,False
4.72,72.26692090824275,15.663411824365323,0.3815617431241087,-5.144820559434007e-09,-0.0005944513042911429,-2.839182986993257e-06,0.31420471996345656,0.31420471996345656,0.3159299821413087,0.3159299821413087,3474.961608039561,3474.961608039561,3095.403928912093,3095.403928912093,0.0,0.0,False
4.73,72.42356640060669,15.665686610400465,0.38156173576443564,-1.4384911309538869e-06,-0.0005944788056398051,-2.6560885938851607e-06,0.3142046995556014,0.3142046995556014,0.3159299556501727,0.3159299556501727,3474.966097767701,3474.966097767701,3095.4097569620144,3095.4097569620144,0.0,0.0,False
4.74,72.58023463969027,15.667961168292257,0.38156171492287533,-2.7013486108273113e-06,-0.0005945043376491376,-2.446458754868349e-06,0.31420467801319724,0.31420467801319724,0.31592993015092996,0.31592993015092996,3474.9708370966114,3474.9708370966114,3095.415366795412,3095.415366795412,0.0,0.0,False
4.75,72.73692562321202,15.670235498040574,0.38156168230526843,-3.793943187659101e-06,-0.000594527668669332,-2.216971392917009e-06,0.31420465575430284,0.31420465575430284,0.31592990589827513,0.31592990589827513,3474.9757340533783,3474.9757340533783,3095.4207023794743,3095.4207023794743,0.0,0.0,False
4.76,72.8936393488907,15.672509599676994,0.3815616396031757,-4.718857651691968e-06,-0.0005945486318191558,-1.973890791121205e-06,0.31420463316580366,0.31420463316580366,0.31592988309993864,0.31592988309993864,3474.9807035231984,3474.9807035231984,3095.4257180135037,3095.4257180135037,0.0,0.0,False
4.77,73.0503758144454,15.674783473260856,0.3815615884717286,-5.480747790428404e-06,-0.0005945671205306417,-1.7230064198822875e-06,0.3142046106009543,0.3142046106009543,0.3159298619190666,0.3159298619190666,3474.9856677900616,3474.9856677900616,3095.430377805356,3095.430377805356,0.0,0.0,False
4.78,73.20713501759603,15.677057118875405,0.38156153051031605,-6.086059458188785e-06,-0.0005945830835589001,-1.4695869845635298e-06,0.3142045883776503,0.3142045883776503,0.3159298424769706,0.3159298424769706,3474.990556916936,3474.990556916936,3095.4346550664736,3095.4346550664736,0.0,0.0,False
4.79,73.36391695606338,15.679330536623944,0.3815614672460798,-6.542750428024886e-06,-0.0005945965196045085,-1.2183487197990291e-06,0.31420456677737985,0.31420456677737985,0.31592982485616516,0.31592982485616516,3474.995308976437,3474.995308976437,3095.4385316436674,3095.4385316436674,0.0,0.0,False
4.8,73.52072162756936,15.681603726626157,0.3815614001201533,-6.8600203976794176e-06,-0.0005946074716855314,-9.734368281801364e-07,0.314204546044803,0.314204546044803,0.31592980910361795,0.31592980910361795,3474.9998701433383,3474.9998701433383,3095.4419972040537,3095.4419972040537,0.0,0.0,False
4.81,73.6775490298372,15.68387668901457,0.3815613304765479,-7.048052058094821e-06,-0.0005946160213846961,-7.384188670991028e-07,0.31420452638790447,0.31420452638790447,0.31592979523413633,0.31592979523413633,3475.00419466102,3475.00419466102,3095.44504849001,3095.44504849001,0.0,0.0,False
4.82,73.83439916059143,15.686149423931209,0.38156125955356185,-7.117765667155429e-06,-0.0005946222830849244,-5.162888183763486e-07,0.31420450797865757,0.31420450797865757,0.3159297832338305,0.3159297832338305,3475.008244695339,3475.008244695339,3095.447688557299,3095.447688557299,0.0,0.0,False
4.83,73.99127201755809,15.688421931524475,0.38156118847756765,-7.080589128091627e-06,-0.000594626398293576,-3.094805433172339e-07,0.31420449095414155,0.31420449095414155,0.31592977306359016,0.31592977306359016,3475.011990088863,3475.011990088863,3095.449926010169,3095.449926010169,0.0,0.0,False
4.84,74.14816759846471,15.690694211946266,0.38156111825901495,-6.948245146070738e-06,-0.0005946285301427154,-1.1988931453617183e-07,0.3142044754180499,0.3142044754180499,0.31592976466252615,0.31592976466252615,3475.015408029023,3475.015408029023,3095.4517742442513,3095.4517742442513,0.0,0.0,False
4.85,74.3050859010403,15.692966265349332,0.3815610497904711,-6.732556634210469e-06,-0.0005946288581396731,5.109987095199459e-08,0.3142044614425294,0.3142044614425294,0.31592975795132794,0.31592975795132794,3475.018482643537,3475.018482643537,3095.453250707857,3095.453250707857,0.0,0.0,False
4.86,74.46202692301547,15.695238091884933,0.38156098384651294,-6.445271160026473e-06,-0.0005946275732293617,2.0257845941504167e-07,0.31420444907028866,0.31420444907028866,0.3159297528355024,0.3159297528355024,3475.0212045364983,3475.0212045364983,3095.454376189476,3095.454376189476,0.0,0.0,False
4.87,74.61899066212224,15.697509691700732,0.3815609210852762,-6.097904876196739e-06,-0.0005946248732174638,3.340761955706961e-07,0.3142044383169214,0.3142044383169214,0.31592974920845746,0.31592974920845746,3475.0235702772934,3475.0235702772934,3095.4551741393634,3095.4551741393634,0.0,0.0,False
4.88,74.7759771160942,15.699781064938964,0.3815608620514696,-5.701606064449256e-06,-0.0005946209585918201,4.455198112046944e-07,0.31420442917338814,0.31420442917338814,0.31592974695440634,0.31592974695440634,3475.0255818546116,3475.0255818546116,3095.455670030608,3095.455670030608,0.0,0.0,False
4.89,74.9329862826662,15.702052211734888,0.38156080718065366,-5.267038132696104e-06,-0.0005946160287682962,5.371896121254524e-07,0.314204421608603,0.314204421608603,0.31592974595106993,0.31592974595106993,3475.0272461073405,3475.0272461073405,3095.455890764619,3095.455890764619,0.0,0.0,False
4.9,75.09001815957448,15.704323132215482,0.38156075680459495,-4.804281648753616e-06,-0.00059461027877717,6.096749419419092e-07,0.3142044155720819,0.3142044155720819,0.315929746072163,0.315929746072163,3475.028574141986,3475.028574141986,3095.4558641241415,3095.4558641241415,0.0,0.0,False
4.91,75.24707274455648,15.7065938264984,0.38156071115750784,-4.3227547808213435e-06,-0.0005946038963967612,6.638294105294575e-07,0.31420441099660257,0.31420441099660257,0.31592974718965244,0.31592974718965244,3475.0295807474386,3475.0295807474386,3095.455618276466,3095.455618276466,0.0,0.0,False
4.92,75.40415003535081,15.708864294691175,0.38156067038300223,-3.831151316969471e-06,-0.0005945970597326269,7.007266737741819e-07,0.31420440780084086,0.31420440780084086,0.31592974917578215,0.31592974917578215,3475.030283815015,3475.030283815015,3095.455181327931,3095.455181327931,0.0,0.0,False
4.93,75.56125002969708,15.711134536890624,0.38156063454156763,-3.337395281620994e-06,-0.0005945899352333006,7.216174538069714e-07,0.31420440589194565,0.31420440589194565,0.3159297519048626,0.3159297519048626,3475.030703771961,3475.030703771961,3095.454580930229,3095.454580930229,0.0,0.0,False
4.94,75.71837272533567,15.713404553182478,0.3815606036184332,-2.8486110416482096e-06,-0.0005945826761271183,7.278883889999105e-07,0.3142044051680216,0.3142044051680216,0.3159297552548257,0.3159297552548257,3475.030863035248,3475.030863035248,3095.4538439383505,3095.4538439383505,0.0,0.0,False
4.95,75.875518120008,15.715674343641235,0.38156057753165296,-2.371107691031998e-06,-0.0005945754212593234,7.210232038525814e-07,0.31420440552049406,0.31420440552049406,0.31592975910855003,0.31592975910855003,3475.030785491311,3475.030785491311,3095.452996118996,3095.452996118996,0.0,0.0,False
4.96,76.03268621145601,15.71794390833012,0.3815605561402824,-1.910376434978606e-06,-0.0005945682943041703,7.025665964816125e-07,0.314204406836331,0.314204406836331,0.31592976335496514,0.31592976335496514,3475.0304960071844,3475.0304960071844,3095.452061907672,3095.452061907672,0.0,0.0,False
4.97,76.18987699742225,15.720213247301269,0.3815605392525213,-1.4710996455128103e-06,-0.0005945614033232764,6.7409114507834e-07,0.31420440900010854,0.31420440900010854,0.31592976788994326,0.31592976788994326,3475.030019976124,3475.030019976124,3095.4510642124865,3095.4510642124865,0.0,0.0,False
4.98,76.34709047564975,15.722482360596002,0.3815605266337135,-1.0571702401585068e-06,-0.0005945548406388624,6.371674535575706e-07,0.3142044118959025,0.3142044118959025,0.3159297726169902,0.3159297726169902,3475.0293829014577,3475.0293829014577,3095.450024262164,3095.450024262164,0.0,0.0,False
4.99,76.50432664388198,15.72475124824527,0.3815605180141053,-6.717200314185092e-07,-0.0005945486829887253,5.933376763093457e-07,0.3142044154089972,0.3142044154089972,0.3159297774477491,0.3159297774477491,3475.028610020623,3475.028610020623,3095.4489614952054,3095.4489614952054,0.0,0.0,False
