t,x_world,y_world,yaw_deg_carla,vx,vy,yaw_rate,ax,ay,steer,throttle,brake,Fz_FL,Fz_FR,Fz_RL,Fz_RR
0.02,-64.64484405517578,24.471010208129883,0.15919795632362366,10.0,0.0,0.0,0.0,0.0,0.10382979880205818,0.1,0.0,0.0,0.0,0.0,0.0
0.04,-64.44686126708984,24.471010208129883,0.1593857705593109,9.798148559902083,0.006387948809670208,0.0030106111546997043,-10.036167521215374,1.1695448996808895,0.10382695098485477,0.16055543202937503,0.0,4328.5520531944185,4757.454593634675,1817.7074980262082,2161.608520035196
0.06,-64.25289154052734,24.470558166503906,0.14671486616134644,9.600365510135115,0.040104770543368584,0.020956590542985903,-9.737012787602014,2.294947553644345,0.10382208575064927,0.2198903469594656,0.0,4073.7716474018707,4947.625097617289,1669.2192864522226,2369.88917361747
0.08,-64.06238555908203,24.469144821166992,0.09994593262672424,9.470764568394674,0.09303291476665876,0.06301599930226251,-4.575114764887307,3.389756469320782,0.10381722917572497,0.2587706294815977,0.0,3289.487920539515,4609.350111244909,2050.138385764879,3108.4253239319714
0.1,-63.87380599975586,24.46639060974121,0.0006742666009813547,9.395894542822665,0.1463892106259035,0.11425255333351747,-2.224044783307266,3.449311721374866,0.10381432275199345,0.28123163715320043,0.0,3031.5349773608646,4385.9876820030895,2276.041596362652,3362.06377033059
0.12,-63.68611526489258,24.462270736694336,-0.1610717475414276,9.380927150553177,0.18696864320830878,0.1650733939419361,-0.24253721078822668,3.3181775004129275,0.10381431398087874,0.28572185483404694,0.0,2826.0745586947924,4125.8020114597475,2530.6280500834546,3572.770628395526
0.14,-63.49856948852539,24.45682144165039,-0.3756103515625,9.377471752279922,0.21806192654277784,0.2088491170601692,-0.19967075643123552,3.2961682686999905,0.10381713908160392,0.28675847431602347,0.0,2824.461400656668,4116.4148448523465,2539.2041843049146,3575.1134363015562
0.16,-63.31111145019531,24.45005226135254,-0.6383667588233948,9.3747315438744,0.24036599003691664,0.24906073944418194,-0.18095855774094172,3.2320447438229203,0.1038226686110501,0.2875805368376799,0.0,2834.678714900997,4102.132986335751,2551.0261136072836,3567.291531034403
0.18,-63.123748779296875,24.44199562072754,-0.9446715712547302,9.372667689059705,0.25403509661081286,0.2847499748871541,-0.15916324581233368,3.149258834256187,0.10383051782895107,0.28819969328208844,0.0,2848.4498198451856,4083.633117535731,2566.3038996585674,3556.693926279031
0.2,-62.93647384643555,24.432682037353516,-1.2889404296875,9.371277634543349,0.25984360803328743,0.3152030951836476,-0.13605289602089915,3.0686826979101656,0.10384014257921603,0.2886167096369954,0.0,2861.816670393287,4065.2341692251625,2581.5387574988563,3546.4584507395857
0.22,-62.7492790222168,24.422143936157227,-1.6649476289749146,9.370502034569,0.2590248948463158,0.34008164202479935,-0.1136528991001209,3.005857553313193,0.10385092052951696,0.28884938962929996,0.0,2871.903329541263,4050.255539749075,2594.0244944258375,3538.8464322046448
0.24,-62.562171936035156,24.410402297973633,-2.0662238597869873,9.37024160872746,0.25309208626969654,0.35940192004162563,-0.09354431814003665,2.9705709789930137,0.1038622657495506,0.28892751738176214,0.0,2876.9092253662184,4040.845905208309,2602.0026028643406,3535.2659342975558
0.26,-62.375144958496094,24.39747428894043,-2.48663330078125,9.370376826534306,0.24366014931501911,0.37347978205143084,-0.07677167573669086,2.966793879120558,0.10387367644937967,0.28888695203970816,0.0,2876.117755830263,4037.953759616586,2604.688179427996,3536.267154686154
0.28,-62.18820571899414,24.383363723754883,-2.920379877090454,9.370785373628786,0.23228727976673738,0.38285393378592286,-0.06383872925178372,2.99340606932703,0.10388479184164101,0.2887643879113641,0.0,2869.760934703591,4041.4610437612223,2602.1631549577805,3541.651330008798
0.3,-62.0013542175293,24.368053436279297,-3.3625190258026123,9.37135530684746,0.22035270766878787,0.38820325644460285,-0.054781543860573156,3.0455305333717573,0.10389542084855952,0.2885934079457618,0.0,2858.769890048026,4050.4479690813973,2595.1625903942454,3550.6694262003834
0.32,-61.81460189819336,24.351531982421875,-3.8088390827178955,9.371993190596788,0.20897882969152662,0.39027026250541524,-0.049284163828072346,3.1160710697411163,0.10390547864398102,0.2884020428209636,0.0,2844.486382657494,4063.5064301729435,2584.8210025474336,3562.251072697375
0.34,-61.62795639038086,24.333765029907227,-4.255983352661133,9.372627679835574,0.19899612332402777,0.38979782085682146,-0.046804103617549296,3.1971153158807213,0.10391502580319256,0.2882116960493278,0.0,2828.3992913834227,4079.030843265622,2572.436499603033,3575.213187303451
0.36,-61.441429138183594,24.31472396850586,-4.701478958129883,9.373209620403667,0.19094329490229067,0.3874820952045845,-0.04668691325769029,3.281026687990098,0.10392418066012299,0.28803711387889985,0.0,2811.9398829738266,4095.447965136802,2559.284023724169,3588.4216472960843
0.38,-61.255027770996094,24.294374465942383,-5.143558025360107,9.373709870814869,0.18509277480669986,0.3839416701410997,-0.048258377606677054,3.3611794594705393,0.10393311764307427,0.28788703875553934,0.0,2796.344573337985,4111.374417206491,2546.487010021202,3600.899294020469
0.4,-61.06877136230469,24.272689819335938,-5.581150531768799,9.374115894684367,0.18149187275253184,0.37970094313515357,-0.05089122658375814,3.4323721546582164,0.10394201480929782,0.2877652315946898,0.0,2782.578470164077,4125.707889424359,2534.942756520835,3611.885736387119
0.42,-60.8826789855957,24.249637603759766,-6.013676643371582,9.374427916172293,0.18001142713837845,0.3751848564439272,-0.05404691649833678,3.4909839868569783,0.10395106565671176,0.28767162514831224,0.0,2771.3071994414295,4137.664614093691,2525.291410268073,3620.858974046409
0.44,-60.69675064086914,24.225204467773438,-6.441014289855957,9.37465516765608,0.18039573714261703,0.3707217591858075,-0.057296304118208304,3.5349449249853806,0.10396040906293147,0.28760344970317603,0.0,2762.9035802727235,4146.777357191312,2517.91707140617,3627.5295389033936
0.46,-60.511009216308594,24.199365615844727,-6.863409996032715,9.374812543776986,0.18230946139019424,0.3665514435886587,-0.06032365856794741,3.563580153385272,0.10397018814583378,0.28755623686690407,0.0,2757.47760790831,4152.866429949392,2512.97089862446,3631.8163162973574
0.48,-60.325462341308594,24.172115325927734,-7.281287670135498,9.374917808795123,0.18537879335338306,0.36283597983915256,-0.06291966250558301,3.5773811987598756,0.10398048348639528,0.28752465736146304,0.0,2754.920033461797,4155.994660048757,2510.4073247008,3633.8117127921605
0.5,-60.14013671875,24.143451690673828,-7.695198059082031,9.37498939914496,0.1892254925924864,0.3596716518034014,-0.064967318031516,3.5777410423797265,0.1039913476858384,0.287503180256512,0.0,2754.9525236582404,4156.4142029364075,2510.02697831612,3633.7417115407616
0.52,-59.95502471923828,24.113372802734375,-8.105813026428223,9.375044793519839,0.19349328160759313,0.3571009086520255,-0.06642494708356905,3.5666836574769722,0.10400280497533161,0.28748656194404826,0.0,2757.178837235303,4154.511674572119,2511.5210240466513,3631.9251847531477
0.54,-59.770145416259766,24.081886291503906,-8.513833999633789,9.375099388825188,0.19786677425297125,0.35512372056279645,-0.06730852857862517,3.546607988045441,0.10401484255409657,0.2874701833524437,0.0,2761.1332538355946,4150.755870401521,2514.5134506177264,3628.7354311014096
0.56,-59.585506439208984,24.04900550842285,-8.919933319091797,9.37516580891085,0.20208351774610198,0.3537080200801466,-0.06767499769688383,3.520059973055149,0.10402741977437062,0.2874502573267449,0.0,2766.323717036391,4145.650970177912,2518.598945795856,3624.565936696189
0.58,-59.4011116027832,24.01473617553711,-9.324688911437988,9.375253570871347,0.20593999273414787,0.3527990743050111,-0.06760745474352002,3.4895412805363297,0.10404050498116808,0.2874239287385958,0.0,2772.2680574141327,4139.697074179134,2523.3748562912597,3619.8016480456763
0.6,-59.21697998046875,23.979095458984375,-9.728650093078613,9.375369036913098,0.2092925665956182,0.3523277118487742,-0.06720272701889607,3.457359339469541,0.10405403341052458,0.28738928892607074,0.0,2778.522411383989,4133.359054865554,2528.466432909723,3614.7964552739477
0.62,-59.033103942871094,23.942096710205078,-10.132308006286621,9.375515589328261,0.2120544483732227,0.35221735443913393,-0.06656106849639157,3.4255185749393715,0.10406793905889904,0.28734532320152173,0.0,2784.7017913281675,4127.043724919788,2533.5453637782066,3609.8569248471285
0.64,-58.849510192871094,23.903751373291016,-10.535996437072754,9.375693967968076,0.2141896938570734,0.35238982473890523,-0.06577836060502106,3.3956523300624597,0.10408217089328826,0.28729180960957734,0.0,2790.492944285307,4121.085261594477,2538.3416354484452,3605.232163376364
0.66,-58.66618347167969,23.86408233642578,-10.93998908996582,9.375902714471097,0.21570526637261678,0.3527699355628207,-0.06494047975924531,3.3689916102875372,0.1040966484598092,0.2872291856586708,0.0,2795.660190101609,4115.738125661542,2542.6493389872594,3601.1092648822696
0.68,-58.483154296875,23.82309341430664,-11.34453010559082,9.37613867587182,0.21664205476737458,0.35328889269663316,-0.06411947062140931,3.34636470416384,0.1041113345789417,0.28715839723845404,0.0,2800.045347876168,4111.176288194019,2546.3273797896654,3597.6134596064894
0.7,-58.3004035949707,23.780797958374023,-11.749713897705078,9.376397520429613,0.21706563549151836,0.35388659016909896,-0.06337180165990537,3.3282231860844305,0.10412618046986102,0.2870807438711161,0.0,2803.562674477796,4107.497898907399,2549.295779453793,3594.812217417914
0.72,-58.11796188354492,23.73720359802246,-12.155597686767578,9.376674231143813,0.21705741640470824,0.35451291319239026,-0.06273777289893513,3.314685903222633,0.10414115843793167,0.28699773065685613,0.0,2806.1903263757144,4104.733686555328,2551.5289596668003,3592.722113315091
0.74,-57.93582534790039,23.692323684692383,-12.56218433380127,9.376963547560676,0.21670663832580828,0.35512818937111734,-0.062242320999991975,3.305595623077801,0.10415623116498322,0.28691093573179727,0.0,2807.9594438134172,4102.858041980524,2553.0468442634897,3591.3175685417095
0.76,-57.75400161743164,23.646156311035156,-12.96947193145752,9.37726033704019,0.21610355869149778,0.35570295065910734,-0.06189653740621082,3.3005813720940282,0.10417139588908174,0.28682189888794324,0.0,2808.9421347749667,4101.801360042672,2553.9049353446167,3590.5404573140754
0.78,-57.57250213623047,23.59870719909668,-13.377370834350586,9.377559882921762,0.21533399809428558,0.35621717543176656,-0.061699968613849195,3.2991221778875546,0.10418664809076368,0.28673203512347134,0.0,2809.239231763445,4101.462779915833,2554.184052036005,3590.309877771441
0.8,-57.39133834838867,23.54998207092285,-13.785848617553711,9.377858088202567,0.21447530180326185,0.35665917371259354,-0.06164301191151206,3.3006067852423375,0.10420197609504384,0.28664257353922995,0.0,2808.9688015259185,4101.722196509356,2553.980650293664,3590.531315822585
0.82,-57.21051788330078,23.499984741210938,-14.194753646850586,9.378151599091257,0.21359365907891992,0.3570242586921706,-0.06170943205567717,3.304386675471459,0.10421739298533353,0.2865545202726228,0.0,2808.2559593271503,4102.45099456682,2553.398163245679,3591.1047593432977
0.84,-57.03004455566406,23.448707580566406,-14.60405158996582,9.37843785538066,0.21274265707944587,0.3573133346744756,-0.061878876002115786,3.309820874235418,0.10423291891566211,0.28646864338580186,0.0,2807.224280919558,4103.521185269778,2552.5396215504397,3591.931530433816
0.86,-56.84993362426758,23.396162033081055,-15.013628959655762,9.378715080508783,0.21196289150722886,0.35753150493378055,-0.0621290076480826,3.3163108106977988,0.1042485501459216,0.286385475847365,0.0,2805.9891100518553,4104.81256622862,2551.5018659589,3592.919605126274
0.88,-56.67019271850586,23.34233856201172,-15.423418045043945,9.378982226497136,0.21128242030854447,0.3576867709337566,-0.0624372298105438,3.323324977039564,0.1042643211198659,0.2863053320508591,0.0,2804.6528204420138,4106.217837653822,2550.3714069675043,3593.9873742938535
0.9,-56.49083709716797,23.287242889404297,-15.833357810974121,9.379238884477319,0.21071785264164683,0.3577888794666454,-0.06278228506734744,3.330415237466454,0.10428023515132574,0.2862283346568043,0.0,2803.3017188478925,4107.646049684688,2549.2216249199805,3595.0660910449956
0.92,-56.31187438964844,23.230873107910156,-16.24339485168457,9.379485176526655,0.2102758665402703,0.3578483479663872,-0.06314511384159457,3.3372239711856504,0.1042963110265355,0.2861544470420034,0.0,2802.0046580186,4109.024180243236,2548.1114846784676,3596.100962701533
0.94,-56.13330841064453,23.173229217529297,-16.653457641601562,9.37972163843681,0.2099549678280525,0.35787567857954594,-0.0635096294991866,3.3434850359127726,0.10431256815335607,0.28608350846895725,0.0,2800.8128793527085,4110.297462758561,2547.0852545854395,3597.0512586945124
0.96,-55.95515441894531,23.11431312561035,-17.063549041748047,9.379949102643996,0.20974733752372313,0.35788076345086567,-0.06386302714970037,3.3490191245793888,0.10432900947433094,0.2860152692068011,0.0,2799.7609088366135,4111.42855986725,2546.1731607252514,3597.889583907402
0.98,-55.77742004394531,23.05412483215332,-17.47364044189453,9.380168589559148,0.2096406358564919,0.3578724656334957,-0.06419578900995636,3.353724962796561,0.1043456480118944,0.28594942313225574,0.0,2798.8682486712887,4112.395874848905,2545.392739259545,3598.6005207192693
1.0,-55.60011672973633,22.992666244506836,-17.883737564086914,9.380381210815699,0.20961966946018207,0.3578583579336102,-0.06450159758579689,3.357568331891779,0.10436248636477377,0.28588563675529033,0.0,2798.141502359418,4113.191408380312,2544.750555576532,3599.1789257353794
1.02,-55.423255920410156,22.929935455322266,-18.293800354003906,9.380588088233264,0.20966785665105003,0.35784459709340605,-0.06477697321034387,3.3605694481140347,0.10437954599865168,0.28582357353002086,0.0,2797.5767964976185,4113.818258983884,2544.2442152228746,3599.6279947057196
1.04,-55.24684524536133,22.865942001342773,-18.703861236572266,9.38079028886616,0.20976845254863363,0.3578359087923878,-0.06502094418950417,3.3627903861930197,0.10439680711492035,0.28576291334015186,0.0,2797.162212179056,4114.288119752046,2543.8643774276406,3599.9573193438036
1.06,-55.070892333984375,22.800683975219727,-19.113895416259766,9.380988778671592,0.20990551290761175,0.35783565497246633,-0.065234407982793,3.3643221431521826,0.1044142879100862,0.28570336639852256,0.0,2796.8802495564214,4114.61867579953,2543.5968549945906,3600.1809243273397
1.08,-54.895408630371094,22.734161376953125,-19.523954391479492,9.38118439045581,0.2100646026512714,0.3578459620409292,-0.06541985991253375,3.365273877024672,0.10443198477782066,0.2856446828632572,0.0,2796.7099280586335,4114.831443499191,2543.4243524600083,3600.3155889323784
1.1,-54.72040557861328,22.6663818359375,-19.93402099609375,9.381377806679115,0.21023326728298786,0.3578678904554349,-0.06558078565167876,3.3657627426835917,0.1044498940752294,0.2855866579962655,0.0,2796.628718527681,4114.9497068724995,2543.3281335534375,3600.379310639748
1.12,-54.5458869934082,22.59734535217285,-20.3441104888916,9.381569554723947,0.21040128773265102,0.35790162264524455,-0.06572128185953825,3.365905734178574,0.10446801967168791,0.28552913358281573,0.0,2796.6141196211147,4114.996857734289,2543.2893603101215,3600.3900493634733
1.14,-54.371864318847656,22.52705955505371,-20.75426483154297,9.381760011342847,0.21056075593448612,0.35794665745747356,-0.06584571797783156,3.365813412552606,0.10448634262077677,0.28547199659714606,0.0,2796.6448672772544,4114.995112027253,2543.2901297396907,3600.3647650867774
1.16,-54.19834899902344,22.45552635192871,-21.164480209350586,9.381949415471038,0.21070600312995713,0.35800199649454656,-0.06595834769965048,3.365584967561413,0.10450486808917402,0.2854151753586887,0.0,2796.7018724817726,4114.9644874511305,2543.3143021140204,3600.3186744799423
1.18,-54.02534484863281,22.38274574279785,-21.574726104736328,9.382137885030437,0.2108334197904065,0.35806631539353295,-0.06606320424413394,3.365305561761648,0.10452361203158539,0.285358634490869,0.0,2796.768750597275,4114.922250054198,2543.3479472829813,3600.2648290590714
1.2,-53.85286331176758,22.308725357055664,-21.98509407043457,9.38232543615961,0.21094120497798743,0.3581381172283904,-0.06616392212829393,3.3650448720356514,0.10454254084952092,0.28530236915211715,0.0,2796.8320980639432,4114.882598609944,2543.379601829657,3600.2138974063373
1.22,-53.68091583251953,22.233469009399414,-22.395519256591797,9.382512006189899,0.21102906466032553,0.3582158562709885,-0.0662634455346779,3.36485603155988,0.10456167295758133,0.28524639814303043,0.0,2796.88167180635,4114.856422239808,2543.4004699227926,3600.174027829107
1.24,-53.5095100402832,22.1569766998291,-22.806047439575195,9.382697474015975,0.21109789350579977,0.35829803606692423,-0.06636424983612728,3.364776983648769,0.1045810032272653,0.2851907577952074,0.0,2796.910168848073,4114.851566978626,2543.40420524412,3600.1510207323463
1.26,-53.33864974975586,22.079259872436523,-23.216690063476562,9.382881679770817,0.21114946434909654,0.358383284886502,-0.06646815625098973,3.3648314623011806,0.10460051038994173,0.285135496068755,0.0,2796.913010020804,4114.873012848292,2543.386773125654,3600.1485061620115
1.28,-53.168357849121094,22.000316619873047,-23.627391815185547,9.383064443510692,0.21118613210293033,0.358470402664205,-0.06657635343267605,3.3650306011780766,0.10462022606738351,0.28508066694679235,0.0,2796.8880326674202,4114.923185413088,2543.3462005377023,3600.168189998839
1.3,-52.998626708984375,21.92015266418457,-24.038217544555664,9.383245578571364,0.21121057601668317,0.3585583909436174,-0.06668966135638173,3.365375766708699,0.10464012373879791,0.2850263264285909,0.0,2796.8349740902195,4115.002528596984,2543.282111376525,3600.210262719823
1.32,-52.8294677734375,21.83877182006836,-24.449134826660156,9.383424904584293,0.21122557975934483,0.35864646393925903,-0.06680830511971532,3.3658599267036844,0.1046602141121988,0.28497252862471195,0.0,2796.7551655771103,4115.109763233618,2543.1955240074394,3600.2736495856543
1.34,-52.66089630126953,21.756175994873047,-24.860172271728516,9.383602256280613,0.21123385193138153,0.3587340427823237,-0.06693223350714844,3.366470342690855,0.10468049354740688,0.28491932311581625,0.0,2796.6510510481994,4115.242436051457,2543.0884044815843,3600.3563899996884
1.36,-52.492923736572266,21.672372817993164,-25.271310806274414,9.383777489577797,0.2112378936775394,0.3588207416652977,-0.06706108435313483,3.367190376188011,0.1047009607077844,0.2848667531266608,0.0,2796.5258207852903,4115.397279403762,2542.963378818447,3600.455931909433
1.38,-52.3255500793457,21.58736228942871,-25.68253517150879,9.38395048538749,0.21123990563309766,0.3589063449460772,-0.06719430029192211,3.368001294089961,0.10472162855425685,0.2848148543837528,0.0,2796.3830702762916,4115.570577339296,2542.8234370604255,3600.5694029266483
1.4,-52.15878677368164,21.50115394592285,-26.093852996826172,9.384121150484468,0.21124173447899725,0.35899078146882785,-0.06733124555745526,3.3688839503356838,0.10474248337898835,0.2847636548546596,0.0,2796.226481903551,4115.758509260366,2542.6716552208886,3600.693863053463
1.42,-51.992645263671875,21.41374969482422,-26.505292892456055,9.384289417854937,0.211244849211778,0.35907409535407137,-0.06747115315259121,3.3698196031553223,0.10476352086077619,0.28471317464351886,0.0,2796.0596514386207,4115.957312673514,2542.5110658578456,3600.8264448715076
1.44,-51.82712936401367,21.325153350830078,-26.916791915893555,9.384455245278662,0.2112503417144004,0.3591564152551073,-0.06761326412538958,3.370790970056967,0.10478476378793551,0.2846634264164013,0.0,2795.8858985510383,4116.163502426769,2542.3444793216936,3600.964502514787
1.46,-51.662254333496094,21.23536491394043,-27.328414916992188,9.384618611478489,0.21125895315900942,0.3592379294963237,-0.06775694210405868,3.3717832061670165,0.10480620005901789,0.28461441655645336,0.0,2795.7080864701056,4116.374075875154,2542.1743167446502,3601.1057537622664
1.48,-51.49802017211914,21.14439582824707,-27.740131378173828,9.38477951344929,0.21127111248585398,0.35931886273013275,-0.0679015316747002,3.372783747359144,0.10482782377713981,0.28456614596521296,0.0,2795.528627549529,4116.586477587861,2542.002641253489,3601.2482784904205
1.5,-51.33445358276367,21.05224609375,-28.15193748474121,9.384937963389547,0.21128697998246584,0.35939945303226967,-0.06804646809849521,3.3737825588483763,0.10484964987551394,0.284518610983136,0.0,2795.34945029906,4116.798655482894,2541.8311106281362,3601.390542776071
1.52,-51.17154312133789,20.958919525146484,-28.56380271911621,9.385093984294596,0.21130649988905503,0.3594799362148428,-0.06819134724217257,3.3747723944612944,0.10487168885545912,0.28447180471162137,0.0,2795.1719559283374,4117.0091194084835,2541.66092877944,3601.531432189535
1.54,-51.009300231933594,20.864425659179688,-28.97579574584961,9.385247606131848,0.21132945501265768,0.3595605354307286,-0.06833586923588782,3.375748523271865,0.10489390418312493,0.2844257181604455,0.0,2794.99706121094,4117.216886519436,2541.492890667514,3601.670218545747
1.56,-50.847747802734375,20.768762588500977,-29.38787841796875,9.38539886461744,0.21135551109886966,0.35964144881403726,-0.06847968737493958,3.3767078319237798,0.10491632821180677,0.2843803406147682,0.0,2794.8253529384097,4117.421294545609,2541.3275352101414,3601.8064392445463
1.58,-50.6868782043457,20.671939849853516,-29.800048828125,9.38554779710507,0.21138426139588415,0.3597228435478586,-0.06862272545458008,3.377649490424631,0.10493894863513809,0.2843356608684788,0.0,2794.6570054560025,4117.622151450961,2541.1650185768076,3601.9399566849443
1.6,-50.52671813964844,20.573959350585938,-30.212316513061523,9.385694440645377,0.21141526811060726,0.35980485551487146,-0.06876488204483448,3.3785739530925514,0.10496177189222614,0.28429166780638687,0.0,2794.4919294633983,4117.819524290437,2541.0052896414377,3602.0708451090572
1.62,-50.36725616455078,20.47482681274414,-30.624671936035156,9.385838830363475,0.21144809276530793,0.3598875881126893,-0.06890616453045424,3.379482858210016,0.10498479692105296,0.28424835089095735,0.0,2794.329814734371,4118.013724480308,2540.848099000172,3602.1993535560755
1.64,-50.20851135253906,20.374547958374023,-31.03715705871582,9.385980998214725,0.21148232127468133,0.3599711143562283,-0.0690466146658137,3.3803785878481807,0.10500800660216451,0.2842057005355825,0.0,2794.1702049980686,4118.205217212401,2540.6930731460316,3602.3258473627584
1.66,-50.05049133300781,20.27312660217285,-31.44969367980957,9.386120973020436,0.21151757901889318,0.3600554779149837,-0.06918625750978934,3.3812637644787635,0.10503143717680731,0.28416370809386926,0.0,2794.0125907540278,4118.394517591722,2540.5397988425734,3602.450734837969
1.68,-49.89320373535156,20.17056655883789,-31.862321853637695,9.38625877840547,0.21155354551826824,0.36014069922743897,-0.0693252981687613,3.3821417197629677,0.10505507513656892,0.2841223664783591,0.0,2793.8563470853483,4118.582294557136,2540.3877356388116,3602.574512965283
1.7,-49.73665237426758,20.066875457763672,-32.27507400512695,9.386394433341318,0.21158996256478213,0.36022678187731455,-0.06946383573726876,3.3830155420583736,0.10507890010717919,0.2840816699976047,0.0,2793.7008767840857,4118.769167237612,2540.2363851573564,3602.6976586460014
1.72,-49.58085250854492,19.96205711364746,-32.68791961669922,9.386527953638009,0.21162662969277737,0.3603137128385424,-0.06960192927476959,3.3838878517673385,0.10510293034048632,0.2840416139085974,0.0,2793.545668485283,4118.955660259786,2540.085325615166,3602.820580771965
1.74,-49.42581558227539,19.856115341186523,-33.10084915161133,9.38665935124787,0.21166340232503922,0.3604014668532643,-0.06973973789875347,3.38476125481221,0.10512717476185676,0.2840021946256391,0.0,2793.3902284266583,4119.142301816561,2539.934130226593,3602.9436719777914
1.76,-49.271541595458984,19.74905776977539,-33.5139045715332,9.38678863419881,0.21170019078035907,0.36049001337623626,-0.06987740548857789,3.3856380993997313,0.10515160781496154,0.283963409740357,0.0,2793.234109399027,4119.329570495946,2539.782412236184,3603.0672878272503
1.78,-49.1180419921875,19.640888214111328,-33.92702102661133,9.386915808540602,0.21173695036161896,0.3605793178582342,-0.07001495818076607,3.3865199615673784,0.10517626437205843,0.2839252574378195,0.0,2793.0769985165853,4119.517785475401,2539.629915169093,3603.1916786440834
1.8,-48.9653205871582,19.531612396240234,-34.34028244018555,9.387040877422065,0.21177367499422559,0.3606693455047444,-0.0701525726781176,3.3874084822455726,0.10520110407670273,0.28388773677338064,0.0,2792.9185939118397,4119.707286679807,2539.4763627329535,3603.317082735474
1.82,-48.81339645385742,19.42123794555664,-34.75360870361328,9.387163843278541,0.21181038783919243,0.3607600628359721,-0.07029020592033489,3.3883043409046394,0.10522616278377503,0.2838508470164376,0.0,2792.758749213452,4119.89821197763,2539.3216452528704,3603.443618334618
1.84,-48.66226577758789,19.30976676940918,-35.167049407958984,9.387284707012471,0.21184713299198538,0.36085143879581355,-0.07042799769231235,3.38920836331765,0.10525142347140364,0.2838145878962587,0.0,2792.5973192073084,4120.090736539061,2539.1656193157987,3603.5713989178084
1.86,-48.51194381713867,19.19720458984375,-35.58059310913086,9.38740346889362,0.2118839705958816,0.3609434478891438,-0.07056594514147692,3.3901208115308656,0.10527689343011824,0.28377895933191405,0.0,2792.4342471503337,4120.284916972307,2539.008239547947,3603.700469998151
1.88,-48.36243438720703,19.083559036254883,-35.9942626953125,9.387520129000738,0.21192096838756033,0.3610360693375279,-0.07070408733912838,3.3910417768312993,0.10530255634847152,0.28374396129977875,0.0,2792.2695180791743,4120.480776748101,2538.8494862870753,3603.8308427304823
1.9,-48.21375274658203,18.968835830688477,-36.408016204833984,9.38763468807319,0.21195819497570906,0.36112928635395736,-0.07084238398444447,3.391970931749921,0.10532843542886887,0.28370959357804304,0.0,2792.103188231468,4120.6782512313375,2538.6894121985724,3603.962472862464
1.92,-48.06590270996094,18.853038787841797,-36.82188415527344,9.38774714671722,0.2119957169086699,0.36122308687642923,-0.07098089596486139,3.392908131559997,0.10535451967473787,0.2836758559848338,0.0,2791.935294301503,4120.877316679391,2538.5280350424964,3604.095329694853
1.94,-47.91888427734375,18.736175537109375,-37.2358512878418,9.387857505965098,0.21203359684781334,0.36131746441143775,-0.07111959379324433,3.3938529663215142,0.10538081181288955,0.2836427482104707,0.0,2791.765911088183,4121.077892177938,2538.3654203145334,3604.2293538699405
1.96,-47.77272033691406,18.618249893188477,-37.64994812011719,9.38796576749998,0.2120718896825495,0.36141241627883763,-0.07125847189476107,3.394805000273051,0.10540730442866184,0.28361026975000614,0.0,2791.595123340464,4121.279891779179,2538.201637066788,3604.3644775724033
1.98,-47.627410888671875,18.499269485473633,-38.06415557861328,9.388071933903337,0.21211064057178192,0.3615079424753975,-0.07139749193478713,3.395763684258706,0.10543400254326733,0.2835784198289989,0.0,2791.4230336328446,4121.483204733943,2538.0367749393617,3604.500619395958
2.0,-47.48296356201172,18.379240036010742,-38.47846603393555,9.388176008399606,0.21214988442634738,0.36160404486317566,-0.07153664667521874,3.3967285655291377,0.10546091164925227,0.2835471974801182,0.0,2791.2497308687452,4121.687740504445,2537.870906726045,3604.6377082555246
2.02,-47.339378356933594,18.25816535949707,-38.89289474487305,9.388277994496258,0.21218964769220652,0.36170072770565526,-0.07167593761809231,3.3976993024168483,0.10548802782816914,0.2835166016511225,0.0,2791.07528315893,4121.893431263877,2537.7040868238637,3604.7756895511748
2.04,-47.19668197631836,18.13605499267578,-39.30741500854492,9.3883778961878,0.21222994883232477,0.36179799702913823,-0.07181534203726112,3.3986755380702394,0.10551536265872333,0.2834866311436601,0.0,2790.8997578860553,4122.100204792777,2537.536373665129,3604.9145097799737
2.06,-47.05487060546875,18.01291275024414,-39.72209167480469,9.388475717459844,0.21227079992799794,0.36189586060249407,-0.07195488330431894,3.399657115027574,0.10554288368019743,0.2834572847620468,0.0,2790.7231902407125,4122.308030841371,2537.3677910612046,3605.0541402821386
2.08,-46.91394805908203,17.88874626159668,-40.136863708496094,9.388571463635753,0.21231220449190683,0.36199432508538254,-0.07209445535912111,3.4006434934468133,0.10557062164520323,0.2834285609092742,0.0,2790.5456712554965,4122.516795841786,2537.1984323677075,3605.1945103613084
2.1,-46.77393341064453,17.763561248779297,-40.551727294921875,9.388665139893599,0.21235415935406557,0.3620933957559641,-0.0722341238775669,3.4016346482463464,0.10559858381151152,0.28340045803192043,0.0,2790.367217620878,4122.726496863378,2537.028298631282,3605.335605331599
2.12,-46.634822845458984,17.637361526489258,-40.96673583984375,9.388756750634782,0.21239666121596779,0.3621930803077636,-0.07237391959005078,3.402630684235906,0.10562674361648497,0.28337297480956547,0.0,2790.1878130490386,4122.937156863712,2536.8573708344193,3605.477437643087
2.14,-46.49663543701172,17.510156631469727,-41.3818473815918,9.388846301029533,0.21243970377875177,0.3622933858965358,-0.0725137681207134,3.4036313596121346,0.10565512133002553,0.28334610969114016,0.0,2790.0074939183587,4123.1487237570955,2536.6856923569785,3605.619979743701
2.16,-46.35936737060547,17.3819522857666,-41.79707717895508,9.388933796065732,0.21248327797188052,0.3623943182210347,-0.07265371729690019,3.4046367591802844,0.10568370810469738,0.28331986118028035,0.0,2789.8262517964035,4123.361216048399,2536.5132474214647,3605.763237454715
2.18,-46.22303009033203,17.252756118774414,-42.21242141723633,9.38901924066675,0.21252737448447487,0.3624958827192283,-0.07279374722403675,3.405646872567227,0.10571250528976452,0.28329422779997504,0.0,2789.6440856291356,4123.574630667043,2536.340038955999,3605.9072120873548
2.2,-46.08763885498047,17.122570037841797,-42.62784957885742,9.38910263979783,0.21257198324743973,0.3625980835652567,-0.07293386053097586,3.406661730632129,0.10574154569315053,0.283269208060651,0.0,2789.4609900936525,4123.788973507103,2536.1660622358913,3606.0519079108863
2.22,-45.95319366455078,16.991405487060547,-43.04340362548828,9.389183996970626,0.21261709844303814,0.3627009270426884,-0.07307416526376859,3.407681795733625,0.10577079149069421,0.28324480090881216,0.0,2789.2768899714392,4124.004342854325,2535.9912362090204,3606.1973829917183
2.24,-45.8197021484375,16.85926628112793,-43.459075927734375,9.389263316159811,0.21266271636843667,0.3628044201712133,-0.07321457267107857,3.4087069611563354,0.10580025527030013,0.2832210051520567,0.0,2789.0917915209075,4124.220713861877,2535.8155826861716,3606.343634199951
2.26,-45.68716812133789,16.72616195678711,-43.8748664855957,9.389340601521488,0.2127088316631157,0.3629085676020668,-0.07335510947092673,3.4097372958413477,0.10582993036236919,0.2831978195435537,0.0,2788.9056859267266,4124.438100938478,2535.6390896083312,3606.4906680979884
2.28,-45.55560302734375,16.59209632873535,-44.29075622558594,9.389415857274859,0.21275543883485018,0.3630133725941314,-0.07349575750851513,3.410772789560283,0.10585983828675989,0.28317524281754236,0.0,2788.718572476454,4124.656500992719,2535.461759880322,3606.6384856831605
2.3,-45.42502212524414,16.45707893371582,-44.7067985534668,9.389489086873718,0.212802534533081,0.3631188386064581,-0.07363658324204225,3.411813715856956,0.10588994105790073,0.28315327393788453,0.0,2788.5304072429462,4124.875972110497,2535.2835455650547,3606.7871208140905
2.32,-45.29541778564453,16.32111358642578,-45.1230354309082,9.389560294696544,0.21285011483040162,0.36322496749672756,-0.07377748273460837,3.412859817256938,0.10592021539001616,0.2831319115910368,0.0,2788.3412247701604,4125.096457794714,2535.10449418926,3606.9365480193114
2.34,-45.166805267333984,16.184207916259766,-45.53932571411133,9.38962948700599,0.21289816821485905,0.36333175388673966,-0.07391835681661064,3.4139106057915414,0.10595075503619698,0.28311115389820285,0.0,2788.1511082540032,4125.317853527271,2534.9246917433984,3607.0867027771465
2.36,-45.03919219970703,16.046371459960938,-45.955726623535156,9.389696667143145,0.21294668835357125,0.363439194158918,-0.07405947432353853,3.4149669234988997,0.10598151792363592,0.2830909998570565,0.0,2787.9599332602165,4125.5403407407175,2534.7439871427023,3607.2376792518007
2.38,-44.9125862121582,15.907607078552246,-46.372222900390625,9.38976183762721,0.21299567906199537,0.3635472912936719,-0.07420076888993077,3.4160289182059533,0.10601252633065902,0.2830714487118369,0.0,2787.7676570649974,4125.7639486523485,2534.5623583278466,3607.389513067491
2.4,-44.786991119384766,15.767925262451172,-46.78886795043945,9.389825000368697,0.2130451480646965,0.36365605091053044,-0.07434231903474657,3.417096935074381,0.10604373610790283,0.28305249988939085,0.0,2787.5742225734834,4125.988751150183,2534.379744412185,3607.5422483617717
2.42,-44.662410736083984,15.627333641052246,-47.20564270019531,9.389886158389942,0.21309510205680238,0.3637654782165372,-0.0744840062513658,3.4181706613291674,0.10607515911967863,0.28303415248301744,0.0,2787.3796725297834,4126.214680492814,2534.1962022240637,3607.6958533739084
2.44,-44.53886032104492,15.48583698272705,-47.62254333496094,9.389945315354584,0.21314554257527338,0.3638755746672388,-0.07462584122198704,3.419249977826086,0.10610680729736037,0.2830164053936247,0.0,2787.184033434245,4126.441712246897,2534.0117511924445,3607.850306693401
2.46,-44.41633987426758,15.3434419631958,-48.03959274291992,9.39000247449466,0.21319647064749778,0.36398634123958706,-0.07476785551339302,3.4203349537773495,0.10613866534252481,0.28299925765160217,0.0,2786.987296667349,4126.66986173815,2533.826378402049,3608.005614604652
2.48,-44.29486846923828,15.20015811920166,-48.456748962402344,9.390057639421387,0.21324788643350087,0.36409777820394124,-0.07491000620869391,3.4214254521615035,0.1061707616407828,0.28298270817358373,0.0,2786.78948260742,4126.899099532224,2533.6401083933415,3608.1617617075144
2.5,-44.17443084716797,15.05599308013916,-48.874046325683594,9.390110812952818,0.21329979122849604,0.3642098865328685,-0.07505237572151853,3.4225217203065683,0.10620306662828008,0.2829667561141546,0.0,2786.59055511074,4127.129479272819,2533.45289645264,3608.3187752813146
2.52,-44.055057525634766,14.910951614379883,-49.29148483276367,9.390161998386114,0.21335218667900108,0.36432266760349585,-0.07519488926879919,3.423623579057405,0.10623559414274884,0.2829514004841657,0.0,2786.390537374026,4127.360962042909,2533.2647753804763,3608.47663832278
2.54,-43.93674087524414,14.765043258666992,-49.70905685424805,9.390211199091942,0.21340507263671224,0.3644361214485279,-0.07533757734313588,3.4247310506382878,0.10626834186609818,0.28293664027241744,0.0,2786.189430292658,4127.593553338714,2533.0757401758965,3608.635349519983
2.56,-43.81948471069336,14.61827564239502,-50.12672424316406,9.390258418308383,0.21345844919308873,0.3645502482671094,-0.07548043676513021,3.425844131341727,0.10630133842788218,0.28292247450748514,0.0,2785.9872339396015,4127.82725247717,2532.8857914848604,3608.794908912686
2.58,-43.70330810546875,14.470656394958496,-50.5445442199707,9.39030365808274,0.21351231987762692,0.36466505088873147,-0.07562356200370265,3.4269631745741225,0.10633454591806309,0.2829089025751781,0.0,2785.7838923692707,4128.0621355693265,2532.6948663058442,3608.9553593845217
2.6,-43.58821105957031,14.32219123840332,-50.96251678466797,9.390346921139146,0.21356668878278467,0.3647805330686847,-0.07576685821391681,3.4280879666088904,0.106367968321467,0.2828959236582561,0.0,2785.5794321958333,4128.298156067537,2532.5030039685353,3609.1166816028444
2.62,-43.47419738769531,14.172887802124023,-51.380577087402344,9.390388210883097,0.21362155580873401,0.3648966957089992,-0.07591031970621431,3.4292183704742634,0.10640165584065435,0.2828835367350708,0.0,2785.3738805991525,4128.535285439095,2532.310227524809,3609.2788539482885
2.64,-43.36128234863281,14.02275562286377,-51.798789978027344,9.390427528777167,0.21367692487023127,0.3650135428125723,-0.07605410194248109,3.430354919984129,0.10643555821684016,0.28287174136684995,0.0,2785.1671555009843,4128.773638854037,2532.116441367268,3609.4419389703303
2.66,-43.24946594238281,13.87180233001709,-52.21712112426758,9.390464876932672,0.21373280181098397,0.36513108050110776,-0.07619808422663178,3.4314973886146056,0.10646970197571601,0.2828605369201984,0.0,2784.9592814296,4129.013166471968,2531.9216879915803,3609.6059195346334
2.68,-43.13874816894531,13.720036506652832,-52.63557434082031,9.3905002574047,0.21378919025327572,0.36524931372929703,-0.07634233143448858,3.4326458997081617,0.10650408210114387,0.2828499227785901,0.0,2784.750244622774,4129.25389571326,2531.72594408219,3609.7708053465167
2.7,-43.02914810180664,13.567462921142578,-53.05420684814453,9.390533671983562,0.2138460944898527,0.3653682484659705,-0.0764868379516042,3.4338004872470296,0.10653866619875971,0.2828398984049315,0.0,2784.5400368886385,4129.495833707792,2531.5292040483237,3609.936603100434
2.72,-42.92066955566406,13.414093017578125,-53.47293472290039,9.390565123889626,0.21390351402944205,0.36548788748388,-0.07663149897619055,3.434960757119241,0.10657351268141275,0.28283046283311214,0.0,2784.328720531996,4129.7388958532165,2531.331537972749,3610.1032650866127
2.74,-42.81330871582031,13.259931564331055,-53.89182662963867,9.390594614949249,0.21396144858540217,0.3656082335174509,-0.07677647391964842,3.4361271407484026,0.10660857351848277,0.28282161551522533,0.0,2784.1162355422225,4129.983175884365,2531.1328673768626,3610.2708361020527
2.76,-42.70708465576172,13.104987144470215,-54.31081008911133,9.39062214759261,0.21401989898035398,0.3657292902245575,-0.07692164237401124,3.437299383870639,0.10664391154605724,0.28281335572221683,0.0,2783.9026124683087,4130.228617941763,2530.9332395861966,3610.439294188577
2.78,-42.60198974609375,12.949271202087402,-54.729976654052734,9.390647722646067,0.21407886857463568,0.36585106304449194,-0.0770671866415451,3.4384780579635383,0.1066794403511913,0.28280568320617994,0.0,2783.6877664686804,4130.475345528525,2530.732551752447,3610.608703552034
2.8,-42.498046875,12.792787551879883,-55.14927673339844,9.390671342921658,0.2141383587075294,0.36597355628042316,-0.07721286999105623,3.4396625223217474,0.1067152183819912,0.28279859712350247,0.0,2783.47178672276,4130.723219447542,2530.5309204754294,3610.7789976762288
2.82,-42.39524841308594,12.635547637939453,-55.5687141418457,9.390693010937074,0.21419836599542175,0.366096770315285,-0.07735882836542902,3.440852993177408,0.10675123142725865,0.2827920967188778,0.0,2783.2546535096762,4130.972287919384,2530.3283042965313,3610.950189579102
2.84,-42.293601989746094,12.477558135986328,-55.98829650878906,9.390712728719476,0.21425888955237563,0.36622070702563625,-0.07750503667022637,3.442049494389025,0.1067874791954709,0.28278618138415706,0.0,2783.0363573739924,4131.222555271302,2530.124700278,3611.122287374079
2.86,-42.19312286376953,12.318826675415039,-56.40802764892578,9.390730498449372,0.21431992835806382,0.3663453678232768,-0.07765149444523341,3.443252032230839,0.10682396443765686,0.2827808504651884,0.0,2782.8168970085153,4131.474022724354,2529.9201074748694,3611.295292143392
2.88,-42.09380340576172,12.159360885620117,-56.8278923034668,9.390746322190893,0.21438148164225487,0.3664707539407182,-0.07779821122052145,3.444460648137549,0.10686069974480168,0.2827761033427322,0.0,2782.5962656382935,4131.726699104076,2529.7145186316957,3611.4692091403167
2.9,-41.99565887451172,11.999173164367676,-57.24790573120117,9.390760201380056,0.2144435507279548,0.3665968678830717,-0.077945231708627,3.4456755325656285,0.10689766549845377,0.28277193958598323,0.0,2782.37443204592,4131.980625202054,2529.5079001092145,3611.6440624635725
2.92,-41.89868927001953,11.83826732635498,-57.668067932128906,9.390772137836398,0.21450613718491207,0.36672371228927214,-0.07809250639089688,3.446896580535276,0.10693487394673683,0.28276835864908045,0.0,2782.15140885809,4132.23577798331,2529.3002714299764,3611.819843041598
2.94,-41.80290985107422,11.676654815673828,-58.08839416503906,9.390782133308248,0.21456924169643343,0.36685128900548053,-0.07824006571937599,3.4481238536698178,0.10697230784723845,0.28276536000752567,0.0,2781.9271888735993,4132.492171068439,2529.0916210571836,3611.9965560328533
2.96,-41.70831298828125,11.514344215393066,-58.508872985839844,9.39079019003506,0.21463286360059625,0.3669795987486515,-0.07838785879210218,3.44935718692819,0.1070099744259949,0.28276294298948185,0.0,2781.7017969144226,4132.749768856306,2528.881978630866,3612.174182629138
2.98,-41.61492156982422,11.351341247558594,-58.92946243286133,9.390796310432778,0.21469700022641627,0.3671086403756977,-0.07853589627221684,3.450596543805108,0.10704792673057523,0.2827611068701666,0.0,2781.475242510694,4133.008563987104,2528.6713498656018,3612.352715002403
3.0,-41.52272415161133,11.18765640258789,-59.35020065307617,9.390800494616716,0.2147616553573791,0.3672384172406227,-0.07868435156921987,3.451842571846432,0.10708612177192947,0.2827598516149852,0.0,2781.2474233216963,4133.268695766977,2528.459619401804,3612.532231549435
3.02,-41.43172836303711,11.023298263549805,-59.7711067199707,9.390802742828779,0.21482683758747298,0.36736893683946437,-0.07883313545358649,3.4530952185424915,0.10712454439549891,0.28275917715136634,0.0,2781.0183336783384,4133.530151318468,2528.2467994054605,3612.7127386564407
3.04,-41.34194564819336,10.858274459838867,-60.19215774536133,9.390803056676674,0.21489255059523235,0.3675002036161838,-0.07898218861093144,3.4543542072811513,0.1071632222428969,0.2827590829969978,0.0,2780.7880198120783,4133.79287169785,2528.0329384172333,3612.8942005329086
3.06,-41.25338363647461,10.692596435546875,-60.61336135864258,9.390801437306964,0.214958796062495,0.3676322207425993,-0.07913157939195722,3.455619668210943,0.10720214321248157,0.28275956880791087,0.0,2780.556467201841,4134.056885826049,2527.818011834463,3613.0766274086814
3.08,-41.166038513183594,10.526270866394043,-61.034725189208984,9.39079788585185,0.21502557597890892,0.36776499182871164,-0.07928127978801304,3.4568915571146817,0.10724130469919019,0.2827606342444451,0.0,2780.3236798095286,4134.322183900151,2527.602028109444,3613.2600166992
3.1,-41.079925537109375,10.359305381774902,-61.456233978271484,9.390792403812064,0.21509289045725405,0.36789851915928257,-0.07943127650662941,3.4581697973911663,0.10728072969800777,0.2827622788563808,0.0,2780.0896710365064,4134.588749657623,2527.385000582978,3613.444357960273
3.12,-40.99503707885742,10.19171142578125,-61.87790298461914,9.390784991892298,0.21516074084995204,0.3680328058760489,-0.0795816393096443,3.4594546199027043,0.10732039392731524,0.28276450243231055,0.0,2779.8544058428115,4134.856632970834,2527.166887805169,3613.629677826089
3.14,-40.91139602661133,10.023496627807617,-62.29972457885742,9.390775651187017,0.21522912883687131,0.36816785548388187,-0.07973230697521975,3.4607458974417953,0.1073603161409982,0.28276730464389493,0.0,2779.6178993333515,4135.125805865348,2526.9477134945982,3613.8159654735127
3.16,-40.8289909362793,9.854669570922852,-62.72170639038086,9.390764382546996,0.21529805545035435,0.3683036709735565,-0.07988332914421459,3.462043753603151,0.10740048628126893,0.28277068523590126,0.0,2779.3801349916034,4135.3962953409155,2526.727454973725,3614.003233117057
3.18,-40.74782943725586,9.685239791870117,-63.1438102722168,9.390751186843737,0.21536752212569668,0.3684402556674572,-0.08003468302228671,3.463348160698979,0.10744094347389455,0.28277464394687896,0.0,2779.1411143659125,4135.668095098524,2526.50611777431,3614.191479996345
3.2,-40.667930603027344,9.515215873718262,-63.56609344482422,9.390736063500407,0.21543753398866675,0.3685776156971735,-0.08018649393156484,3.464659576786154,0.1074816392449166,0.28277918094987786,0.0,2778.9007654945653,4135.941303789117,2526.2836201450323,3614.3807611600546
3.22,-40.58928298950195,9.344608306884766,-63.988548278808594,9.390719012832484,0.2155080966124605,0.3687157580792075,-0.08033863768560885,3.4659777354052053,0.10752257303015882,0.28278429615025474,0.0,2778.6591207351553,4136.215862917345,2526.0600115822836,3614.571053257211
3.24,-40.51189422607422,9.173423767089844,-64.4111557006836,9.390700036323102,0.21557920925123772,0.368854685294719,-0.08049108635850616,3.4673023950288986,0.10756377402085782,0.2827899891030695,0.0,2778.416224979674,4136.491721422433,2525.835333656307,3614.7623209215753
3.26,-40.43577575683594,9.001673698425293,-64.83391571044922,9.39067913465483,0.21565087062128876,0.36899439913711746,-0.0806439178233136,3.468633750670831,0.10760524013171975,0.28279625960355104,0.0,2778.1720521575417,4136.768921832358,2525.609550644876,3614.954583434352
3.28,-40.360923767089844,8.829365730285645,-65.25682830810547,9.39065630792317,0.21572308239930998,0.369134903430435,-0.0807971420030974,3.469971937441814,0.10764697519147276,0.28280310762304917,0.0,2777.9265761551637,4137.047492534035,2525.3826395629076,3615.147861509856
3.3,-40.287353515625,8.656510353088379,-65.67989349365234,9.390631555909007,0.21579584812844765,0.3692762034078578,-0.08095078031784658,3.471317093221822,0.10768898163917223,0.282810533227298,0.0,2777.6797723372856,4137.327462808539,2525.154576469582,3615.342174438253
3.32,-40.215057373046875,8.483116149902344,-66.10314178466797,9.390604878088192,0.21586917285910864,0.3694183056437804,-0.08110484969897581,3.472669339921365,0.10773122720405348,0.2828185365735424,0.0,2777.4316185124862,4137.608858544539,2524.9253402345753,3615.5375396406166
3.34,-40.14405059814453,8.309191703796387,-66.52654266357422,9.39057627517065,0.21594305827088459,0.3695612144746317,-0.08125925064980179,3.474028351202822,0.10777375214091632,0.28282711744880495,0.0,2777.1821640499506,4137.891609242764,2524.69498948773,3615.733919634318
3.36,-40.0743293762207,8.134747505187988,-66.95011901855469,9.390545747163962,0.21601750470921624,0.36970493306712826,-0.08141408772915058,3.4753943722142666,0.10781652790625586,0.28283627585081134,0.0,2776.931377334292,4138.17576856603,2524.4634790169066,3615.9313375846623
3.38,-40.00590515136719,7.9597930908203125,-67.37382507324219,9.39051329441952,0.21609251283456918,0.3698494647552428,-0.08156928741675824,3.4767672474631595,0.10785960823843072,0.2828460116741439,0.0,2776.6792771817404,4138.461302226343,2524.230837852265,3616.1297799419817
3.4,-39.93877410888672,7.784337043762207,-67.79773712158203,9.390478915662749,0.2161680865929871,0.36999481513954324,-0.08172501225779702,3.4781475155375823,0.10790291239530683,0.28285632530117527,0.0,2776.4257817802854,4138.748326547406,2523.996969288951,3616.329308869852
3.42,-39.872947692871094,7.608388423919678,-68.22180938720703,9.390442611566515,0.21624422798445625,0.3701409886826954,-0.08188103805972637,3.4795345786062275,0.10794649601333642,0.28286721653004554,0.0,2776.1709739724806,4139.036711292489,2523.7619824574494,3616.529862648332
3.44,-39.80842971801758,7.4319586753845215,-68.64600372314453,9.390404382506249,0.21632093463218532,0.37028798619866016,-0.0820374958505946,3.4809286474664916,0.10799039800452172,0.28287868524812526,0.0,2775.9148341072396,4139.326503572328,2523.5258368672685,3616.731454317641
3.46,-39.745216369628906,7.2550554275512695,-69.0704345703125,9.390364226167087,0.2163982130554832,0.37043581495575906,-0.08219453474990814,3.4823303991725907,0.10803449638762877,0.282890732149874,0.0,2775.6572492212117,4139.617848328284,2523.2884131062942,3616.934171257852
3.48,-39.68332290649414,7.077689170837402,-69.49501037597656,9.390322143914641,0.21647606428421548,0.3705844786213848,-0.08235180221627258,3.4837388043236266,0.10807889672795307,0.2829033568256076,0.0,2775.398368102633,4139.910522084225,2523.049897778676,3617.137901585497
3.5,-39.62274169921875,6.899869441986084,-69.91975402832031,9.390278135919367,0.2165544840204937,0.3707339762288956,-0.08250955927038663,3.485154364198945,0.10812357172514826,0.28291655922418996,0.0,2775.1381346807293,4140.204635762062,2522.8101965124347,3617.3426848260465
3.52,-39.5634880065918,6.72160530090332,-70.34463500976562,9.390232201340424,0.21663347425101062,0.3708843111920659,-0.08266776260783691,3.4865771754779136,0.10816856526075792,0.28293033959787267,0.0,2774.8765211005016,4140.500208421687,2522.5692948869705,3617.5485441760197
3.54,-39.50555419921875,6.542906761169434,-70.76971435546875,9.390184337691261,0.21671304292731677,0.37103549139969777,-0.08282656135743438,3.488007828919819,0.10821380445549873,0.2829446986926216,0.0,2774.6134321811946,4140.797367045493,2522.32708790547,3617.7555527726236
3.56,-39.44895553588867,6.363783836364746,-71.19497680664062,9.39013454418307,0.21679319718122167,0.3711875248868827,-0.08298575892567031,3.4894458453542687,0.10825931256355936,0.282959636745079,0.0,2774.3489311570293,4141.096006903116,2522.083663645417,3617.963664016612
3.58,-39.39368438720703,6.18424654006958,-71.62041473388672,9.390082820878225,0.216873936896983,0.3713404144638882,-0.08314538741075979,3.4908911085424186,0.10830509542358978,0.28297515373653237,0.0,2774.0830479143397,4141.3961045586575,2521.8390402600076,3618.1728533065466
3.6,-39.33975601196289,6.004303932189941,-72.04600524902344,9.390029167538058,0.21695526073683952,0.3714941618224992,-0.08330545868392765,3.4923436251810767,0.10835118977248845,0.28299124973858253,0.0,2773.8157832891975,4141.697661659535,2521.5932161797837,3618.3831197235213
3.62,-39.28716278076172,5.8239665031433105,-72.47179412841797,9.389973582289413,0.21703717190573282,0.37164877179213873,-0.08346609525924546,3.493803864194046,0.10839753731652552,0.2830079253131762,0.0,2773.547062551505,4142.000779051723,2521.3461079352396,3618.5945205777757
3.64,-39.23591613769531,5.643243789672852,-72.89778900146484,9.389916064571564,0.21711967330395257,0.37180424921476535,-0.08362714018725494,3.4952714491094716,0.10844413509723413,0.28302518062853094,0.0,2773.2769350468766,4142.305374258374,2521.0977849344804,3618.807019580024
3.66,-39.18601608276367,5.4621453285217285,-73.32393646240234,9.389856615384517,0.21720275985052603,0.37196059269741066,-0.08378854872590301,3.496746030447994,0.10849104964814958,0.283043015384645,0.0,2773.005465067429,4142.611373138253,2520.848307613328,3619.0205661679793
3.68,-39.13746643066406,5.280681133270264,-73.75022888183594,9.389795233485792,0.21728642968117368,0.37211780245183207,-0.08395051623910353,3.498228198740272,0.10853829367125652,0.2830614299542624,0.0,2772.7325660363576,4142.918903684633,2520.597569226447,3619.2352256420777
3.7,-39.09027099609375,5.0988616943359375,-74.1767349243164,9.389731915262809,0.2173706927568831,0.3722758875083244,-0.08411313502345923,3.499718578544251,0.1085857844324397,0.2830804254211573,0.0,2772.4581253869983,4143.228098569726,2520.34546136066,3619.4510862256575
3.72,-39.04442596435547,4.916696548461914,-74.60342407226562,9.389666659575155,0.2174555568346813,0.37243485613109445,-0.08427617451119458,3.5012165667368795,0.10863356015363482,0.28310000212745334,0.0,2772.182225865178,4143.538826286385,2520.092094279401,3619.668086390636
3.74,-38.99995422363281,4.734195232391357,-75.03028106689453,9.389599465839419,0.2175410221421992,0.37259471117137444,-0.08443970635939248,3.5027221367332495,0.10868165290407909,0.28312016024817427,0.0,2771.9048859556433,4143.851083138592,2519.837469474353,3619.8862098438008
3.76,-38.95683670043945,4.551369667053223,-75.45735168457031,9.389530331714553,0.21762709253642343,0.3727554581810518,-0.0846038377049677,3.504235693549671,0.10872999209178356,0.283140900485634,0.0,2771.6260412775646,4144.164956364708,2519.581514704275,3620.1055059146393
3.78,-38.91508865356445,4.368227958679199,-75.88459014892578,9.389459256876744,0.21771376883501914,0.3729171007250768,-0.08476836483430879,3.505756658704358,0.10877865000131995,0.2831622229369767,0.0,2771.345774552772,4144.480320096886,2519.324335164157,3620.325912547553
3.8,-38.87470626831055,4.184781074523926,-76.31201934814453,9.389386239820809,0.21780105017743295,0.3730796407279081,-0.08493347766311586,3.507285471357369,0.10882759469776492,0.2831841280537574,0.0,2771.06402945156,4144.797270687104,2519.0658496143146,3620.5474709255063
3.82,-38.83570098876953,4.001039028167725,-76.7396011352539,9.38931127879033,0.21788893936256343,0.3732430828066296,-0.0850991084690042,3.5088220962940606,0.1088768827139591,0.28320661636290084,0.0,2770.780800982373,4145.115799038429,2518.8060667246937,3620.770186426692
3.84,-38.798065185546875,3.817011833190918,-77.16738891601562,9.38923437013753,0.2179774443506121,0.37340743552250955,-0.08526543847168529,3.510367181927718,0.10892644398778065,0.2832296889587411,0.0,2770.4959877789943,4145.436045062525,2518.544870449855,3620.994136466191
3.86,-38.761810302734375,3.6327104568481445,-77.59541320800781,9.389155511556108,0.21806657362028428,0.3735727086616119,-0.08543228440189038,3.511920335235938,0.10897624202030733,0.2832533465331675,0.0,2770.209637786415,4145.757922200586,2518.282333993746,3621.219286400621
3.88,-38.726932525634766,3.44814395904541,-78.02361297607422,9.389074704007385,0.218156322030167,0.3737389020480764,-0.08559948506406606,3.513480757112586,0.10902636046237502,0.2832775887977846,0.0,2769.9218872077086,4146.081259542966,2518.018597845546,3621.4455304711987
3.9,-38.69343948364258,3.2633235454559326,-78.45194244384766,9.388991946669883,0.21824668205312364,0.37390601269566426,-0.08576725636959154,3.515048909223181,0.10907686322530079,0.28330241599903516,0.0,2769.632679890466,4146.40615871165,2517.753576008342,3621.6729091870793
3.92,-38.66133117675781,3.078258514404297,-78.88054656982422,9.388907234092096,0.2183376633244133,0.3740740499311336,-0.08593585484452,3.516625986125453,0.1091275617993597,0.28332782977237103,0.0,2769.3418151487876,4146.732875439518,2517.487057912988,3621.901577943109
3.94,-38.63060760498047,2.892960548400879,-79.30924987792969,9.38882056623741,0.21842926978867835,0.37424301973320706,-0.08610474282307638,3.5182105121047917,0.10917868958453912,0.2833538301287771,0.0,2769.049500832279,4147.0610880647755,2517.219312751192,3622.1313813601537
3.96,-38.601280212402344,2.7074387073516846,-79.73824310302734,9.388731938024163,0.21852150746383722,0.37441292920320174,-0.08627456975621367,3.5198042023353477,0.10922999986610428,0.28338041859275104,0.0,2768.755499668464,4147.391171119056,2516.9500265568704,3622.3624960266025
3.98,-38.573341369628906,2.5217041969299316,-80.16737365722656,9.388641349253053,0.21861438049284534,0.3745837851125757,-0.08644465797470978,3.521405351769095,0.10928169603286494,0.2834075952240841,0.0,2768.460041637886,4147.722751508484,2516.6795126624265,3622.5947517199947
4.0,-38.54679870605469,2.3357670307159424,-80.59673309326172,9.388548797084587,0.21870788681758707,0.3747555889100903,-0.08661553452304027,3.5230151006508676,0.10933365952787497,0.28343536087462395,0.0,2768.1629863562525,4148.056080568176,2516.4075585161536,3622.828249975607
4.02,-38.52165222167969,2.149637460708618,-81.02626037597656,9.38845427931411,0.21880203024961375,0.37492834663795044,-0.08678690602098595,3.5246329274715187,0.10938597783901884,0.28346371620576677,0.0,2767.864388628615,4148.391041898862,2516.134263527056,3623.06295292804
4.04,-38.497901916503906,1.9633262157440186,-81.45599365234375,9.388357792443466,0.21889681449360404,0.37510206405518975,-0.08695901292232318,3.526259458582983,0.10943859916491303,0.28349266226696007,0.0,2767.564162399689,4148.72777230727,2515.859512931686,3623.298924508224
4.06,-38.475555419921875,1.7768440246582031,-81.88591003417969,9.388259333142353,0.21899224678535198,0.3752767499998056,-0.08713173427864018,3.5278945444840715,0.10949156112447057,0.2835222000572942,0.0,2767.262316652288,4149.066237500746,2515.583336695908,3623.5361599830526
4.08,-38.45460891723633,1.5902007818222046,-82.31609344482422,9.38815889751648,0.21908833421935517,0.3754524135653271,-0.08730517647335094,3.529538492857687,0.10954474621457942,0.28355233074505615,0.0,2766.95880690758,4149.406504444576,2515.3056788524677,3623.7746927429757
4.1,-38.43506622314453,1.4034072160720825,-82.74642944335938,9.388056485890413,0.21918507290079706,0.3756290560138836,-0.08747896857194354,3.5311900729450887,0.10959832171719537,0.2835830542328761,0.0,2766.6538208278,4149.748306621988,2515.0267609172593,3624.014380135783
4.12,-38.41693115234375,1.216474175453186,-83.17693328857422,9.38795209497843,0.2192824587197188,0.3758066773029049,-0.08765356704705578,3.5328504179398497,0.10965227038345168,0.2836143715064708,0.0,2766.347206694918,4150.0918921109105,2514.7463743909198,3624.2553342250035
4.14,-38.40019989013672,1.0294119119644165,-83.6076889038086,9.38784571820116,0.2193805057253406,0.37598529105068434,-0.08782901416732147,3.534520238410961,0.10970647160281778,0.2836462845396522,0.0,2766.038825046723,4150.437410263549,2514.4643984636286,3624.4976657769057
4.16,-38.38488006591797,0.842231035232544,-84.03863525390625,9.387737353413755,0.21947922112022225,0.3761649068429996,-0.08800495183334321,3.5361984958484123,0.10976102089072305,0.2836787939758736,0.0,2765.728825941371,4150.784635070746,2514.18102185484,3624.741261974067
4.18,-38.370975494384766,0.6549422144889832,-84.46981811523438,9.387626997819316,0.219578604124319,0.37634552818827227,-0.08818160700251387,3.5378855399193374,0.1098158548786031,0.28371190065420515,0.0,2765.417178106014,4151.133645352216,2513.8961766219627,3624.9861431478976
4.2,-38.35847854614258,0.46755602955818176,-84.90117645263672,9.387514649618002,0.21967865240383783,0.37652715724511615,-0.08835880003933606,3.5395808998138896,0.10987106345189314,0.28374560511459956,0.0,2765.1039466516772,4151.484338014848,2513.609949170056,3625.2322608346494
4.22,-38.34739685058594,0.28008314967155457,-85.332763671875,9.38740030476665,0.21977936627028616,0.376709797390623,-0.08853679027394162,3.5412853185024438,0.10992657353212279,0.28377990857000485,0.0,2764.7890248366857,4151.836874668325,2513.322204434063,3625.4796951377443
4.24,-38.337730407714844,0.09253425151109695,-85.76451873779297,9.387283960036939,0.21988074935599816,0.37689345447464717,-0.08871539458517673,3.542998476239798,0.10998248082468967,0.28381481198891834,0.0,2764.472445807644,4152.191183671779,2513.033003634073,3625.728423256972
4.26,-38.3294792175293,-0.09507997334003448,-86.196533203125,9.387165609642212,0.21998281003351325,0.37707813777248145,-0.08889490109107616,3.5447212728583746,0.11003864862383257,0.28385031710733644,0.0,2764.1540753539402,4152.547460316715,2512.742184062235,3625.978546684631
4.28,-38.32264709472656,-0.282748818397522,-86.62872314453125,9.387045251127029,0.22008555335228525,0.3772638548538772,-0.08907492258348272,3.5464526963587404,0.11009521097463502,0.2838864246618913,0.0,2763.834052935582,4152.905483250929,2512.4499312891467,3626.2299616862274
4.3,-38.317230224609375,-0.4704616069793701,-87.06114959716797,9.386922879837433,0.22018898175831503,0.37745061105184724,-0.08925581756709049,3.5481935849067963,0.11015207483975316,0.28392313604877,0.0,2763.5122698482996,4153.265436752802,2512.1560900146837,3626.4827478798857
4.32,-38.313232421875,-0.6582075357437134,-87.4937744140625,9.386798492114716,0.22029310024310716,0.3776384139720752,-0.08943734581566254,3.5499434645373946,0.11020930484902296,0.28396045236558526,0.0,2763.1887808282913,4153.627215535233,2511.8607496267446,3626.7368663442226
4.34,-38.3106575012207,-0.8459757566452026,-87.9266357421875,9.38667208362358,0.2203979116412932,0.3778272694921113,-0.08961967717369591,3.551702724183873,0.11026684614436988,0.283998374912926,0.0,2762.8635360767767,4153.99090514359,2511.563837941314,3626.99235341636
4.36,-38.30950164794922,-1.0337557792663574,-88.35971069335938,9.386543651029221,0.22050341794828016,0.3780171829816364,-0.0898026592449684,3.5534709969144807,0.1103247371249841,0.2840369046912336,0.0,2762.5365840963027,4154.356424875654,2511.2654228191273,3627.2491733585534
4.38,-38.30977249145508,-1.22153639793396,-88.79297637939453,9.38641319075359,0.22060961846548607,0.3782081574176822,-0.08998638597501392,3.5552484558963005,0.11038302133576847,0.284076042773923,0.0,2762.2079061089453,4154.723813193323,2510.965471429096,3627.507339235533
4.4,-38.31146240234375,-1.4093072414398193,-89.22650909423828,9.386280696608544,0.22071652070582345,0.3784002017193148,-0.09017101899605029,3.5570357893679057,0.11044157648353971,0.28411579101743667,0.0,2761.877388846777,4155.0932179301335,2510.6638617387853,3627.7669383702587
4.42,-38.3145751953125,-1.5970571041107178,-89.66020965576172,9.386146166133411,0.22082412672100266,0.37859332121395906,-0.09035619791113632,3.5588319825876638,0.11050056809595692,0.28415615015997664,0.0,2761.5451773656955,4155.464417648934,2510.3607788408744,3628.0278619953306
4.44,-38.31911087036133,-1.7847754955291748,-90.09413146972656,9.386009593086783,0.2209324404904205,0.3787875221393112,-0.09054239038307432,3.5606382759138877,0.11055991511489532,0.28419712207396514,0.0,2761.211099293746,4155.837683571467,2510.0559953976312,3628.290238453646
4.46,-38.3250732421875,-1.972451090812683,-90.5283432006836,9.385870970631542,0.2210414765659243,0.3789828194241437,-0.09072942890904716,3.562454646475439,0.11061950742574685,0.2842387088105374,0.0,2760.8751290604205,4156.213006502,2509.7495221478694,3628.5540916135806
4.48,-38.33245849609375,-2.1600735187530518,-90.96273040771484,9.385730298040281,0.22115123138201684,0.3791792151217248,-0.09091692598671004,3.5642796264616567,0.11067953858301817,0.2842809105879157,0.0,2760.53750067719,4156.590069663509,2509.4416212824426,3628.8192420348278
4.5,-38.34126663208008,-2.3476316928863525,-91.3973159790039,9.385587570154547,0.22126170059288958,0.3793767095006299,-0.09110541237888188,3.5661145035023405,0.11073997503100803,0.28432372895363595,0.0,2760.198043452326,4156.9691557817805,2509.1320549458533,3629.0858154194175
4.52,-38.35150146484375,-2.5351145267486572,-91.83219909667969,9.385442778606532,0.22137289876471583,0.37957531707610953,-0.0912948894915504,3.567959914936008,0.11080065439121868,0.28436716641804055,0.0,2759.856625717233,4157.350397827282,2508.820716293711,3629.3539171148564
4.54,-38.363162994384766,-2.7225112915039062,-92.26727294921875,9.385295921668376,0.22148482698564914,0.3797750431882735,-0.09148484726377316,3.5698142468420992,0.11086176277651258,0.28441122349948705,0.0,2759.513489670845,4157.733445178101,2508.5078971849603,3629.6233636467073
4.56,-38.37624740600586,-2.909811019897461,-92.70258331298828,9.385146994478433,0.22159748088480732,0.3799758881228684,-0.09167577469585823,3.5716785432940807,0.11092322416125067,0.28445590165647017,0.0,2759.168507393483,4158.11852872132,2508.193402231204,3629.8942473236634
4.58,-38.3907585144043,-3.0970027446746826,-93.13812255859375,9.384995991329598,0.22171086585021108,0.3801778593075239,-0.0918675100405255,3.5735527403863667,0.11098505848046819,0.2845012026011206,0.0,2758.8216631003684,4158.505630608008,2507.8772490107444,3630.1665840689534
4.6,-38.40669250488281,-3.2840754985809326,-93.57389068603516,9.38484290685832,0.2218249862775504,0.38038096337473504,-0.09206010546200415,3.5754369734627667,0.11104726791144326,0.28454712794250375,0.0,2758.4729381908055,4158.894780363428,2507.5594127051854,3630.4403876523584
4.62,-38.42405319213867,-3.4710185527801514,-94.00984954833984,9.384687735253562,0.22193984800716146,0.3805852081606362,-0.09225357702759292,3.577331367125186,0.11110992859374302,0.28459367942393127,0.0,2758.122309753303,4159.286004381079,2507.23987173948,3630.7156760323705
4.64,-38.44283676147461,-3.657820701599121,-94.44609832763672,9.384530467294477,0.2220554667652047,0.3807906093350661,-0.0924481887569442,3.5792369354167306,0.1111728662276729,0.284640859811657,0.0,2757.769615237151,4159.679521512049,2506.918444948925,3630.992573858445
4.66,-38.46304702758789,-3.844470739364624,-94.8825912475586,9.384371098918763,0.22217185053692912,0.38099717825537566,-0.09264342690197729,3.581152257551039,0.11123616759234826,0.2846886703243712,0.0,2757.41505623097,4160.075021334034,2506.5953919730755,3631.2709302314615
4.68,-38.48468017578125,-4.030958652496338,-95.31930541992188,9.384209627170813,0.22228899114942438,0.3812049138201486,-0.09283945601183045,3.583077261532029,0.1112998808541205,0.284737111848756,0.0,2757.058677361405,4160.472493124528,2506.27071801622,3631.5507059758615
4.7,-38.50773620605469,-4.2172722816467285,-95.75625610351562,9.384046046000972,0.2224068870176288,0.38141381889937637,-0.09303644154994835,3.5850125693240913,0.11136397876743763,0.2847861861997085,0.0,2756.7003798673313,4160.872070928645,2505.9443120324513,3631.831976713559
4.72,-38.53221130371094,-4.403400897979736,-96.19345092773438,9.383880348906162,0.2225255432692924,0.3816239010826835,-0.09323434111422589,3.586958320677981,0.11142845124123238,0.28483589532815135,0.0,2756.340127331542,4161.273782515646,2505.6161525375414,3632.1147724260786
4.74,-38.55811309814453,-4.589334011077881,-96.630859375,9.383712530076519,0.222644964198247,0.38183516733630485,-0.09343312470088139,3.588914458122763,0.11149336809829158,0.2848862409770444,0.0,2755.9779263054043,4161.677614927546,2505.286250489124,3632.399088428139
4.76,-38.58543395996094,-4.775060176849365,-97.06854248046875,9.38354258102276,0.22276516039155891,0.3820476294053373,-0.09363302063213423,3.590881783458712,0.11155861443837088,0.28493722569317176,0.0,2755.6136517764166,4162.083741732857,2504.9544618069594,3632.685020046605
4.78,-38.614173889160156,-4.960568428039551,-97.50647735595703,9.38337049621639,0.22288613950021133,0.38226129773012923,-0.09383370028804212,3.5928594684141024,0.1116242380686031,0.284988851135083,0.0,2755.2474161368955,4162.4919810216825,2504.620939174211,3632.972483988349
4.8,-38.64433670043945,-5.145847797393799,-97.94461822509766,9.383196271145847,0.22300789849813202,0.38247617458818084,-0.0940352471399223,3.5948474191991866,0.1116903347674124,0.28504111865624593,0.0,2754.8792538665293,4162.902315374538,2504.285694815808,3633.2614508646966
4.82,-38.6759147644043,-5.330887317657471,-98.38306427001953,9.383019896715506,0.2231304451536697,0.38269226987414756,-0.0942379826109478,3.5968467887085125,0.11175671672423855,0.28509403098534813,0.0,2754.5089840656565,4163.314994145368,2503.9485219066873,3633.5520588349173
4.84,-38.70891189575195,-5.5156755447387695,-98.82173919677734,9.382841369001305,0.22325378162462986,0.38290958992331775,-0.09444135936778965,3.598856124334132,0.11182353588939344,0.2851475892996085,0.0,2754.1368093060396,4163.729698876771,2503.6096872296885,3633.844156912204
4.86,-38.743324279785156,-5.700201988220215,-99.2605972290039,9.382660682486668,0.22337790232226373,0.38312813427295694,-0.09464576287412156,3.600876136625851,0.11189088848194811,0.2852017952539997,0.0,2753.762651799475,4164.14658829737,2503.269055429545,3634.1377993843207
4.88,-38.779151916503906,-5.884454727172852,-99.69979095458984,9.382477824264448,0.22350282712136868,0.3833479213420302,-0.09485158906976253,3.6029086284887426,0.11195847990372267,0.28525665272066547,0.0,2753.386209292655,4164.566049635816,2502.926307449078,3634.4332200319222
4.9,-38.81639099121094,-6.068423748016357,-100.13921356201172,9.382292790302001,0.22362856544838905,0.3835689636511664,-0.09505797214399923,3.604951264223912,0.11202652645723797,0.28531216290939965,0.0,2753.007809956072,4164.987571352845,2502.5818715731225,3634.7301738469246
4.92,-38.855045318603516,-6.252098083496094,-100.57887268066406,9.382105575178285,0.2237551102295579,0.3837912606660894,-0.095265437329412,3.607004830615726,0.11209502416303611,0.2853683274465146,0.0,2752.627385122116,4165.4113321484365,2502.2355935514743,3635.0287049224726
4.94,-38.89510726928711,-6.435465335845947,-101.0187759399414,9.38191616950561,0.22388246968543343,0.3840148229672434,-0.09547405063024432,3.6090699987937387,0.11216395270514222,0.285425149148317,0.0,2752.2448078161588,4165.83747377983,2501.887358146988,3635.3289134949964
4.96,-38.93657684326172,-6.618515968322754,-101.45896911621094,9.381724563856114,0.22401065797811798,0.38423966619742667,-0.095683788952726,3.611146969635136,0.11223323434457523,0.28548263084316583,0.0,2751.8600322634,4166.266037437369,2501.5371326773648,3635.630836612261
4.98,-38.97945785522461,-6.8012375831604,-101.89939880371094,9.381530752424824,0.22413967947033236,0.38446579950934723,-0.09589439265548085,3.613234879977903,0.11230298013146875,0.2855407742725527,0.0,2751.4731906263455,4166.6968356364105,2501.1850728860154,3635.9343737194067
5.0,-39.02374267578125,-6.983620643615723,-102.34010314941406,9.381334727215632,0.2242695359296694,0.38469322978313425,-0.09610616285046647,3.615334421168716,0.11237312148007204,0.28559958183531026,0.0,2751.0841937783293,4167.130020966022,2500.8310500433618,3636.2395898984514
5.02,-39.06943130493164,-7.165652275085449,-102.78106689453125,9.38113648074403,0.22440023193280967,0.3849219660965,-0.09631892443033013,3.6174453095888754,0.1124436874470218,0.28565905577679124,0.0,2750.693069231375,4167.565529093454,2500.4751192945546,3636.546466651916
5.04,-39.116519927978516,-7.3473219871521,-103.22227478027344,9.380936005799098,0.22453176860909949,0.38515201465572435,-0.09653274373310465,3.619567643451352,0.11251471737337354,0.28571919826027053,0.0,2750.29980866299,4168.0033821304005,2500.1172614604016,3636.855009203234
5.06,-39.165008544921875,-7.528619766235352,-103.66374969482422,9.38073329302217,0.22466415286589242,0.3853833857349707,-0.0967477619340909,3.621701991935405,0.11258617714184162,0.2857800120933492,0.0,2749.9043196010143,4168.443702660192,2499.757375159276,3637.165288605764
5.08,-39.21489715576172,-7.709534168243408,-104.10549926757812,9.380528333252775,0.2247973949828269,0.38561609252715334,-0.09696390427681705,3.623848347360901,0.11265805639067855,0.2858415000241676,0.0,2749.5065902906917,4168.88648682817,2499.3954649224847,3637.477315725238
5.1,-39.266178131103516,-7.890052795410156,-104.54751586914062,9.380321118497761,0.22493150084267316,0.38585014530808914,-0.09718112468854206,3.6260065279793587,0.11273036538278808,0.2859036644506716,0.0,2749.106650141297,4169.3316952673795,2499.031563209407,3637.7910678751387
5.12,-39.31885528564453,-8.07016658782959,-104.98979949951172,9.380111640970615,0.2250664727294755,0.38608555161107866,-0.09739943764336854,3.6281765093364853,0.11280312642843576,0.2859665077088156,0.0,2748.7045069058386,4169.779323095942,2498.6656735599577,3638.106538464523
5.14,-39.37291717529297,-8.249862670898438,-105.43235778808594,9.379899891964373,0.22520231416459577,0.386322319605657,-0.0976189142497552,3.630358548832382,0.1128763114649458,0.28603003241068825,0.0,2748.300120144199,4170.22942582247,2498.297749872504,3638.423758325006
5.16,-39.42837142944336,-8.429131507873535,-105.87517547607422,9.379685863435256,0.2253390281611757,0.38656045692694874,-0.09783947532971027,3.6325524897716703,0.11294997738943861,0.2860942409694232,0.0,2747.8935082993735,4170.681968229849,2497.9278219539533,3638.7427142379515
5.18,-39.48521423339844,-8.60796070098877,-106.31830596923828,9.379469545624788,0.2254766205663025,0.38679997299772706,-0.09806129706751116,3.634758892232545,0.11302400456470103,0.2861591363125635,0.0,2747.4845869807264,4171.137072036855,2497.5557883962138,3639.0634700571372
5.2,-39.54343795776367,-8.78633975982666,-106.76168060302734,9.379250932533424,0.2256150904224602,0.3870408722076711,-0.09828401138937946,3.636976707761818,0.11309854922319985,0.2862247202399729,0.0,2747.073507695314,4171.5945076188245,2497.181840988096,3639.3859119737745
5.22,-39.6030387878418,-8.964258193969727,-107.20531463623047,9.379030014756028,0.22575443724004396,0.3872831581455196,-0.09850805992984733,3.6392070313521145,0.11317358732573314,0.2862909955731917,0.0,2746.660122725466,4172.054515919208,2496.8057771904446,3639.7101490835034
5.24,-39.66402053833008,-9.141704559326172,-107.6492691040039,9.378806780088903,0.22589467644516423,0.3875268464038773,-0.09873345678252059,3.6414504484204624,0.11324899185013404,0.2863579659733292,0.0,2746.2443134158852,4172.517219408966,2496.427498284155,3640.036276006171
5.26,-39.72637176513672,-9.318668365478516,-108.09344482421875,9.378581221534608,0.2260358136252258,0.3877719460825059,-0.09895980004477904,3.6437057598876526,0.11332498917378502,0.2864256335396176,0.0,2745.8262562757986,4172.9823561537205,2496.047222676951,3640.3641595982976
5.28,-39.790103912353516,-9.495137214660645,-108.5379409790039,9.378353326033192,0.22617785989229372,0.38801847010007795,-0.09918775961655028,3.6459747915808336,0.11340136640392143,0.28649400219004234,0.0,2745.405692655549,4173.450326576165,2495.6646151030427,3640.693993049007
5.3,-39.855201721191406,-9.671100616455078,-108.98271179199219,9.378123084049784,0.2263208295407386,0.38826643523312826,-0.09941675817632789,3.6482563510752013,0.1134782260288516,0.28656307478506465,0.0,2744.9827664513978,4173.920865085838,2495.279900465811,3641.0256729285747
5.32,-39.92165756225586,-9.846549034118652,-109.42779541015625,9.377890486698448,0.2264647244801964,0.3885158491521907,-0.09964702837184874,3.650550670252068,0.11355549029875792,0.28663285399046573,0.0,2744.5574710697465,4174.39402672677,2494.8930297264155,3641.3591996202144
5.34,-39.98948669433594,-10.021469116210938,-109.87311553955078,9.377655526963814,0.2266095408996467,0.38876671508039834,-0.09987832470594891,3.6528570250295904,0.1136333491750284,0.2867033419108559,0.0,2744.129912892488,4174.869652978717,2494.5041350749093,3641.694492911143
5.36,-40.05867004394531,-10.195852279663086,-110.3187484741211,9.377418191762057,0.22675528552169485,0.3890190430808088,-0.10011123697255736,3.655177185199255,0.11371162978747931,0.2867745424713828,0.0,2743.699830693657,4175.348130124745,2494.1128942391483,3642.031749712473
5.38,-40.12920379638672,-10.369686126708984,-110.76465606689453,9.377178470280494,0.22690197245434743,0.389272849654356,-0.10034531825521857,3.657510397035549,0.11379042036509905,0.2868464589158517,0.0,2743.267300995791,4175.829287654926,2493.7194531249634,3642.370917855391
5.4,-40.20109939575195,-10.542959213256836,-111.21088409423828,9.376936351695162,0.22704960916399392,0.3895281466190297,-0.10058079033314764,3.6598570542349322,0.11386963050816427,0.28691909449145125,0.0,2742.8322816929945,4176.313214130563,2493.323735993821,3642.7120263724482
5.42,-40.27434158325195,-10.71566104888916,-111.65738677978516,9.37669182759874,0.22719819729114726,0.3897849417677292,-0.10081737283612024,3.6622163697652446,0.11394936852303265,0.2869924517203778,0.0,2742.394885951279,4176.799736888683,2492.9258870885687,3643.054990324168
5.44,-40.34892654418945,-10.88778305053711,-112.10418701171875,9.376444887502698,0.22734773686765802,0.39004324090918413,-0.10105536584260655,3.6645890457196955,0.11402960141250178,0.28706653374919056,0.0,2741.955021947824,4177.289010988959,2492.5257756923106,3643.399876948049
5.46,-40.42485046386719,-11.059310913085938,-112.5512924194336,9.376195519855846,0.22749823554643755,0.3903030553787963,-0.10129471621623558,3.6669752473003747,0.11411029599188856,0.2871413440432461,0.0,2741.5126461887967,4177.781069085657,2492.1233765626976,3643.746722058524
5.48,-40.502113342285156,-11.23023509979248,-112.99869537353516,9.375943714951973,0.22764969697728676,0.3905643935196632,-0.10153531250986293,3.669374642881538,0.11419149132808849,0.2872168855144082,0.0,2741.0678076158565,4178.275838431388,2491.718750276732,3644.0954886603395
5.5,-40.580711364746094,-11.400545120239258,-113.44640350341797,9.375689462553366,0.2278021225072597,0.39082726147629676,-0.10177725587188341,3.6717874426233656,0.11427317880812402,0.2872931612339903,0.0,2740.6204808071016,4178.77336564456,2491.3118572364083,3644.4461949185797
5.52,-40.66063690185547,-11.570229530334473,-113.89441680908203,9.375432752064492,0.2279555153160786,0.39109166635310266,-0.10202053237668912,3.6742137115371563,0.11435535824709178,0.28737017438065227,0.0,2740.1706499662937,4179.273663632292,2490.902687256488,3644.7988536628254
5.54,-40.74188995361328,-11.739276885986328,-114.34270477294922,9.375173573055697,0.2281098782777255,0.3913576146375098,-0.10226514116273493,3.676653477835028,0.1144381163924927,0.2874479280832908,0.0,2739.718309200348,4179.776738025105,2490.491235727948,3645.153469523868
5.56,-40.824462890625,-11.90767765045166,-114.79135131835938,9.374911911329383,0.22826522422597526,0.3916251200724295,-0.10251138173205683,3.6791078120261016,0.11452125057877413,0.2875264266011852,0.0,2739.2632900094554,4180.28282107341,2490.077309946757,3645.5101711257075
5.58,-40.90835189819336,-12.075421333312988,-115.24022674560547,9.3746477589786,0.22842155656809726,0.3918941902155164,-0.10275863472856557,3.681575021526431,0.11460510732102883,0.28760567230641987,0.0,2738.8058329190803,4180.791540920469,2489.6612209969217,3645.868778534359
5.6,-40.993553161621094,-12.242494583129883,-115.68949127197266,9.374381098459915,0.22857889036282772,0.3921648406272104,-0.1030079488016198,3.684057992233909,0.11468926075864272,0.28768567046202537,0.0,2738.3455262948373,4181.303531264225,2489.2424385604236,3646.2295995962413
5.62,-41.0800666809082,-12.408888816833496,-116.13903045654297,9.374111921884689,0.22873723569611443,0.3924370852560362,-0.10325809393569806,3.686553763669929,0.11477403860796803,0.2877664234345934,0.0,2737.882764942021,4181.818137313207,2488.8215133318845,3646.592343422243
5.64,-41.167884826660156,-12.574593544006348,-116.58890533447266,9.373840217864652,0.22889658767692408,0.3927109257206169,-0.10350993071618592,3.6890639254931212,0.11485928661587987,0.2878479346406044,0.0,2737.417372234611,4182.335716547586,2488.3981406252337,3646.9571335813102
5.66,-41.25699996948242,-12.739595413208008,-117.03907012939453,9.373565974829342,0.2290569521292878,0.39298637170708767,-0.10376307581556045,3.691587953350458,0.11494511317674784,0.28793020755119747,0.0,2736.9493890134586,4182.856147772639,2487.972425445187,3647.323945155406
5.68,-41.34740447998047,-12.903886795043945,-117.48954772949219,9.373289179508276,0.22921833600256292,0.39326343336135694,-0.10401784614819753,3.6941266771975947,0.11503148465964991,0.28801324614751705,0.0,2736.478699590185,4183.379613565871,2487.5442146164064,3647.6928641236204
5.7,-41.43910598754883,-13.06745433807373,-117.94039154052734,9.373009817443682,0.22938075481851367,0.39354212787642034,-0.10427419469440678,3.696680328624216,0.11511825927855586,0.28809705476689534,0.0,2736.005247627316,4183.906160804599,2487.1134713218307,3648.0639364281888
5.72,-41.53208923339844,-13.230290412902832,-118.39148712158203,9.37272788090837,0.22954420662849964,0.39382246004213667,-0.10453163288950044,3.6992472801957805,0.11520576968197781,0.2881816357274891,0.0,2735.529283590403,4184.435434861653,2486.680490140616,3648.4369714750956
5.74,-41.62635040283203,-13.39238166809082,-118.84298706054688,9.372443352152592,0.2297087019135687,0.394104442824426,-0.10479117726730693,3.701830341622005,0.1152935837403228,0.2882669943542224,0.0,2735.0504056127274,4184.968052934313,2486.2447546503017,3648.8122699439446
5.76,-41.721893310546875,-13.553717613220215,-119.29475402832031,9.3721562236616,0.22987424476315862,0.39438808591225794,-0.1050515644492866,3.7044264337368964,0.11538210488584048,0.28835313290152004,0.0,2734.5690278720385,4185.503333678499,2485.806837551994,3649.1895261286486
5.78,-41.81869888305664,-13.714289665222168,-119.74684143066406,9.371866481233216,0.2300408324472457,0.3946733921490195,-0.10531391503054634,3.707037986785217,0.1154711914382675,0.2884400556300353,0.0,2734.0848453507706,4186.041818285174,2485.366281342812,3649.568961030065
5.8,-41.916770935058594,-13.87408447265625,-120.19930267333984,9.371574107421095,0.2302084884686742,0.3949603847873712,-0.1055779617276748,3.7096652735025635,0.11556068989384742,0.2885277677736715,0.0,2733.5977543954496,4186.583555429311,2484.923052239852,3649.9506630047163
5.82,-42.0161018371582,-14.033092498779297,-120.65206146240234,9.371279093514115,0.23037721528262128,0.3952490725033384,-0.10584316402693916,3.712306461792339,0.11565083200403573,0.2886162719457655,0.0,2733.108038711072,4187.128146035669,2484.4774815607743,3650.334415905978
5.84,-42.1166877746582,-14.191306114196777,-121.10511779785156,9.370981425902581,0.2305470112610008,0.3955394598400081,-0.10611016850478211,3.714962964202909,0.11574165516097533,0.28870557222922566,0.0,2732.6155200842527,4187.675904628761,2484.0293034501874,3650.720348963707
5.86,-42.21852111816406,-14.348709106445312,-121.55856323242188,9.370681083779882,0.230717904125381,0.3958315737568845,-0.10637923770981002,3.7176363945037956,0.11583285214766861,0.2887956748660354,0.0,2732.1199107388243,4188.227176052593,2483.5782355097726,3651.108687024712
5.88,-42.321590423583984,-14.50529670715332,-122.01233673095703,9.37037805729752,0.23088990460572628,0.39612543079930423,-0.10664941289353046,3.7203241127341635,0.11592464785271277,0.288886582810744,0.0,2731.6215878846015,4188.781379678044,2483.1247633417383,3651.4991476803903
5.9,-42.425907135009766,-14.661054611206055,-122.4664077758789,9.370072335649102,0.23106300204394106,0.3964210305364276,-0.10692123514576875,3.723026749588339,0.1160171373300159,0.28897829930526947,0.0,2731.1205164375015,4189.338663668079,2482.6687568173393,3651.891747732455
5.92,-42.53144836425781,-14.815972328186035,-122.92086029052734,9.36976389962865,0.2312372109743684,0.396718390642291,-0.10719510880826444,3.7257460843881733,0.11611005303052252,0.2890708301114051,0.0,2730.6163995472443,4189.899411651129,2482.209899515206,3652.286716378418
5.94,-42.638221740722656,-14.97004222869873,-123.37564086914062,9.369452737972637,0.23141253927897323,0.39701752495483794,-0.107470235248164,3.7284801510626493,0.11620360810605708,0.289164178608209,0.0,2730.1095035698568,4190.46318816646,2481.748557222376,3652.6838566772376
5.96,-42.7462043762207,-15.123252868652344,-123.83073425292969,9.369138837194456,0.2315889837029743,0.39731843793019056,-0.10774717394112454,3.7312299452554494,0.11629782622023976,0.28925834884166335,0.0,2729.5997210165283,4191.030218178836,2481.2845377620697,3653.083243018813
5.98,-42.85540771484375,-15.275591850280762,-124.28620147705078,9.368822178215169,0.23176656197446982,0.3976211495847059,-0.10802610450746393,3.7339966097565935,0.11639253780006742,0.2893533465354494,0.0,2729.0868470577007,4191.6007456062825,2480.8176414623013,3653.4850355442577
6.0,-42.9658203125,-15.427051544189453,-124.74201965332031,9.36850274763814,0.23194528560571545,0.3979256764542104,-0.10830651305717175,3.736778864276874,0.1164878379634277,0.2894491757085582,0.0,2728.5710562422432,4192.174486978009,2480.3481062535366,3653.889104936434
6.02,-43.077430725097656,-15.577619552612305,-125.19816589355469,9.368180532693367,0.23212515215719032,0.3982320242120076,-0.10858860697681567,3.739576812211361,0.11658378194570725,0.2895458401919898,0.0,2728.052363694951,4192.751470163718,2479.87590538211,3654.2954346607526
6.04,-43.19023513793945,-15.727287292480469,-125.65469360351562,9.367855516793831,0.23230616814180838,0.3985402045394532,-0.10887259412781213,3.742391265722835,0.11668022910573378,0.2896433449618506,0.0,2727.530638028633,4193.331870914096,2479.4008933404803,3654.7041254778087
6.06,-43.30422592163086,-15.876043319702148,-126.11154174804688,9.367527687763895,0.2324883344910047,0.398850224898948,-0.10915804155027665,3.745221112274838,0.11677737106756352,0.2897416936708316,0.0,2727.006033616103,4193.91544301691,2478.9232765063725,3655.115062569733
6.08,-43.419403076171875,-16.02387809753418,-126.56877899169922,9.36719702881541,0.23267165485283073,0.39916209355539134,-0.10944551825272318,3.748067788011738,0.11687501310108671,0.2898408913553771,0.0,2726.47835324899,4194.5025039066695,2478.4427882482246,3655.528391953981
6.1,-43.5357551574707,-16.170780181884766,-127.02635192871094,9.366863527026108,0.23285613312624795,0.39947581907187324,-0.10973446413305928,3.750930066591644,0.116973318059833,0.28994094189216746,0.0,2725.9477525633165,4195.092779603873,2477.959659825671,3655.944000417485
6.12,-43.65327453613281,-16.316740036010742,-127.48426818847656,9.36652716711687,0.23304176960124942,0.3997914061293706,-0.11002533247672198,3.7538089088184337,0.11707227616238042,0.2900418498649392,0.0,2725.4141122973647,4195.686484777415,2477.4737094835064,3656.3619739560254
6.14,-43.77195739746094,-16.461750030517578,-127.94258117675781,9.366187930457214,0.23322858010290823,0.40010887097236975,-0.1103181781016433,3.7567049826559695,0.11717174857487342,0.29014362086283596,0.0,2724.877303792972,4196.283760477838,2476.9848226816484,3656.78241428634
6.16,-43.89179611206055,-16.605796813964844,-128.40122985839844,9.36584580399144,0.23341657083777786,0.40042822338464434,-0.11061255365355534,3.7596170300027456,0.11727191565232499,0.29024625880256777,0.0,2724.3375088826806,4196.8843297810845,2476.4932307352415,3657.205184885084
6.18,-44.012779235839844,-16.748870849609375,-128.8602752685547,9.365500770846301,0.23360574647592117,0.40074947135239847,-0.1109089779729386,3.7625462315743703,0.11737257706778134,0.29034976874610957,0.0,2723.794574024565,4197.488455668777,2475.998711742069,3657.6303978253814
6.2,-44.13490676879883,-16.89096450805664,-129.31968688964844,9.365152818890222,0.23379610714362395,0.40107261969511576,-0.11120684823537001,3.7654911057361318,0.11747388204744352,0.29045415433293353,0.0,2723.248700319215,4198.095809414934,2475.5015417877203,3658.057904369277
6.22,-44.2581672668457,-17.03206443786621,-129.77951049804688,9.364801934720223,0.23398764437400404,0.4013976652240099,-0.11150655174915534,3.7684522693730163,0.11757563769360671,0.2905594195839331,0.0,2722.6998280017956,4198.706531953654,2475.0015996719576,3658.487744240195
6.24,-44.3825569152832,-17.172164916992188,-130.23965454101562,9.364448110593846,0.23418033920708248,0.40172459540470645,-0.11180746727839465,3.77142794349135,0.11767822305890774,0.2906655668218461,0.0,2722.148216858494,4199.320231544934,2474.4992124866653,3658.9197221257396
6.26,-44.50806427001953,-17.311250686645508,-130.70022583007812,9.36409132712682,0.2343741909624336,0.4020534081630102,-0.11211078427652199,3.774421362896985,0.11778120729071277,0.29077260186195397,0.0,2721.59340563629,4199.937621429444,2473.993783149964,3659.354182672146
6.28,-44.63468551635742,-17.449316024780273,-131.1611328125,9.36373157360164,0.23456920350562918,0.40238410530689,-0.11241526884927207,3.7774298614305626,0.11788497490963075,0.29088052791950786,0.0,2721.035730326509,4200.558105103483,2473.485815640838,3659.7908821687433
6.3,-44.76240921020508,-17.58635139465332,-131.6224365234375,9.363368832516972,0.23476537909505407,0.40271668570466856,-0.11272203097739932,3.780455890278297,0.11798931345523518,0.29098935024490835,0.0,2720.4748773009105,4201.182230327626,2472.9748473536138,3660.2300486853983
6.32,-44.8912353515625,-17.72234344482422,-132.08413696289062,9.363003086445728,0.234962738420167,0.4030511632238374,-0.11303055057192572,3.7834988674384618,0.11809420552955953,0.29109907406628166,0.0,2719.910875725074,4201.809859096569,2472.460999527518,3660.6716694210086
6.34,-45.02114486694336,-17.857284545898438,-132.5461883544922,9.36263432300066,0.2351612850457822,0.40338753979515435,-0.11334069228733755,3.786557969511552,0.118199828376817,0.29120970309980176,0.0,2719.3438717999434,4202.440815550023,2471.944415967705,3661.115629946802
6.36,-45.15214157104492,-17.99116325378418,-133.0086212158203,9.362262523510045,0.23536103046350226,0.4037258233559797,-0.11365301977910947,3.789634727769382,0.11830608326514196,0.29132124294698636,0.0,2718.773646522814,4203.075438164894,2471.424813223666,3661.562093808475
6.38,-45.284217834472656,-18.12397575378418,-133.47140502929688,9.361887668775745,0.2355619991062188,0.40406603344751996,-0.11396732043210421,3.792729121373071,0.11841316462346203,0.2914336993672764,0.0,2718.2001665167822,4203.713716130161,2470.9022041210965,3662.011091925413
6.4,-45.41735076904297,-18.255708694458008,-133.93458557128906,9.361509732423418,0.23576423303805696,0.404408205459055,-0.11428427122566154,3.795843349353398,0.11852083489888368,0.29154708027297466,0.0,2717.623093817875,4204.356131439153,2470.3761876120734,3662.4628807047757
6.42,-45.551551818847656,-18.386348724365234,-134.398193359375,9.361128692959497,0.2359677754116685,0.40475238093793925,-0.11460320743566547,3.7989761290499326,0.11862897936399848,0.291661392112151,0.0,2717.042576975653,4205.002395422862,2469.847008792545,3662.9173546735597
6.44,-45.68679428100586,-18.515892028808594,-134.8622283935547,9.360744540533119,0.2361726235970302,0.40509857031846785,-0.11492357328041758,3.80212490059589,0.118737630174743,0.29177663784006425,0.0,2716.4590483319835,4205.651955929354,2469.3151221477738,3663.3741789339138
6.46,-45.82308578491211,-18.64432716369629,-135.32669067382812,9.360357270301293,0.2363787355757427,0.40544675289045967,-0.11524525827954524,3.8052881675001955,0.11884680277556507,0.2918928189096121,0.0,2715.872798782656,4206.304496516919,2468.780783884841,3663.833122719846
6.48,-45.96040725708008,-18.771642684936523,-135.79150390625,9.359966878636804,0.23658605345867442,0.40579689073308356,-0.11556820617916985,3.808465178768591,0.11895675492622651,0.2920099364089587,0.0,2715.283975169289,4206.959857268666,2468.2441234852777,3664.294069548934
6.5,-46.098758697509766,-18.8978328704834,-136.25669860839844,9.359573350502798,0.236794547654856,0.40614896049274807,-0.1158932968658759,3.8116586534690544,0.1190674432024674,0.29212799484916074,0.0,2714.6921690402105,4207.618633589892,2467.7046448457386,3664.757328226653
6.52,-46.23812484741211,-19.022884368896484,-136.72225952148438,9.3591766639022,0.23700423490217645,0.4065029709900998,-0.11622063222737804,3.8148702328671793,0.11917887049231517,0.29224700082933985,0.0,2714.097058786659,4208.281170827365,2467.1620684554796,3665.2231540180323
6.54,-46.37849807739258,-19.146793365478516,-137.18829345703125,9.35877679448406,0.2372151555419273,0.4068589499290803,-0.1165503492312497,3.818101034347728,0.11929068262808072,0.2923669616547821,0.0,2713.4984362940504,4208.94770716693,2466.616200071973,3665.6917105314774
6.56,-46.51987838745117,-19.26954460144043,-137.65469360351562,9.358373732758471,0.2374273189303814,0.40721690484718115,-0.11688125415952827,3.8213474847556177,0.11940326215152891,0.2924878801724587,0.0,2712.896832725251,4209.617457574678,2466.067694197998,3666.1625969218176
6.58,-46.66224670410156,-19.39113426208496,-138.12155151367188,9.357967463264748,0.23764071800204498,0.4075768297991642,-0.11721439128687977,3.824611386186629,0.11951628239200779,0.2926097610205757,0.0,2712.2920560468174,4210.290833697746,2465.5161988294426,3666.6359452258334
6.6,-46.805599212646484,-19.51154899597168,-138.58885192871094,9.357557976996688,0.23785534151180873,0.4079387155915035,-0.11754877322780578,3.827890359206504,0.11962976039421461,0.2927326069009936,0.0,2711.684427208464,4210.967305721837,2464.9621593758893,3667.111518696707
6.62,-46.94992446899414,-19.630783081054688,-139.05650329589844,9.357145272928436,0.2380711406147432,0.40830252140024,-0.11788423737681679,3.8311827221220995,0.11974413222715556,0.2928564181214691,0.0,2711.074266231085,4211.646516796277,2464.405865608444,3667.589064378932
6.64,-47.09521484375,-19.748823165893555,-139.5246124267578,9.356729332022267,0.23828810163287772,0.40866822739260544,-0.11822223781557882,3.8344926455438544,0.11985888512259003,0.2929812003933199,0.0,2710.4609625635435,4212.329386257655,2463.8465495713053,3668.069041005526
6.66,-47.24146270751953,-19.865665435791016,-139.99310302734375,9.356310144906,0.2385062249515493,0.40903582406108413,-0.11856132163687971,3.83781724405941,0.11997443291211594,0.2931069565281998,0.0,2709.844861255019,4213.015262625265,2463.2847638921266,3668.5512021703
6.68,-47.38865661621094,-19.981298446655273,-140.46205139160156,9.355887695332372,0.23872551001738476,0.40940529911591544,-0.11890270067988705,3.8411590815506576,0.1200903996509028,0.2932336914002883,0.0,2709.2256410114433,4213.704722777215,2462.720020508632,3669.0357799800113
6.7,-47.53679275512695,-20.095712661743164,-140.93145751953125,9.355461973877885,0.23894595947367,0.40977664372080197,-0.11924527676141393,3.844515735390369,0.12020678591376185,0.2933614078366345,0.0,2708.603612254281,4214.397224407443,2462.152777123001,3669.5225484060657
6.72,-47.685848236083984,-20.208900451660156,-141.40122985839844,9.355032980692458,0.23916753441139646,0.4101498161596869,-0.11958882067631427,3.8478852245140396,0.12032398353947008,0.2934901057922625,0.0,2707.979144680882,4215.092346728542,2461.583376199031,3670.0112160887415
6.74,-47.83583450317383,-20.32085418701172,-141.87142944335938,9.35460070068171,0.2393902204897735,0.4105247892050878,-0.11993460856365973,3.8512709295171903,0.12044179965661102,0.29361978979548714,0.0,2707.3517592246,4215.790839486073,2461.011189584461,3670.502140157363
6.76,-47.98672103881836,-20.431562423706055,-142.34205627441406,9.354165115479399,0.23961404404547776,0.4109015669153814,-0.12028227824572064,3.854673221555922,0.1205601251210061,0.29375046535618043,0.0,2706.7213155720938,4216.492768558055,2460.4361716227972,3670.995440283016
6.78,-48.13851547241211,-20.541019439697266,-142.81312561035156,9.353726213873106,0.23983901995547052,0.4112801473753867,-0.12063144949124398,3.858090847890979,0.12067898646940174,0.2938821358380682,0.0,2706.0880057386294,4217.197860785922,2459.858549251392,3671.4909704191195
6.8,-48.29119873046875,-20.649213790893555,-143.28465270996094,9.353283987287508,0.24006514498142573,0.4116605166076647,-0.12098210976297957,3.8615231189731802,0.12079822732061404,0.2940148038137476,0.0,2705.451968957519,4217.905973228212,2459.2784373552504,3671.988619198365
6.82,-48.44476318359375,-20.756139755249023,-143.75657653808594,9.35283843511952,0.2402923893330265,0.41204264073747476,-0.12133364788984459,3.8649676911886277,0.12091818889245862,0.2941484694641442,0.0,2704.8135838811404,4218.616596489247,2458.696257330156,3672.488095965182
6.84,-48.59919738769531,-20.861785888671875,-144.22894287109375,9.35238954675652,0.24052073202910393,0.4124264896283747,-0.1216871141211961,3.868426944312297,0.121038588088653,0.2942831359730441,0.0,2704.1725388716,4219.33026428115,2458.111559112264,3672.9896284710962
6.86,-48.75448989868164,-20.96614646911621,-144.70176696777344,9.351937315005163,0.24075016632577884,0.4128120437487123,-0.12204173079913684,3.8718994491730854,0.12115938203926846,0.2944188054984512,0.0,2703.5289948977215,4220.046651922123,2457.524619180512,3673.493103792492
6.88,-48.91063690185547,-21.0692138671875,-145.17506408691406,9.351481740926534,0.24098065769293714,0.4131992613740033,-0.12239720882517897,3.875383492671963,0.12128051573658881,0.29455547772203977,0.0,2702.8832558684803,4220.765392480138,2456.9357380101865,3673.9982845134446
6.9,-49.067630767822266,-21.170976638793945,-145.6487274169922,9.35102283122771,0.24121214606245717,0.41358807781353174,-0.12275322388412989,3.8788772476144544,0.12140246432229566,0.2946931506316872,0.0,2702.235643732514,4221.4860936563155,2456.345237208525,3674.5049195459324
6.92,-49.2254524230957,-21.271427154541016,-146.12289428710938,9.350560573350933,0.2414446119721566,0.41397845336710437,-0.12311138536985577,3.8823851920441634,0.12152449785518474,0.2948318279947202,0.0,2701.5855088606895,4222.209746885159,2455.752287815432,3675.013495761334
6.94,-49.384090423583984,-21.370561599731445,-146.59751892089844,9.350094973123433,0.24167803331969512,0.41437034660268507,-0.123469476776355,3.8859021349787906,0.12164690842217096,0.2949715080629701,0.0,2700.9335429365515,4222.935191688027,2455.1578668495576,3675.523505084582
6.96,-49.54354476928711,-21.468368530273438,-147.0725555419922,9.349626041936748,0.24191233925434308,0.4147636745498738,-0.12382808141032055,3.8894274277808645,0.12176988911669033,0.2951121874189756,0.0,2700.279979760536,4223.662314092761,2454.5620539612173,3676.034748316276
6.98,-49.70379638671875,-21.564838409423828,-147.54806518554688,9.349153777753983,0.24214749263747085,0.41515837398252364,-0.12418792435501778,3.8929632710335533,0.12189303243972863,0.29525386667380504,0.0,2699.624488273988,4224.391599806233,2453.9644443603406,3676.5474755622104
7.0,-49.86484146118164,-21.65996742248535,-148.0240478515625,9.348678189618097,0.24238345719746998,0.41555438012892404,-0.12454775662357702,3.8965065650472552,0.1220164216222577,0.295396543114571,0.0,2698.967494140306,4225.122358755914,2453.3656176711665,3677.061371831438
7.02,-50.02666473388672,-21.75374412536621,-148.50042724609375,9.34819929306845,0.24262016472343767,0.41595159957451705,-0.12490761938861054,3.9000558976400295,0.12214034878518623,0.29554021207946485,0.0,2698.309295507628,4225.854298994957,2452.7658075552727,3677.5761976377944
7.04,-50.18925094604492,-21.846160888671875,-148.97732543945312,9.34771708968875,0.2428575792129779,0.4163499577685622,-0.12526852508775,3.903613952728323,0.12226409482582777,0.295684873093375,0.0,2697.6495098453415,4226.588018214898,2452.1645134777364,3678.092238404395
7.06,-50.35260009765625,-21.93721580505371,-149.4546356201172,9.347231604338416,0.24309563929531572,0.416749359625085,-0.12562813782425683,3.9071743283573355,0.12238839232437729,0.29583051869847504,0.0,2696.989059337459,4227.322098669529,2451.5629216144534,3678.6088041130834
7.08,-50.51669692993164,-22.026893615722656,-149.93246459960938,9.34674284784861,0.24333427872895744,0.4171496991440336,-0.12598858921622888,3.9107408498050726,0.122512405022208,0.29597714564541705,0.0,2696.32751675006,4228.057416842359,2450.960284802839,3679.126192943085
7.1,-50.68153381347656,-22.115192413330078,-150.41073608398438,9.34625085094625,0.24357342247038563,0.4175508610762109,-0.12634726644025132,3.914306908659023,0.12263666597780784,0.29612474471612504,0.0,2695.665799946778,4228.792501773758,2450.357837656152,3679.6437241103704
7.12,-50.84708786010742,-22.20210075378418,-150.8894500732422,9.345755641359977,0.24381296584532947,0.4179526990396374,-0.1267055529983029,3.9178737517000477,0.12276097941133379,0.2962733075920069,0.0,2695.003886624765,4229.527665278515,2449.7553017993423,3680.161387140837
7.14,-51.013362884521484,-22.287614822387695,-151.3686065673828,9.345257243429607,0.24405283652971602,0.4183550845669358,-0.12706297107438563,3.9214405234213583,0.12288545231900946,0.2964228269711178,0.0,2694.34187049525,4230.262713754832,2449.152842655419,3680.6791170852443
7.16,-51.18033981323242,-22.37172508239746,-151.84823608398438,9.344755678345189,0.24429298312589198,0.4187579001437489,-0.12741990038330395,3.925007899990048,0.12300975133692514,0.29657329649644326,0.0,2693.6796743290092,4230.997804877668,2448.55032608114,3681.196968150337
7.18,-51.34800720214844,-22.454425811767578,-152.32833862304688,9.344250978043856,0.2445333484403992,0.41916102237545966,-0.12777525533222048,3.9285725650016405,0.12313384481929501,0.29672470658684313,0.0,2693.017795545125,4231.732210817398,2447.9483588746307,3681.7145647099305
7.2,-51.51634979248047,-22.535707473754883,-152.8088836669922,9.343743184659928,0.24477383770284708,0.4195642959558973,-0.12812868237396688,3.932131673388124,0.12325776029926763,0.2968770446020216,0.0,2692.356759357181,4232.465328689001,2447.347432635789,3682.2314938361424
7.22,-51.68537139892578,-22.61556625366211,-153.28993225097656,9.343232341926887,0.24501434391906865,0.41996755040200356,-0.1284801327101561,3.9356837134237437,0.12338120217364976,0.2970302974219338,0.0,2691.696867668901,4233.1968447091485,2446.747800657337,3682.747515153818
7.24,-51.85504150390625,-22.69399070739746,-153.77142333984375,9.342718506781265,0.24525473431306485,0.4203705890066353,-0.12882849188368412,3.939224349603865,0.12350423331716365,0.2971844479656204,0.0,2691.0388246457305,4233.925816687054,2446.150242663314,3683.2620883118325
7.26,-52.02536392211914,-22.770980834960938,-154.25335693359375,9.342201741854126,0.24549484939981953,0.42077318440896444,-0.12917370924699811,3.942751339354194,0.12362704395374258,0.2973394774437622,0.0,2690.383083422337,4234.651777904804,2445.5551349621855,3683.774852065915
7.28,-52.19632339477539,-22.846525192260742,-154.7357635498047,9.341682099722284,0.2457345620138288,0.42117512246355177,-0.12951643663286486,3.9462657386819657,0.1237491733789603,0.2974953700833147,0.0,2689.7295344745353,4235.374976093924,2444.9622658459753,3684.285881161521
7.3,-52.36790084838867,-22.920618057250977,-155.2185821533203,9.341159645943163,0.24597375029260143,0.4215761861107618,-0.12985520784296614,3.9497632278820483,0.12387089626631127,0.29765210621705107,0.0,2689.07881806714,4236.094460148635,2444.372429503112,3684.7946938002938
7.32,-52.54008483886719,-22.993253707885742,-155.70193481445312,9.34063444363011,0.24621229154736923,0.4219761494936127,-0.1301907582735484,3.9532439356261406,0.12399128697516017,0.297809666910967,0.0,2688.431029116582,4236.810289089431,2443.785564101856,3685.3011993685477
7.34,-52.7128791809082,-23.064422607421875,-156.1857147216797,9.34010659144427,0.24645000176929724,0.42237473451678575,-0.13051983430747452,3.956697427601641,0.1241109138924114,0.297968022566719,0.0,2687.787767720942,4237.52017055077,2443.203577458712,3685.804184642243
7.36,-52.886253356933594,-23.134122848510742,-156.669921875,9.339576188828858,0.24668664096003728,0.4227716045727027,-0.13084372240985717,3.9601228037064633,0.12422966429758638,0.2981271433513427,0.0,2687.14943603246,4238.223969078514,2442.6265529268303,3686.303301913009
7.38,-53.060203552246094,-23.202342987060547,-157.15463256835938,9.339043327647673,0.24692201487143764,0.42316644208912024,-0.1311621813352917,3.963519007202922,0.12434669167753679,0.29828700170569816,0.0,2686.5162085219044,4238.921460083802,2442.0546766338234,3686.798417335965
7.4,-53.23471450805664,-23.26908302307129,-157.63975524902344,9.338508137551415,0.2471558714787709,0.4235588727268357,-0.13147215421803402,3.9668756057164543,0.124462655083727,0.29844755873457557,0.0,2685.8897189520562,4239.610358360382,2441.4898469731124,3687.288287011518
7.42,-53.4097785949707,-23.334335327148438,-158.1253204345703,9.337970741677662,0.24738793314896754,0.4239484813795069,-0.13177532913215317,3.9701929661797877,0.12457710865457478,0.29860877749670145,0.0,2685.2701746371995,4240.290809324776,2440.9319138430874,3687.7727112074317
7.44,-53.58538818359375,-23.398090362548828,-158.61138916015625,9.337431266219586,0.24761796431748162,0.424334867392124,-0.13207039054467234,3.9734671291871035,0.12468925375504292,0.29877062013412437,0.0,2684.6581664140385,4240.961944340137,2440.3816027426114,3688.251245192972
7.46,-53.76151657104492,-23.460344314575195,-159.0978240966797,9.336889881740836,0.24784564258902717,0.4247175476970643,-0.13235422046662607,3.9766860375845936,0.12479984027247633,0.2989330354777492,0.0,2684.0556528051247,4241.62113828196,2439.8410865978376,3688.722386651646
7.48,-53.93815612792969,-23.521093368530273,-159.58473205566406,9.336346748286449,0.24807062645061634,0.4250959985446461,-0.13262877821367194,3.9798501548470298,0.1249078858200752,0.2990959755140654,0.0,2683.4628654765866,4242.2685694005495,2439.3101837454774,3689.185911090493
7.5,-54.11530685424805,-23.58032989501953,-160.07208251953125,9.335802051011008,0.24829257649089861,0.42546967643733535,-0.1328908291434239,3.982949457167964,0.12501331948449806,0.2992593846966976,0.0,2682.8813225938843,4242.9020332504915,2438.790731924444,3689.6406713985725
7.52,-54.292938232421875,-23.63804817199707,-160.559814453125,9.335256001281032,0.24851107736854272,0.4258379539032987,-0.13313947020687475,3.985976049927977,0.12511613229136662,0.2994231996156905,0.0,2682.3124969538226,4243.519858152513,2438.2840937027236,3690.085508851887
7.54,-54.47105026245117,-23.694244384765625,-161.04800415039062,9.334708814912187,0.2487257080357663,0.42620016914075626,-0.13337435263082187,3.988925078952006,0.12521549711024504,0.299587355526344,0.0,2681.757326368319,4244.121028646367,2437.791093519483,3690.519681724264
7.56,-54.64962387084961,-23.748912811279297,-161.53662109375,9.334160743869273,0.2489359998484602,0.4265555952999545,-0.13359236506993144,3.9917842384461806,0.12531115639191118,0.2997517768392182,0.0,2681.217820357781,4244.702870992824,2437.3139439963734,3690.941647523723
7.58,-54.82864761352539,-23.80204963684082,-162.02557373046875,9.333612073932573,0.2491413879416309,0.42690339651505593,-0.1337918331190116,3.9945422030992996,0.1254034999995463,0.29991637782022823,0.0,2680.6960289123713,4245.262971182883,2436.8546201473546,3691.3498019572044
7.6,-55.00811004638672,-23.853649139404297,-162.51495361328125,9.333063081315037,0.24934133250581508,0.4272427139713733,-0.1339737083974392,3.997196584682692,0.1254912160936032,0.30008107560548875,0.0,2680.1925982180387,4245.800880695156,2436.413465255339,3691.7436105534975
7.62,-55.18799591064453,-23.903705596923828,-163.00473022460938,9.332514087184293,0.2495352705937276,0.42757263634080156,-0.13413344033887528,3.9997316418818563,0.1255739173270568,0.300245773844712,0.0,2679.7100019022305,4246.313157950924,2435.9933385142967,3692.1211895982115
7.64,-55.36829376220703,-23.952213287353516,-163.49490356445312,9.331965462722406,0.2497225011678443,0.42789210513955456,-0.13426864083279297,4.002131937464092,0.12565090873670803,0.3004103611832781,0.0,2679.251015781813,4246.796508681941,2435.596937045635,3692.4803691199368
7.66,-55.54899215698242,-23.99917221069336,-163.98536682128906,9.331417627141667,0.2499021963004187,0.42819991315797623,-0.13437597257274017,4.00437957873915,0.12572274227682712,0.3005747118575,0.0,2678.818763165801,4247.247090761505,2435.227417668984,3692.8187209388293
7.68,-55.73007583618164,-24.044574737548828,-164.47621154785156,9.330870993734035,0.25007353449830977,0.4284947944821957,-0.13445661223007674,4.006469686965134,0.1257875896332382,0.3007387018797896,0.0,2678.4144392363137,4247.66395078899,2434.8855257183923,3693.135267620405
7.7,-55.911537170410156,-24.088417053222656,-164.96743774414062,9.330326039872537,0.2502356519791786,0.4287753951094282,-0.13450412227873942,4.008379400528981,0.12584463396946555,0.300902188038239,0.0,2678.0416669348624,4248.042095609832,2434.5754061534017,3693.427245598449
7.72,-56.093353271484375,-24.13069725036621,-165.45892333984375,9.329783325971128,0.25038746231097697,0.42904012440223016,-0.1345141099498566,4.010083456167555,0.12589411572266765,0.3010650022086615,0.0,2677.704909846045,4248.376111723099,2434.3015002976053,3693.6911765889827
7.74,-56.275516510009766,-24.17140769958496,-165.95069885253906,9.329243429876664,0.2505278047939423,0.42928725059909145,-0.13448617827968015,4.011568533718348,0.12593447619650755,0.3012269710370008,0.0,2677.4068372358274,4248.663232311594,2434.066043060835,3693.924936762077
7.76,-56.458011627197266,-24.210548400878906,-166.44273376464844,9.328706991878395,0.2506554615367409,0.42951491371085804,-0.1344144281123467,4.012809476326361,0.1259650404310847,0.3013879024364815,0.0,2677.151632890349,4248.898013484328,2433.873531803655,3694.125303850429
7.78,-56.64082336425781,-24.248117446899414,-166.93505859375,9.32817471846383,0.2507690737079327,0.4297210528034543,-0.13429515526102231,4.013781989451393,0.12598422683377147,0.30154758446085117,0.0,2676.943669607579,4249.075279980025,2433.728203920079,3694.288859459097
7.8,-56.82394790649414,-24.284109115600586,-167.42758178710938,9.327647407444532,0.25086709950048847,0.42990336536654283,-0.1341215557105201,4.014452624890314,0.1259914318432631,0.30170577776664037,0.0,2676.7886860218623,4249.187832546347,2433.6359859585673,3694.4111563288934
7.82,-57.007362365722656,-24.318519592285156,-167.9203338623047,9.327125926519168,0.2509478195963203,0.4300592933460062,-0.13388976740698133,4.014792707910459,0.1259844134090343,0.3018622220442497,0.0,2676.6919278076816,4249.229585223886,2433.601851157703,3694.488081810333
7.84,-57.19105911254883,-24.351346969604492,-168.4132080078125,9.32661126333299,0.2510092823734337,0.4301859703076004,-0.13359047727714593,4.014758704567818,0.12596258247665873,0.3020166210001028,0.0,2676.6607877433007,4249.1911485895835,2433.633537515252,3694.5139176596267
7.86,-57.37501907348633,-24.382593154907227,-168.9062042236328,9.326104491659303,0.2510493017628811,0.43028019444244175,-0.13321932496871894,4.014315336296373,0.1259241094367621,0.30216865250220926,0.0,2676.701784063076,4249.065051940478,2433.737142104836,3694.4835443932866
7.88,-57.559226989746094,-24.412250518798828,-169.39932250976562,9.325606783888935,0.2510655286162143,0.43033846976718143,-0.13276842743472422,4.013420195107545,0.12586601230311456,0.3023179648333196,0.0,2676.822307372608,4248.842210693241,2433.9201306653376,3694.391217676166
7.9,-57.743675231933594,-24.440319061279297,-169.8924560546875,9.325119491567458,0.25105524074382385,0.43035683038189115,-0.13222507824266325,4.012011669079028,0.12578705481876198,0.30246415252976266,0.0,2677.0328946985255,4248.509360052432,2434.1934252329506,3694.2287748569966
7.92,-57.92835235595703,-24.466798782348633,-170.38565063476562,9.324644104824777,0.25101532217029987,0.4303307870039936,-0.13158166809396474,4.010035032970211,0.1256837066543182,0.30260676855256674,0.0,2677.343513127865,4248.054878419926,2434.566525570097,3693.9884055398534
7.94,-58.11323928833008,-24.49168586730957,-170.8787078857422,9.324182312302609,0.25094222750290407,0.4302552712928489,-0.1308231788692041,4.007415416159743,0.1255545179999124,0.30274530630921725,0.0,2677.7670314395627,4247.462672350279,2435.0526749496994,3693.6601306158236
7.96,-58.2983283996582,-24.514984130859375,-171.3716583251953,9.323735959562628,0.2508319900205858,0.43012459710646417,-0.1299408494388278,4.0040873998567905,0.12539567467511598,0.3028792121312117,0.0,2678.315409794729,4246.718875691922,2435.663201927995,3693.234570684238
7.98,-58.48359680175781,-24.53668975830078,-171.8644561767578,9.323307099885923,0.25068023893711466,0.42993244577208023,-0.12891863437307047,3.999966621160764,0.1252024887357358,0.303007870034223,0.0,2679.0032741247483,4245.805415816252,2436.4129629827285,3692.7003639864397
8.0,-58.66904067993164,-24.556800842285156,-172.3569793701172,9.322898090999033,0.25048188500986573,0.4296715852558182,-0.1277359428258927,3.9949439783061322,0.12497114254873772,0.3031305727002902,0.0,2679.849571521211,4244.6989160869425,2437.321168383881,3692.0427849400576
8.02,-58.854637145996094,-24.575326919555664,-172.8491668701172,9.322511591231487,0.2502309995880484,0.4293337087914195,-0.12637400085925543,3.9889038069521763,0.12469730950039862,0.3032465226305538,0.0,2680.874888489066,4243.374732931406,2438.408010857309,3691.2457600602747
8.04,-59.04037857055664,-24.592260360717773,-173.34091186523438,9.322150557045068,0.24992087241714758,0.4289094061925065,-0.12481262305200425,3.98172193203221,0.12437425042177215,0.30335483288647946,0.0,2682.101300144223,4241.806434245975,2439.6951504080625,3690.29205547576
8.06,-59.22625732421875,-24.60760498046875,-173.83212280273438,9.32181835281984,0.2495437966302514,0.42838792962237926,-0.12302299242135734,3.973240538589827,0.12399537112623817,0.3034544941540481,0.0,2683.5563257644426,4239.960301870452,2441.2102764079145,3689.160259386078
8.08,-59.4122428894043,-24.621366500854492,-174.32269287109375,9.321518806535446,0.24909077993397988,0.4277568739288344,-0.12097508947541463,3.963279581597958,0.12355261436571169,0.3035443580393663,0.0,2685.2718197920085,4237.798005264402,2442.984809403257,3687.8255168787173
8.1,-59.59834289550781,-24.633544921875,-174.81243896484375,9.32125627416449,0.24855134389949204,0.4270019041703546,-0.11863336420467407,3.9516281104496347,0.12303749879346933,0.3036231177506529,0.0,2687.285012961439,4235.274650782712,2445.055556125456,3686.2587860238164
8.12,-59.78453063964844,-24.644142150878906,-175.30125427246094,9.321035683897943,0.24791333870882334,0.4261064713485092,-0.11596009014948762,3.9380495257412367,0.1224373848027326,0.30368929483061713,0.0,2689.63797498159,4232.340027267578,2447.4636410893017,3684.427199038697
8.14,-59.970794677734375,-24.653167724609375,-175.78892517089844,9.320862720906101,0.2471624636769,0.42505128840890094,-0.11290280555959474,3.9222416685165586,0.1217408248717124,0.3037411837281697,0.0,2692.3836824535183,4228.929868018019,2450.261779638091,3682.2894636831315
8.16,-60.157127380371094,-24.660627365112305,-176.2753143310547,9.320743867267863,0.24628184528228347,0.4238137891110775,-0.10941095734936003,3.903870181335798,0.12093124937368287,0.3037768398196411,0.0,2695.581931596803,4224.973456348748,2453.5078315190067,3679.7987923377414
8.18,-60.343509674072266,-24.66652488708496,-176.7601776123047,9.320686579704178,0.24525156531148717,0.4223675247999816,-0.10541730533532363,3.882520996137867,0.11998905989569658,0.3037940260887465,0.0,2699.3059065084844,4220.38312725737,2457.2736101386263,3676.8980269890944
8.2,-60.52993392944336,-24.67087173461914,-177.2432403564453,9.320699514511919,0.2440477125691929,0.42068112810131736,-0.10084244680313122,3.857687164044066,-0.31524678035581993,0.30379014564642437,0.0,2703.645584909811,4215.051789612168,2461.6467799994175,3673.5168191330918
8.22,-60.71676254272461,-24.674171447753906,-177.70156860351562,9.340752750006216,0.18376269446168883,0.3706142650277723,-0.8928216866092811,-1.4152943743958104,-0.5,0.29777417499813535,0.0,3775.4757304941345,3299.6751274052217,3180.3423281952278,2798.837677962077
8.24,-60.90350341796875,-24.67807388305664,-178.0687713623047,9.318294747225606,0.06249678574653074,0.2735908521034399,-2.6169536348352582,-3.2631591757597262,-0.5,0.3045115758323183,0.0,4366.980867841554,3095.909307246464,3305.0401700096827,2285.874351391504
8.26,-61.08927536010742,-24.683237075805664,-178.3285675048828,9.265531558724062,-0.046327316608052296,0.17973593635144247,-2.633768787821729,-3.352267315415188,-0.5,0.32034053238278143,0.0,4391.155773787412,3078.0908192739967,3318.0818557276775,2265.2450519217814
8.28,-61.27395248413086,-24.689708709716797,-178.48098754882812,9.213304658580123,-0.13791908542378126,0.08663539618820028,-2.579306774866979,-3.3546765838333847,-0.5,0.33600860242596314,0.0,4385.229495636021,3071.700068737823,3323.820684172046,2270.6114588653177
8.3,-61.457576751708984,-24.69750213623047,-178.52818298339844,9.162231496556386,-0.21298277946793132,-0.0037475156359428573,-2.5286690778974186,-3.402486372908293,-0.5,0.3513305510330843,0.0,4388.288509181733,3057.0835700588705,3336.096483017848,2268.714744971151
8.32,-61.640159606933594,-24.706632614135742,-178.4737091064453,9.11245224472099,-0.2733279999494553,-0.09069406375104475,-2.4874505628376196,-3.5053919848230266,-0.5,0.3662643265837031,0.0,4403.12987748598,3032.699629152496,3356.022393236218,2257.1891652722434
8.34,-61.82171630859375,-24.71714210510254,-178.32196044921875,9.063941275004307,-0.32091413905588834,-0.17338025659266346,-2.454803163175215,-3.6614959830906777,-0.5,0.3808176174987079,0.0,4429.421702842941,2998.825873602228,3383.380651739022,2236.3056839557366
8.36,-62.002254486083984,-24.729095458984375,-178.0782928466797,9.016694207515235,-0.3577550207107011,-0.25094158374883063,-2.4247673967006036,-3.863960969741086,-0.5,0.3949917377454296,0.0,4465.195806289881,2956.115018838047,3417.777970775522,2207.772488956503
8.38,-62.18177032470703,-24.74256706237793,-177.74884033203125,8.970719142516925,-0.385781840572829,-0.3232613487468178,-2.3979799755157454,-4.1048980116483085,-0.5,0.4087842572449224,0.0,4508.8708263721965,2906.113601653857,3457.9776298480674,2172.860859387476
8.4,-62.36027526855469,-24.75765037536621,-177.33949279785156,8.925907108955371,-0.40675794558752365,-0.39024197139322897,-2.3762253902163812,-4.376557376539186,-0.5,0.42222786731338857,0.0,4559.238289449336,2850.583159643346,3502.5109535423994,2132.48352307296
8.42,-62.537757873535156,-24.77444076538086,-176.8566436767578,8.882159799647653,-0.4222914542836137,-0.4515613289692974,-2.3570204015119134,-4.669060864203968,-0.5,0.43535206010570415,0.0,4614.076577046818,2791.1606573569147,3550.1220388090805,2088.478451493618
8.44,-62.71419906616211,-24.79305076599121,-176.30685424804688,8.8393881519264,-0.43382108498155925,-0.5069806497995887,-2.3394796041711907,-4.972054269741122,-0.5,0.44818355442208,0.0,4671.260810949196,2729.7713338650524,3599.2858163324527,2042.5680251447927
8.46,-62.889583587646484,-24.8135929107666,-175.697021484375,8.797507684177727,-0.442589597243733,-0.5564188336634298,-2.3231142519704835,-5.275313055269899,-0.5,0.46074769474668176,0.0,4728.728580938116,2668.367556950667,3648.446659811006,1996.4157319236351
8.48,-63.06388854980469,-24.836172103881836,-175.033935546875,8.756440388034704,-0.4496253813641816,-0.5999678672846682,-2.3076302690218315,-5.5695115761083995,-0.5,0.47306788358958873,0.0,4784.608284762184,2608.7546755379612,3696.162578042202,1951.5278197913692
8.5,-63.23709487915039,-24.860897064208984,-174.3241424560547,8.716116823088774,-0.4557390136524424,-0.6378789738299503,-2.292841171810347,-5.846868079355583,-0.5,0.48516495307336793,0.0,4837.337273567791,2552.4531793422793,3741.2177095423335,1909.1605378369418
8.52,-63.40915298461914,-24.88786506652832,-173.57398986816406,8.676477207342598,-0.46153510440593165,-0.6705327534684146,-2.2786276334857205,-6.101581562858037,-0.5,0.49705683779722043,0.0,4885.745225413865,2500.6062564855556,3782.6973519906387,1870.2541936779287
8.54,-63.58005142211914,-24.917160034179688,-172.78921508789062,8.637471419752478,-0.46743657332846444,-0.6984010455635588,-2.2649134106832753,-6.330002739326528,-0.5,0.5087585740742566,0.0,4929.087724770801,2453.9408705404157,3820.0196978236013,1835.406755409173
8.56,-63.74973678588867,-24.948856353759766,-171.9750213623047,8.599058243553962,-0.473716487342475,-0.722006977572232,-2.251648390025048,-6.530524828630752,-0.5,0.5202825269338114,0.0,4967.025603147,2412.7846642382515,3852.9226417314903,1804.890777788098
8.58,-63.91816711425781,-24.983022689819336,-171.1359100341797,8.561204225283475,-0.4805319536888245,-0.7418887451034987,-2.2387965951067055,-6.7032478696360265,-0.5,0.5316387324149574,0.0,4999.559636600199,2377.12859197486,3881.4138107067092,1778.7060126390618
8.6,-64.08531951904297,-25.01970100402832,-170.27593994140625,8.52388243272283,-0.48795545145479113,-0.7585708676922834,-2.2263285260168324,-6.849522572778633,-0.5,0.5428352701831509,0.0,5026.940978118793,2346.714765316067,3905.700283329103,1756.6513808628147
8.62,-64.25112915039062,-25.058935165405273,-169.39846801757812,8.487071277975849,-0.4960008414027906,-0.7725443570703352,-2.2142170627240207,-6.971485800817274,-0.5,0.5538786166072454,0.0,5049.5793564864525,2321.1273180430244,3926.1158111785808,1738.3986585591438
8.64,-64.41556549072266,-25.10074806213379,-168.50625610351562,8.450753479570682,-0.504643210158901,-0.7842552505044422,-2.2024358542443996,-7.071666624922589,-0.5,0.5647739561287952,0.0,5067.9648134156305,2299.8702871916,3943.058397981489,1723.55525489267
8.66,-64.57858276367188,-25.145166397094727,-167.6017608642578,8.414915181623655,-0.5138330558009557,-0.7940998038532381,-2.1909591087883604,-7.152696874429484,-0.5,0.5755254455129034,0.0,5082.609921913334,2282.425329843216,3956.944017364289,1711.7105383593491
8.68,-64.74014282226562,-25.19219398498535,-166.68690490722656,8.379545221325246,-0.5235059656877715,-0.8024243069895828,-2.1797619584730934,-7.217124870221962,-0.5,0.5861364336024261,0.0,5094.012405401951,2268.289172886972,3968.17656962713,1702.4657939834428
8.7,-64.90019226074219,-25.241832733154297,-165.76319885253906,8.344634526501995,-0.5335890452970972,-0.8095276943555975,-2.168820907453404,-7.26731254753383,-0.5,0.5966096420494015,0.0,5102.634334008274,2256.9945089112443,3977.131110959486,1695.4508879516648
8.72,-65.05870056152344,-25.29408073425293,-164.83197021484375,8.310175623651151,-0.5440051778148796,-0.8156655644250317,-2.15811414667531,-7.305391296718281,-0.5,0.6069473129046545,0.0,5108.893044177461,2248.119142281157,3984.1465078065967,1690.3315362540582
8.74,-65.21561431884766,-25.34893035888672,-163.89413452148438,8.276162238509668,-0.5546759208668431,-0.8210546816423078,-2.147621687637656,-7.33325454756181,-0.5,0.6171513284470995,0.0,5113.15942678979,2241.28772834314,3989.5240350956647,1686.8106700484298
8.76,-65.37089538574219,-25.406362533569336,-162.9504852294922,8.242588973628209,-0.5655235858940908,-0.8258774121495597,-2.1373253467529643,-7.352570537576738,-0.5,0.6272233079115374,0.0,5115.760287835649,2236.1694078671144,3993.5292698305457,1684.6265396848341
8.78,-65.52450561523438,-25.466360092163086,-162.00152587890625,8.2094510497791,-0.5764728387972481,-0.8302858148898229,-2.1272086346079755,-7.364804114801646,-0.5,0.6371646850662701,0.0,5116.982555087046,2232.473574865047,3996.395484168546,1683.5493413730214
8.8,-65.67640686035156,-25.528900146484375,-161.04774475097656,8.176744100140986,-0.5874520131235306,-0.8344052840997858,-2.11725659966563,-7.371240753375049,-0.5,0.646976769957704,0.0,5117.077963730695,2229.9451555777346,3998.327432041677,1683.3774614019362
8.82,-65.82655334472656,-25.593961715698242,-160.08929443359375,8.144464008063151,-0.5983942299547919,-0.8383377411808213,-2.107455661973213,-7.373009033689132,-0.5,0.6566607975810546,0.0,5116.267466051836,2228.3601613272585,3999.5049168954847,1683.9339423273261
8.84,-65.97490692138672,-25.66151237487793,-159.12648010253906,8.112606780842075,-0.6092383591282198,-0.8421644262782914,-2.0977934582923634,-7.371099856559134,-0.5,0.6662179657473775,0.0,5114.745012898795,2227.5218722172976,4000.08585375268,1685.0634530246205
8.86,-66.12145233154297,-25.73152732849121,-158.15927124023438,8.081168453355465,-0.619929823245876,-0.8459483605521498,-2.0882587090577833,-7.366381904375831,-0.5,0.6756494639933605,0.0,5112.680603324272,2227.2577575845744,4000.2087403845203,1686.6298453763543
8.88,-66.26612091064453,-25.803966522216797,-157.1876983642578,8.050145016599654,-0.630421230511576,-0.8497365517861423,-2.078841110172332,-7.359613579070703,-0.5,0.6849564950201038,0.0,5110.222642579477,2227.417093694926,3999.9945691408666,1688.514265254269
8.9,-66.40888977050781,-25.87880516052246,-156.21182250976562,8.019532414378563,-0.6406727363052308,-0.8535619187818126,-2.0695159456414274,-7.3514258688399226,-0.5,0.694140275686431,0.0,5107.494154078555,2227.872017199717,3999.5462532006213,1690.618460756639
8.92,-66.54972839355469,-25.95600700378418,-155.23147583007812,7.989326997152028,-0.6506514919605569,-0.8574442254831244,-2.0602753509518412,-7.342378487736017,-0.5,0.7032019008543916,0.0,5104.601395376202,2228.5127628166974,3998.9520677514893,1692.857496452442
8.94,-66.68859100341797,-26.03553581237793,-154.24667358398438,7.959523870480198,-0.6603344183395886,-0.8613948515509084,-2.0511676543287067,-7.333045469481029,-0.5,0.7121428388559405,0.0,5101.665009370024,2229.230293550364,3998.2981951310016,1695.133393611071
8.96,-66.82544708251953,-26.11735725402832,-153.2572479248047,7.930117755919806,-0.66970656186102,-0.8654170841235451,-2.042168814646173,-7.3237922295536615,-0.5,0.7209646732240582,0.0,5098.756335646689,2229.9487247698275,3997.645833523717,1697.3893036486265
8.98,-66.96025848388672,-26.20142936706543,-152.26321411132812,7.9011043792224465,-0.6787583164415332,-0.8695050359516956,-2.0332094912458656,-7.314817396899476,-0.5,0.729668686233266,0.0,5095.905077906611,2230.62190653327,3997.033530010823,1699.6029529641423
9.0,-67.09300231933594,-26.287721633911133,-151.26449584960938,7.872479217490134,-0.6874870344703011,-0.8736472784439268,-2.0243242780502446,-7.306420961652744,-0.5,0.7382562347529599,0.0,5093.175196158903,2231.1938474862127,3996.5053021100507,1701.7221801240944
9.02,-67.2236328125,-26.37619400024414,-150.26092529296875,7.84423735835419,-0.6958967321244008,-0.8778287388675499,-2.01550630606089,-7.2987690017335725,-0.5,0.7467287924937431,0.0,5090.599047654349,2231.630561680283,3996.088471453284,1703.7211117059153
9.04,-67.35212707519531,-26.466806411743164,-149.25259399414062,7.816373825517409,-0.7039967496445882,-0.8820314554927953,-2.006750980813088,-7.291964612643093,-0.5,0.7550878523447774,0.0,5088.196870087465,2231.9107313039613,3995.8001484222123,1705.5835382117218
9.06,-67.47843933105469,-26.559520721435547,-148.23944091796875,7.78888360089724,-0.711800880193362,-0.886235768697521,-1.9980543738491952,-7.286054605684149,-0.5,0.763334919730828,0.0,5085.977883512252,2232.0242053165293,3995.6484757544135,1707.3020703207708
9.08,-67.60254669189453,-26.654298782348633,-147.22152709960938,7.761761659178395,-0.7193264604660583,-0.8904213697865776,-1.9894130716000824,-7.281036841269741,-0.5,0.7714715022464813,0.0,5083.9417039778555,2231.970550122691,3995.6337944929146,1708.8770092703708
9.1,-67.72441864013672,-26.751102447509766,-146.19876098632812,7.735003003759785,-0.7265934585529822,-0.8945682037163857,-1.9808241141747243,-7.276867930057083,-0.5,0.7794990988720644,0.0,5082.079842633506,2231.757537320292,3995.7498581643995,1710.315146478965
9.12,-67.8440170288086,-26.849889755249023,-145.17132568359375,7.708602701992829,-0.7336235902708033,-0.8986572199588169,-1.9722849348890892,-7.273471073630457,-0.5,0.7874191894021512,0.0,5080.377234631634,2231.3996019810966,3995.9850705379313,1711.628539229995
9.14,-67.96131134033203,-26.95062255859375,-144.1392822265625,7.682555918349447,-0.7404394903994772,-0.9026709700330676,-1.9637932958074824,-7.270743807459071,-0.5,0.7952332244951659,0.0,5078.81375075092,2230.916317318921,3996.323710306102,1712.833300273286
9.16,-68.0762710571289,-27.053258895874023,-143.10263061523438,7.656857944408604,-0.7470639598043438,-0.9065940549385352,-1.955347220405874,-7.268565419440709,-0.5,0.8029426166774187,0.0,5077.365647257634,2230.330930443877,3996.74710681702,1713.9484369786394
9.18,-68.18887329101562,-27.15775489807129,-142.06158447265625,7.631504224795326,-0.7535193037075855,-0.9104134300846345,-1.9469449251186217,-7.266803845475422,-0.5,0.8105487325614021,0.0,5076.006914965743,2229.668998615665,3997.2347352109,1714.99477129986
9.2,-68.299072265625,-27.264076232910156,-141.0161895751953,7.60649037846195,-0.7598267707875959,-0.9141185790146171,-1.938584751718615,-7.2653218834360835,-0.5,0.818052886461415,0.0,5074.710496209768,2228.9571577008537,3997.7652054935033,1715.9939655886528
9.22,-68.40684509277344,-27.37217140197754,-139.9665985107422,7.581812214954583,-0.7660060976344869,-0.9177015700759911,-1.9302651025225765,-7.263982612864093,-0.5,0.825456335513625,0.0,5073.449347417902,2228.2220455781676,3998.317127264979,1716.9676721039532
9.24,-68.51216125488281,-27.482006072998047,-138.9129638671875,7.557465745544234,-0.7720751585870389,-0.9211570121245819,-1.9219843803303638,-7.262653954680519,-0.5,0.8327602763367298,0.0,5072.197334173465,2227.4893940203697,3998.869839215441,1717.93681668884
9.26,-68.61499786376953,-27.593528747558594,-137.85543823242188,7.533447189310936,-0.7780497172422015,-0.9244819263770434,-1.9137409348256316,-7.261212349163517,-0.5,0.8399658432067193,0.0,5070.929954288421,2226.7832939089285,3999.4039994579125,1718.9210201685858
9.28,-68.71532440185547,-27.706701278686523,-136.7942352294922,7.50975297444293,-0.7839432730042919,-0.927675551730194,-1.905533016900339,-7.25954556859126,-0.5,0.8470741076671211,0.0,5069.624891922348,2226.1256310724475,3999.902038842194,1719.9381550090209
9.3,-68.8131103515625,-27.821474075317383,-135.72950744628906,7.486379735148194,-0.789766993904907,-0.9307391003721921,-1.897358742047942,-7.257554711650582,-0.5,0.8540860794555417,0.0,5068.262411836385,2225.5356839159476,4000.3484843113597,1721.004029926437
9.32,-68.90833282470703,-27.93780517578125,-134.66119384765625,7.463324304671673,-0.7955297255082603,-0.9336754794704442,-1.8892160636211859,-7.255155449383008,-0.5,0.8610027085984981,0.0,5066.8256073527755,2225.0298694521257,4000.730163023749,1722.1321915553333
9.34,-69.00096893310547,-28.05564308166504,-133.58966064453125,7.440583704971056,-0.8012380649241826,-0.9364889932886126,-1.881102756395765,-7.252278607340206,-0.5,0.8678248885086832,0.0,5065.300518543276,2224.621621316043,4001.036300400654,1723.3338299209117
9.36,-69.09098052978516,-28.17494773864746,-132.51504516601562,7.418155133630913,-0.8068964886743322,-0.9391850384043738,-1.873016410539489,-7.248870176607216,-0.5,0.8745534599107261,0.0,5063.6761387589895,2224.3213816811167,4001.2585266011774,1724.6177731963242
9.38,-69.17835998535156,-28.295665740966797,-131.43731689453125,7.3960359485947755,-0.812507523288398,-0.9417698028952726,-1.864954435772278,-7.24489084863347,-0.5,0.8811892154215673,0.0,5061.944328076238,2224.1366884633053,4001.3908063581985,1725.9905568608629
9.4,-69.26306915283203,-28.417747497558594,-130.35667419433594,7.3742236512730805,-0.8180719479473988,-0.9442499785321226,-1.8569140752263709,-7.240315166731585,-0.5,0.8877329046180757,0.0,5060.099651831806,2224.072339540889,4001.4293068419774,1727.4565527027319
9.42,-69.34510040283203,-28.541149139404297,-129.27322387695312,7.352715868547415,-0.8235890191557612,-0.9466324932422506,-1.8488924282793615,-7.235130381969501,-0.5,0.8941852394357754,0.0,5058.139161413407,2224.1306166726063,4001.3722174566483,1729.018143922491
9.44,-69.42443084716797,-28.66581916809082,-128.18710327148438,7.331510334143366,-0.8290567082439494,-0.9489242694288674,-1.8408864814416244,-7.229335094138971,-0.5,0.9005468997569901,0.0,5056.062133084619,2224.311553140706,4001.219534400977,1730.6759337087688
9.46,-69.50102996826172,-28.791704177856445,-127.0984878540039,7.310604869790004,-0.8344719434257519,-0.9511320121881787,-1.8328931462249034,-7.222937750458205,-0.5,0.9068185390629987,0.0,5053.869779040737,2224.6132306941,4000.9728215858786,1732.428975929735
9.48,-69.57489013671875,-28.91875648498535,-126.00735473632812,7.289997366527186,-0.8398308491192961,-0.9532620300671198,-1.8249093028032755,-7.215955066330804,-0.5,0.9130007900418442,0.0,5051.564943246988,2225.0320929854997,4000.634958205261,1734.2750179047835
9.5,-69.64598846435547,-29.04692268371582,-124.91385650634766,7.269685766465437,-0.8451289762593369,-0.9553200897554879,-1.816931848192146,-7.208410424277432,-0.5,0.9190942700603689,0.0,5049.151792991222,2225.5632642965475,4000.2098819750763,1736.2107465206393
9.52,-69.71430969238281,-29.176149368286133,-123.8180160522461,7.249668045249078,-0.8503615183588596,-0.9573113050038994,-1.8089577476140557,-7.200332299318002,-0.5,0.9250995864252766,0.0,5046.635515537163,2226.2008638777115,3999.7023358272445,1738.2320301964558
9.54,-69.77983856201172,-29.30638885498047,-122.71988677978516,7.229942195423044,-0.8555235091036063,-0.9592400590974504,-1.8009840876877217,-7.191752751696918,-0.5,0.9310173413730867,0.0,5044.02202780968,2226.938307676864,3999.1176246849873,1740.3341503690915
9.56,-69.84255981445312,-29.43758201599121,-121.61959838867188,7.210506210858275,-0.8606099982692333,-0.9611099593876199,-1.793008130068394,-7.182706020897085,-0.5,0.9368481367425173,0.0,5041.317705677692,2227.768590593593,3998.4613878529785,1742.5120172647125
9.58,-69.9024658203125,-29.56968116760254,-120.5171890258789,7.191358072350154,-0.865616203723612,-0.9629238216862138,-1.7850273641817507,-7.173227248315281,-0.5,0.9425925782949539,0.0,5038.529138110985,2228.684543688313,3997.7393915191005,1744.7603657560496
9.6,-69.95952606201172,-29.7026309967041,-119.4127197265625,7.172495734469123,-0.8705376382024084,-0.9646836817508719,-1.77703955773141,-7.16335134969393,-0.5,0.9482512796592629,0.0,5035.662910259053,2229.6790620110314,3996.9573448726296,1747.073928088292
9.62,-70.01376342773438,-29.836376190185547,-118.30630493164062,7.153917113712462,-0.8753702104103888,-0.9663908306391826,-1.7690428037236472,-7.153112052364407,-0.5,0.9538248658862613,0.0,5032.7254183216655,2230.7452999062725,3996.1207423866326,1749.4475811999318
9.64,-70.06513977050781,-29.970863342285156,-117.1978988647461,7.135620077980645,-0.8801103007898553,-0.9680458703760002,-1.761035562842408,-7.142541106532344,-0.5,0.9593139766058063,0.0,5029.722717947444,2231.8768318030616,3995.234733886199,1751.8764672714997
9.66,-70.11366271972656,-30.10603904724121,-116.08766174316406,7.117602437380601,-0.8847548129980183,-0.9696487861643434,-1.753016700124827,-7.13166767424688,-0.5,0.9647192687858197,0.0,5026.6604068122415,2233.0677776083567,3994.304023131923,1754.356087002098
9.68,-70.15930938720703,-30.241844177246094,-114.97565460205078,7.099861936340868,-0.8893012027354087,-0.9711990312716451,-1.7449855150326963,-7.120517894404929,-0.5,0.9700414190977397,0.0,5023.543541005125,2234.312892877353,3993.3327947988464,1756.88236593144
9.7,-70.20207977294922,-30.378231048583984,-113.86189270019531,7.082396247009763,-0.893747486058677,-0.9726956207357681,-1.7369417641855724,-7.109114617241882,-0.5,0.975281125897071,0.0,5020.37658390423,2235.6076249163557,3992.3246689397592,1759.4516948795033
9.72,-70.24197387695312,-30.515140533447266,-112.74642181396484,7.065202963896695,-0.8980922296875592,-0.9741372301524928,-1.7288856762160452,-7.097477297361746,-0.5,0.9804391108309914,0.0,5017.163385378873,2236.94813686168,3991.2826813056663,1762.0609462499472
9.74,-70.27898406982422,-30.65251922607422,-111.6293716430664,7.0482795997082714,-0.9023345260755137,-0.9755222960188956,-1.7208179584196506,-7.085622030576157,-0.5,0.9855161200875185,0.0,5013.9071884297355,2238.3313025486204,3990.2092872737853,1764.70746851975
9.76,-70.3131103515625,-30.790311813354492,-110.5107421875,7.031623582324285,-0.9064739561584819,-0.9768491144033976,-1.712739795097061,-7.073561716752571,-0.5,0.9905129253027143,0.0,5010.610659794901,2239.754675617215,3989.1063866212726,1767.3890617010227
9.78,-70.3443374633789,-30.9284610748291,-109.3906478881836,7.0152322528537825,-0.9105105427322785,-0.9781159350791435,-1.7046528377148267,-7.06130632859362,-0.5,0.9954303241438652,0.0,5007.275940620084,2241.2164367806904,3987.9753659937114,1770.1039369002656
9.8,-70.37268829345703,-31.066911697387695,-108.26913452148438,6.999102864707804,-0.9144446973454975,-0.9793210486768961,-1.696559187235622,-7.04886326482307,-0.5,1.0,0.0,5003.904713024444,2242.7153234984225,3986.817155659228,1772.8506633095703
9.82,-70.39813995361328,-31.205612182617188,-107.146240234375,6.983228973362515,-0.9182772119696545,-0.9804649125417744,-1.6887278065392193,-7.036248424414468,-0.5,1.0,0.0,5000.52881641866,2244.277027487317,3985.6053822921203,1775.5979382825337
9.84,-70.42070770263672,-31.34450340270996,-106.0220718383789,6.96754532109177,-0.9220097528245138,-0.9815815918465141,-1.6853760080174351,-7.023638464591616,-0.5,1.0,0.0,4997.633605080031,2246.319540087003,3983.914793241079,1777.8664964704944
9.86,-70.44039154052734,-31.483531951904297,-104.89665985107422,6.952014973308855,-0.9256405653941189,-0.9826913326307914,-1.6824757333301257,-7.010955848772777,-0.5,1.0,0.0,4994.780403568908,2248.432833552158,3982.157921350703,1780.0918409045807
9.88,-70.45719146728516,-31.622638702392578,-103.7698974609375,6.936633528752809,-0.9291673609171729,-0.9837919342285216,-1.6795462852471532,-6.998242155126459,-0.5,1.0,0.0,4991.918901046642,2250.5509566397577,3980.399120727835,1782.3257849614176
9.9,-70.47110748291016,-31.76176643371582,-102.6419906616211,6.921400242473454,-0.9325894137384417,-0.9848775377458678,-1.6765301851780274,-6.985541356340331,-0.5,1.0,0.0,4989.050862590185,2252.6582322186878,3978.6523250212485,1784.568276844102
9.92,-70.4821548461914,-31.90085792541504,-101.51276397705078,6.906314687696075,-0.9359076168124435,-0.9859412375561035,-1.6734211354301747,-6.972883135348444,-0.5,1.0,0.0,4986.181474440143,2254.747919325807,3976.9230811026196,1786.8152999986573
9.94,-70.49034118652344,-32.039859771728516,-100.38235473632812,6.891376358723449,-0.9391242655698502,-0.9869757313227283,-1.6702197652068962,-6.960282179519541,-0.5,1.0,0.0,4983.313802348892,2256.817048693799,3975.213747447143,1789.064373923481
9.96,-70.49565887451172,-32.178714752197266,-99.25076293945312,6.8765846251198575,-0.94224279370157,-0.9879737026542481,-1.6669283407667015,-6.947739695405094,-0.5,1.0,0.0,4980.44844062724,2258.865495760737,3973.5243636543464,1791.3149618142706
9.98,-70.49813079833984,-32.31736755371094,-98.11807250976562,6.8619387298759955,-0.9452674984855493,-0.9889281308719998,-1.6635500372278467,-6.93524541025718,-0.5,1.0,0.0,4977.5838148254215,2260.8955049563983,3971.8530490239186,1793.5682450103482
10.0,-70.49775695800781,-32.45576095581055,-96.98435974121094,6.84743779511788,-0.9482032700526996,-0.989832546564925,-1.6600887294463187,-6.922779763738195,-0.5,1.0,0.0,4974.716586234489,2262.911238162561,3970.1963693281346,1795.8268033794361
10.02,-70.49456024169922,-32.59383773803711,-95.8495864868164,6.833080830610854,-0.9510553347804579,-0.9906812331152796,-1.6565488388094678,-6.910316167173161,-0.5,1.0,0.0,4971.842077439573,2264.9183157430725,3968.5497082152,1798.0942774959444
10.04,-70.48854064941406,-32.731544494628906,-94.7138900756836,6.818866743971502,-0.9538290208682414,-0.9914693741918643,-1.6529351879559384,-6.897823236142785,-0.5,1.0,0.0,4968.954694429029,2266.9233628650354,3966.907634200453,1800.3750334111603
10.06,-70.47972106933594,-32.86882781982422,-93.57733917236328,6.804794351942833,-0.9565295521994341,-0.9921931489226414,-1.6492528623787353,-6.885266916471991,-0.5,1.0,0.0,4966.0483292789795,2268.933576715469,3965.264250765197,1802.6738428603746
10.08,-70.46810913085938,-33.00563430786133,-92.43997192382812,6.790862392178097,-0.959161874692948,-0.9928497781269159,-1.6455070825325209,-6.872612438042807,-0.5,1.0,0.0,4963.116730813379,2270.956327987976,3963.61351875768,1804.9955889281227
10.1,-70.45372009277344,-33.14190673828125,-91.30191040039062,6.777069535039873,-0.9617305175449901,-0.993437526352745,-1.6417030898569704,-6.859826046046059,-0.5,1.0,0.0,4960.153833594528,2272.998807030239,3961.9495426865406,1807.3450048270333
10.12,-70.43656921386719,-33.277591705322266,-90.16320037841797,6.763414394987364,-0.9642394901153034,-0.9939556654846218,-1.6378460493004738,-6.846876474520905,-0.5,1.0,0.0,4957.154038497392,2275.067721967766,3960.2668149812107,1809.726451139881
10.14,-70.41667938232422,-33.412635803222656,-89.02391815185547,6.749895541197199,-0.966692213763886,-0.9944044063577564,-1.6339409699932819,-6.833736141544556,-0.5,1.0,0.0,4954.11244087247,2277.169053165806,3958.5604146825203,1812.1437346890893
10.16,-70.39405822753906,-33.54698944091797,-87.88422393798828,6.736511507139581,-0.9690914867202784,-0.9947848051557138,-1.629992644779995,-6.82038205863332,-0.5,1.0,0.0,4951.0250047998215,2279.3078656892667,3956.8261592143504,1814.5999702159838
10.18,-70.36874389648438,-33.680599212646484,-86.74407196044922,6.72326079890938,-0.9714394790802301,-0.9950986514081614,-1.6260056084263101,-6.806796458409862,-0.5,1.0,0.0,4947.888684108506,2281.4881790544027,3955.060709804213,1817.0974843308102
10.2,-70.34073638916016,-33.813411712646484,-85.60363006591797,6.710141902188397,-0.9737377542748138,-0.9953483441845338,-1.6219841135100943,-6.792967154171387,-0.5,1.0,0.0,4944.701492643159,2283.712891582688,3953.261632729057,1819.6377597633698
10.22,-70.31007385253906,-33.945377349853516,-84.46294403076172,6.6971532877882,-0.9759873128368559,-0.9955367626421742,-1.617932122324702,-6.778887652605932,-0.5,1.0,0.0,4941.462527694821,2285.9837550828315,3951.427419848436,1822.221416808587
10.24,-70.27677154541016,-34.07644271850586,-83.32203674316406,6.684293415790517,-0.9781886539845145,-0.995667136480653,-1.6138533125887893,-6.764557046610704,-0.5,1.0,0.0,4938.171951590222,2288.3013943923333,3949.5574728571664,1824.8482280099277
10.26,-70.24085235595703,-34.20656204223633,-82.18106079101562,6.671560738362199,-0.9803418504330152,-0.9957429211234603,-1.6097510943822435,-6.749979719107941,-0.4991883582341509,1.0,0.0,4934.830937180704,2290.665365480335,3947.6520563635604,1827.5171615332974
10.28,-70.20234680175781,-34.3356819152832,-81.03996276855469,6.659003525470989,-0.9824619936247663,-0.9957797677820629,-1.6012048458632047,-6.736493336444265,-0.49751857956858686,1.0,0.0,4931.230622564948,2292.327818093073,3946.406008745203,1830.490886142487
10.3,-70.1612777709961,-34.4637565612793,-79.89891052246094,6.646716944078546,-0.984563165862677,-0.9957975153355707,-1.5876035489621987,-6.723394000393161,-0.4959214100774629,1.0,0.0,4927.167113351057,2293.360510229411,3945.775672854703,1833.9467672534258
10.32,-70.11766052246094,-34.59074401855469,-78.7577896118164,6.634748125874462,-0.9866235114485973,-0.9957859245905313,-1.5736656990918938,-6.70844436134361,-0.49439484410214474,1.0,0.0,4922.7030464405725,2294.721804056813,3944.8918257415435,1837.7337889797793
10.34,-70.07154083251953,-34.71659469604492,-77.61676788330078,6.623100742346516,-0.9886079465644847,-0.9957159838024785,-1.5594794636537304,-6.691878366609969,-0.4929356704838026,1.0,0.0,4917.893853133105,2296.3753767047137,3943.781714388965,1841.805628321116
10.36,-70.02293395996094,-34.84127426147461,-76.47586059570312,6.611775548240898,-0.9904893513630907,-0.9955637182910086,-1.5451323152226069,-6.673914323886702,-0.49154117262022706,1.0,0.0,4912.7919878111215,2298.287805962349,3942.4702434977753,1846.118332731211
10.38,-69.97187042236328,-34.9647331237793,-75.33515167236328,6.600770662580389,-0.9922476040813073,-0.9953100097531571,-1.5307106349992778,-6.654753627433609,-0.4902090855999754,1.0,0.0,4907.446432122997,2300.4289087267507,3940.9797222523625,1850.6307358112476
10.4,-69.91838836669922,-35.08693313598633,-74.19483947753906,6.590081820363761,-0.9938686887894864,-0.9949403903320366,-1.516299246235187,-6.634584273026739,-0.4889360661318518,1.0,0.0,4901.903338972586,2302.7709743621604,3939.33049344188,1855.3039553648239
10.42,-69.86251068115234,-35.20783233642578,-73.05500030517578,6.5797027048493835,-0.9953439090621367,-0.9944448753093456,-1.501972984129198,-6.613584796093139,-0.48771989403224414,1.0,0.0,4896.205926274319,2305.2870552773693,3937.542486913954,1860.101661397703
10.44,-69.80427551269531,-35.327396392822266,-71.91582489013672,6.569625205748325,-0.9966691054630351,-0.9938177411863454,-1.487807440416929,-6.591920487287214,-0.4865573898687769,1.0,0.0,4890.394879503013,2307.9528920969724,3935.6334475256235,1864.989524931357
10.46,-69.74370574951172,-35.445579528808594,-70.77743530273438,6.559839707549155,-0.9978439311926244,-0.9930572563301006,-1.4738671650099369,-6.569747388069253,-0.4854466527659489,1.0,0.0,4884.507890819156,2310.7448271169214,3933.6208630578017,1869.9358424290335
10.48,-69.68085479736328,-35.56235122680664,-69.63994598388672,6.550335329270947,-0.9988711376728728,-0.9921653382186969,-1.4602163504596408,-6.547208047110618,-0.48438474228381184,1.0,0.0,4878.579953784001,2313.641818240005,3931.5201226719773,1874.9110727512834
10.5,-69.6157455444336,-35.67766571044922,-68.5036392211914,6.541100209670212,-0.9997559330009499,-0.9911471616360258,-1.4469058971961457,-6.524435626846681,-0.48336943135102356,1.0,0.0,4872.642801567786,2316.6232056118615,3929.3465870160935,1879.8885669681003
10.52,-69.54842376708984,-35.79149627685547,-67.36854553222656,6.532121779384672,-1.0005053714894445,-0.9900107088926319,-1.4339816467335276,-6.501550256422877,-0.48239833611767613,1.0,0.0,4866.725054498289,2319.6703401697364,3927.114108680567,1884.8442763049484
10.54,-69.4789047241211,-35.90380096435547,-66.2347640991211,6.5233870028721865,-1.0011278026933914,-0.9887662687156559,-1.4214795690485282,-6.4786609846793475,-0.4814700842191917,1.0,0.0,4860.852092813422,2322.765669650802,3924.835870211309,1889.756959331452
10.56,-69.4072494506836,-36.014549255371094,-65.10250091552734,6.514882564845197,-1.0016323796449085,-0.9874259082633569,-1.4094319150612817,-6.455864580618736,-0.4805819508649517,1.0,0.0,4855.046465669382,2325.8936558968867,3922.52351868351,1894.6077240956274
10.58,-69.33348083496094,-36.12370300292969,-63.97182846069336,6.506595135894684,-1.0020286819429456,-0.9860029723742586,-1.3978549484733807,-6.433249574447321,-0.47973264886293626,1.0,0.0,4849.327393288524,2329.038623595511,3920.189155267254,1899.3806919610515
10.6,-69.25763702392578,-36.23123550415039,-62.84279251098633,6.498511540397941,-1.0023263659737236,-0.9845115648975776,-1.38676373332929,-6.410892045895589,-0.47892035196338717,1.0,0.0,4843.711491533377,2332.187225512374,3917.8430438135547,1904.0621018811162
10.62,-69.17976379394531,-36.33710479736328,-61.7154541015625,6.49061890312368,-1.002534913401829,-0.9829660659575171,-1.3761628378822832,-6.388860182621298,-0.47814402447572907,1.0,0.0,4838.212694179172,2335.3265150616967,3915.495356145513,1908.6405725689474
10.64,-69.09989929199219,-36.441287994384766,-60.589962005615234,6.482904763023872,-1.002663444382075,-0.9813806981983765,-1.3660539936581175,-6.367212784375348,-0.4774015213874504,1.0,0.0,4832.842764471379,2338.4450874413315,3913.1550941883334,1913.1065294329367
10.66,-69.01807403564453,-36.54374694824219,-59.46630096435547,6.475357225707134,-1.0027206180376889,-0.9797691642799186,-1.3564270126146045,-6.346002460767387,-0.476692225820213,1.0,0.0,4827.6109751105505,2341.5314419566566,3910.8315982661697,1917.4526563516426
10.68,-68.93434143066406,-36.64445877075195,-58.34445571899414,6.467965001023337,-1.0027145424528137,-0.9781443133522754,-1.3472743937608815,-6.3252722042628235,-0.476014672758903,1.0,0.0,4822.5249679221215,2344.576273558354,3908.5323977028224,1921.6728943694811
10.7,-68.84872436523438,-36.743385314941406,-57.22455978393555,6.460717453583225,-1.002652767046283,-0.9765178960332676,-1.3385802896983463,-6.30505999954903,-0.47536796224315125,1.0,0.0,4817.590511845427,2347.570338866215,3906.265157677873,1925.762871544434
10.72,-68.76127624511719,-36.84050369262695,-56.10649108886719,6.45360463780196,-1.0025422960530674,-0.974900387526172,-1.3303284772044894,-6.285396504712625,-0.47475118861089405,1.0,0.0,4812.811884075432,2350.5057950044443,3904.036435524549,1929.7194271401727
10.74,-68.67202758789062,-36.93578338623047,-54.990257263183594,6.446617291662981,-1.002389625652489,-0.9733008696392814,-1.3225004587194316,-6.266306521998547,-0.47416360587787626,1.0,0.0,4808.1919663192775,2353.375696930141,3901.8521239529773,1933.5405746190593
10.76,-68.5810317993164,-37.029197692871094,-53.87588882446289,6.439746824591409,-1.0022007987534811,-0.9717269812914642,-1.315077067746443,-6.247808867737522,-0.4736041683445457,1.0,0.0,4803.732390936066,2356.1741995817365,3899.7172543080005,1937.2253498086156
10.78,-68.48831939697266,-37.12071990966797,-52.76329040527344,6.432985315608507,-1.0019814691332818,-0.9701849287841569,-1.3080366614546444,-6.229916871975951,-0.47307242951368655,1.0,0.0,4799.433453430086,2358.896257867953,3897.636275465302,1940.7739194082712
10.8,-68.39392852783203,-37.210323333740234,-51.65238952636719,6.4263254630841065,-1.0017369465996624,-0.9686795290742528,-1.301360346272365,-6.212637319199094,-0.4725678849490921,1.0,0.0,4795.2944519237735,2361.538415084814,3895.6123094555114,1944.1871965841012
10.82,-68.29790496826172,-37.297977447509766,-50.54319381713867,6.4197605298379585,-1.0014722488590542,-0.9672143010639486,-1.295029259356773,-6.195971912645873,-0.472090000081543,1.0,0.0,4791.313694782962,2364.098211874384,3893.647682703966,1947.4668921880602
10.84,-68.20030975341797,-37.383663177490234,-49.4356689453125,6.413284307355149,-1.0011921470781957,-0.9657915955639612,-1.2890249506770013,-6.179917153553004,-0.4716378539273229,1.0,0.0,4787.488517155895,2366.5742531259884,3891.7438637998844,1950.6154929083837
10.86,-68.10115051269531,-37.46735382080078,-48.32971954345703,6.406891102557249,-1.0009011967687127,-0.9644127459451076,-1.283327590907813,-6.164464575651722,-0.47121130045296256,1.0,0.0,4783.8151394131355,2368.9659640343298,3889.9016971576525,1953.6364128394966
10.88,-68.00048828125,-37.54902648925781,-47.225345611572266,6.400575665035133,-1.0006037325763206,-0.9630782088798072,-1.2779222037827724,-6.149599777374779,-0.47080962187347736,1.0,0.0,4780.289125748135,2371.2744748058453,3888.120559922164,1956.5334920458945
10.9,-67.89836883544922,-37.62865447998047,-46.12254333496094,6.394333151933134,-1.000303876855254,-0.9617877298746057,-1.272791990262748,-6.13530486869293,-0.4704324143648468,1.0,0.0,4776.905170839231,2373.5013972722727,3886.3994849626397,1959.3113096827221
10.92,-67.79481506347656,-37.70622634887695,-45.02112579345703,6.388159092580465,-1.00000552528809,-0.9605405005209998,-1.2679227213906739,-6.121557437397551,-0.4700791737781147,1.0,0.0,4773.657351135179,2375.649519319403,3884.736510051312,1961.9748884938977
10.94,-67.68989562988281,-37.781707763671875,-43.92110061645508,6.382049347492238,-0.999712326891709,-0.9593353051803153,-1.2633007250967805,-6.108331917817787,-0.46974988892253905,1.0,0.0,4770.539184092619,2377.722312591759,3883.129115159227,1964.529689879958
10.96,-67.58362579345703,-37.85508346557617,-42.822486877441406,6.376000046328836,-0.9994276556224526,-0.958170651900032,-1.258916019532714,-6.095599797937297,-0.4694437590725827,1.0,0.0,4767.5439941270215,2379.724241526215,3881.5739072695833,1966.981253074171
10.98,-67.47607421875,-37.926334381103516,-41.72513961791992,6.370007587320903,-0.999154601597274,-0.9570449076055241,-1.2547555905967587,-6.083331698760104,-0.4691606164294971,1.0,0.0,4764.664621219168,2381.659606997364,3880.06769100379,1969.3355722287222
11.0,-67.36726379394531,-37.99543380737305,-40.629058837890625,6.36406860241077,-0.9988959353526967,-0.9559563924142299,-1.2508104336304156,-6.071496014573807,-0.46890032640636187,1.0,0.0,4761.8938825898,2383.5335998076234,3878.606473484054,1971.5985758045408
11.02,-67.25724792480469,-38.06237030029297,-39.53419876098633,6.358179905474241,-0.9986540862844245,-0.9549034570010118,-1.247072751166196,-6.060061112505281,-0.46866221986811124,1.0,0.0,4759.224715753622,2385.35155513986,3877.1861214030705,1973.7760711459894
11.04,-67.14606475830078,-38.12712478637695,-38.44052505493164,6.352338502450063,-0.9984311409587137,-0.9538845594008172,-1.243532732534435,-6.048996190602209,-0.46844600171849354,1.0,0.0,4756.650010780461,2387.1184260308646,3875.802852069541,1975.873947844571
11.06,-67.03376770019531,-38.18967819213867,-37.34803771972656,6.34654157192363,-0.9982288251384343,-0.9528983018865155,-1.2401829872859516,-6.038270558020273,-0.46825135284535885,1.0,0.0,4754.162927413716,2388.839419727246,3874.4526285224465,1977.8978288229855
11.08,-66.9203872680664,-38.2500114440918,-36.256675720214844,6.340786436682427,-0.9980485005310047,-0.9519434519415444,-1.2370166412629258,-6.027855103439632,-0.4680781367461722,1.0,0.0,4751.756987607995,2390.5194956363603,3873.1316024269813,1979.8530364817757
11.1,-66.80597686767578,-38.30811309814453,-35.1663932800293,6.335070536941338,-0.9978911734415039,-0.9510189526791395,-1.2340283752644747,-6.017722627006598,-0.46792590807893253,1.0,0.0,4749.4262490962465,2392.163415154395,3871.836051765252,1981.7444311740555
11.12,-66.6905746459961,-38.36396408081055,-34.0771369934082,6.329391428707007,-0.997757519396001,-0.9501239284380637,-1.2312118089252317,-6.00784867024749,-0.4677946071698674,1.0,0.0,4747.165197329592,2393.7752862353973,3870.5628018270813,1983.5765536687545
11.14,-66.57423400878906,-38.41755294799805,-32.98888397216797,6.323746759004937,-0.9976479025067786,-0.949257668884675,-1.2285629718077986,-5.998210933531067,-0.46768383945371206,1.0,0.0,4744.968991115983,2395.359064398007,3869.308749306149,1985.353354005037
11.16,-66.45698547363281,-38.4688606262207,-31.901596069335938,6.31813426099325,-0.9975624129874635,-0.9484196147978178,-1.2260766429018446,-5.988790376251074,-0.46759357932456025,1.0,0.0,4742.833300622647,2396.917926935792,3868.071442088563,1987.0783994048184
11.18,-66.33888244628906,-38.51788330078125,-30.815229415893555,6.312551733062788,-0.9975008992279765,-0.9476093308440766,-1.2237498515093395,-5.979570362354888,-0.46752324259490197,1.0,0.0,4740.754502465718,2398.4548308027406,3866.848557147831,1988.7546430633597
11.2,-66.219970703125,-38.564598083496094,-29.729801177978516,6.306997051902098,-0.9974630156755534,-0.9468264863603487,-1.2215770757545572,-5.970537569656028,-0.46747297869533555,1.0,0.0,4738.729361424837,2399.9717973774063,3865.6385765464556,1990.3847818695358
11.22,-66.10028839111328,-38.60900115966797,-28.64522361755371,6.301468140066421,-0.997448251263633,-0.9460708160766212,-1.2195567877735416,-5.961680397827757,-0.46744235347312746,1.0,0.0,4736.755395960634,2401.47095509673,3864.4398116387274,1991.9708235315054
11.24,-65.97988891601562,-38.65108108520508,-27.561508178710938,6.295962967079769,-0.9974559817530085,-0.9453421008236682,-1.2176848749280813,-5.9529905614972485,-0.46743114986426865,1.0,0.0,4734.830511938296,2402.9534905936944,3863.2513843007578,1993.514520498276
11.26,-65.85881042480469,-38.69082260131836,-26.478618621826172,6.290479552236925,-0.9974855070805471,-0.944640143071564,-1.2159584346196912,-5.944461400665021,-0.4674394079812059,1.0,0.0,4732.953061897406,2404.4204049308155,3862.072539780297,1995.0172416462947
11.28,-65.73710632324219,-38.72822952270508,-25.396522521972656,6.2850159346428915,-0.9975360837680151,-0.9439647382135834,-1.2143761892169982,-5.9360880431887635,-0.46746644642887164,1.0,0.0,4731.12192211581,2405.872526482131,3860.9026272161204,1996.479901336766
11.3,-65.61481475830078,-38.76327896118164,-24.31519317626953,6.279570204742927,-0.9976069715110395,-0.9433156704407935,-1.2129333081649287,-5.927867775641552,-0.4675126977220116,1.0,0.0,4729.336028472206,2407.309860393358,3859.741731954314,1997.9034422714344
11.32,-65.49197387695312,-38.79596710205078,-23.23459815979004,6.274140457812212,-0.9976974432031512,-0.9426926815386618,-1.2116307800537323,-5.919797853093254,-0.46757782286921995,1.0,0.0,4727.594916357948,2408.733065069025,3858.589291499538,1999.2882024051619
11.34,-65.36864471435547,-38.8262939453125,-22.154706954956055,6.26872479456321,-0.9978068270956485,-0.9420954750274529,-1.2104660985390365,-5.911877835564426,-0.46766147925642776,1.0,0.0,4725.89821859258,2410.1419514480335,3857.4454972865565,2000.6345159917032
11.36,-65.24486541748047,-38.854248046875,-21.07549285888672,6.26332134828757,-0.9979345283068449,-0.9415237197901144,-1.2094366599037956,-5.904107430541685,-0.4677637338628247,1.0,0.0,4724.24558887818,2411.5362887196197,3856.3105766021517,2001.942702917323
11.38,-65.12068176269531,-38.879825592041016,-19.99691390991211,6.257928259413213,-0.998080030226081,-0.9409770371449072,-1.2085420273235405,-5.896486177047567,-0.467884437585008,1.0,0.0,4722.636875076762,2412.9161186683514,3855.184492017444,2003.2128812433925
11.4,-64.99613952636719,-38.90302276611328,-18.918949127197266,6.252543671530059,-0.9982429082782184,-0.9404550073138428,-1.2077808669063586,-5.889014154369281,-0.46802344674624236,1.0,0.0,4721.071942431382,2414.281273769784,3854.067393025075,2004.445174189039
11.42,-64.87127685546875,-38.92383575439453,-17.841562271118164,6.247165738169658,-0.9984228352587349,-0.939957178566613,-1.2071519052364597,-5.881691232248678,-0.4681806376531341,1.0,0.0,4719.55062367148,2415.631632489959,3852.959391034822,2005.639729836391
11.44,-64.74614715576172,-38.9422607421875,-16.764724731445312,6.2417926220977265,-0.9986195784467754,-0.9394830733694499,-1.2066539900849282,-5.874516910950425,-0.4683560102502234,1.0,0.0,4718.072693442665,2416.967157853911,3851.860527154662,2006.7967403391076
11.46,-64.62080383300781,-38.95830154418945,-15.688431739807129,6.2364224871786496,-0.9988329927879405,-0.9390321948683663,-1.2062866552818756,-5.867490214397162,-0.4685492605924208,1.0,0.0,4716.637905734306,2418.287981658545,3850.770692549789,2007.9163997945984
11.48,-64.49528503417969,-38.971946716308594,-14.612628936767578,6.231053514186692,-0.9990630177204844,-0.9386040414468164,-1.2060478683491256,-5.860609921638581,-0.4687607362673439,1.0,0.0,4715.245805500771,2419.594108078085,3849.6899142572524,2008.999103449853
11.5,-64.36962890625,-38.98320770263672,-13.537312507629395,6.225683871853778,-0.9993096569611358,-0.9381981057455765,-1.2059389523614945,-5.85387371743726,-0.46898979067424984,1.0,0.0,4713.896070868788,2420.886130368709,3848.617675364021,2010.0450681574932
11.52,-64.24388885498047,-38.9920768737793,-12.462422370910645,6.220311756541482,-0.9995729837694929,-0.9378138997168183,-1.2059561785373771,-5.847279801916966,-0.46923680512165344,1.0,0.0,4712.587959584679,2422.1639758606534,3847.5541008166256,2011.054955747307
11.54,-64.11811065673828,-38.998558044433594,-11.387989044189453,6.214935367841847,-0.9998531089750933,-0.9374509460636615,-1.206100850740233,-5.840824479352668,-0.4695015428287228,1.0,0.0,4711.320875839795,2423.4285075299194,3846.4984581931035,2012.0292034745548
11.56,-63.992332458496094,-39.002655029296875,-10.313920974731445,6.209552909843742,-1.000150178930766,-0.9371087904875026,-1.206371311130834,-5.834504664131344,-0.46978392206956476,1.0,0.0,4710.094039145744,2424.6801369201166,3845.450440154599,2012.9684597909954
11.58,-63.86660385131836,-39.004371643066406,-9.24024772644043,6.204162605971774,-1.0004643630021381,-0.9367870095543508,-1.2067665232324922,-5.828316448419621,-0.47008382284360595,1.0,0.0,4708.906570225152,2425.919507692263,3844.4095402342737,2013.8734393465247
11.6,-63.74097442626953,-39.00370407104492,-8.166940689086914,6.198762698855333,-1.00079583906815,-0.9364852101514753,-1.2072851783897498,-5.822255568553828,-0.47040156495346336,1.0,0.0,4707.7574908136385,2427.1473039051934,3843.3752255771496,2014.7449421639142
11.62,-63.61548614501953,-39.00066375732422,-7.093971252441406,6.1933514242965995,-1.0011447785191954,-0.9362030243162004,-1.2079282745894684,-5.8163173192426045,-0.47073682144090173,1.0,0.0,4706.645974575975,2428.364554292894,3842.346637747541,2015.5835972321006
11.64,-63.49018478393555,-38.99525833129883,-6.021305561065674,6.18792703508159,-1.0015113527317256,-0.9359401233540887,-1.208693583550841,-5.810497689040704,-0.4710895014665574,1.0,0.0,4705.570998202263,2429.5717911001448,3841.323385299858,2016.390260374495
11.66,-63.3651123046875,-38.987491607666016,-4.948945999145508,6.182487813324971,-1.0018957198824634,-0.935696214030868,-1.2095798240677635,-5.804791907219044,-0.47145963014384584,1.0,0.0,4704.531484524523,2430.769803401543,3840.3048510212107,2017.1658107618127
11.68,-63.24031066894531,-38.97736358642578,-3.8768317699432373,6.177032057067733,-1.0022980133611217,-0.9354710278734579,-1.2105862727255936,-5.799195091658341,-0.47184749757778593,1.0,0.0,4703.526391402348,2431.959465247438,3839.2903378436413,2017.911087758962
11.7,-63.1158332824707,-38.96488952636719,-2.8049933910369873,6.171558057734015,-1.0027183384989353,-0.9352643154237631,-1.2117136941523632,-5.793702507404937,-0.47225282983238015,1.0,0.0,4702.554860278811,2433.14178782339,3838.279006957654,2018.6267517463366
11.72,-62.991722106933594,-38.950077056884766,-1.733367681503296,6.166064124125507,-1.0031567852633954,-0.9350758566337232,-1.2129600463588612,-5.788310250136758,-0.47267569613184024,1.0,0.0,4701.615905972025,2434.31730569045,3837.2704616788496,2019.313624594104
11.74,-62.86801528930664,-38.93293380737305,-0.6619262099266052,6.160548583433636,-1.003613420782801,-0.9349054523096643,-1.2143248662710218,-5.7830139187705685,-0.4731161215421601,1.0,0.0,4700.708607289241,2435.4868285390003,3836.2640513061056,2019.972443451345
11.76,-62.74475860595703,-38.91347122192383,0.40930235385894775,6.1550097719059425,-1.004088288852897,-0.9347529163835554,-1.2158075181871255,-5.777809461977962,-0.47357404233574013,1.0,0.0,4699.832094194278,2436.6510780741573,3835.2591994537393,2020.6039082163984
11.78,-62.62200927734375,-38.891700744628906,1.4803736209869385,6.1494460417550405,-1.0045814143583929,-0.9346180745508205,-1.2174068987360018,-5.772693082537717,-0.474049651177923,1.0,0.0,4698.985498046475,2437.8106740803205,3834.2554215904884,2021.2087278013869
11.8,-62.499794006347656,-38.86763381958008,2.5513012409210205,6.1438557479181295,-1.005092802161324,-0.9345007560460672,-1.2191232348688994,-5.767660983028569,-0.47454280113639286,1.0,0.0,4698.168087957039,2438.9663849127583,3833.252085755599,2021.7874723637913
11.82,-62.37815856933594,-38.841278076171875,3.622103214263916,6.1382372588895935,-1.0056224470652249,-0.9344007962840247,-1.220955081430754,-5.762709987674929,-0.47505375084917584,1.0,0.0,4697.379082900239,2440.118669746444,3832.2488436527506,2022.3407880203545
11.84,-62.25715637207031,-38.81265640258789,4.69280481338501,6.1325889434177325,-1.0061703311984396,-0.9343180286003531,-1.2229030398965406,-5.757836651624956,-0.47558229314850836,1.0,0.0,4696.6178606441645,2441.268269185654,3831.245077759375,2022.8691499926954
11.86,-62.13681411743164,-38.78177261352539,5.763422012329102,6.126909183945993,-1.006736435080959,-0.9342522884989984,-1.2249654099842522,-5.753038252452658,-0.47612869437792543,1.0,0.0,4695.88370372569,2442.4155243648365,3830.240540030023,2023.3731590360912
11.88,-62.01719665527344,-38.74864959716797,6.833972930908203,6.121196364290621,-1.0073207328070437,-0.9342034052310475,-1.2271428372823132,-5.748311584907995,-0.4766929708601112,1.0,0.0,4695.176042133817,2443.5611333726383,3829.2346462852984,2023.853247754033
11.9,-61.8983268737793,-38.71329879760742,7.904478549957275,6.1154488662486735,-1.007923199989204,-0.9341712032468117,-1.22943484638534,-5.743654069524594,-0.4772751190052183,1.0,0.0,4694.494314501029,2444.7055452081977,3828.2270359309173,2024.3098656806283
11.92,-61.78025817871094,-38.67573928833008,8.974957466125488,6.109665079482126,-1.0085438180656383,-0.9341555050816716,-1.2318408209517586,-5.739063110859358,-0.4778752538965459,1.0,0.0,4693.837941767595,2445.8491962150765,3827.217361638704,2024.7434796545535
11.94,-61.66302490234375,-38.635986328125,10.045428276062012,6.10384339523652,-1.009182572475262,-0.9341561273727275,-1.2343607415811249,-5.734536006712694,-0.47849343900760566,1.0,0.0,4693.206385902182,2446.9926101644755,3826.205193314365,2025.1545109520264
11.96,-61.54667282104492,-38.594058990478516,11.115907669067383,6.0979822046273044,-1.009839455077749,-0.9341728814617724,-1.2369943740591693,-5.730070200714324,-0.4791297767410921,1.0,0.0,4692.5991160425,2448.1362577307104,3825.1901480399297,2025.5433797033934
11.98,-61.431243896484375,-38.54997253417969,12.186417579650879,6.092079897581552,-1.0105144652152342,-0.9342055743116695,-1.2397416995868908,-5.725663112253209,-0.4797845163072963,1.0,0.0,4692.015619317076,2449.2806380944503,3824.1718154770724,2025.9104870501696
12.0,-61.316776275634766,-38.503753662109375,13.256967544555664,6.086134851041092,-1.0112076094232,-0.9342540078545954,-1.2426035314898343,-5.721312152361185,-0.4804574370544089,1.0,0.0,4691.45546833956,2450.4263443401524,3823.1496921726052,2026.2561477692338
