t,x_world,y_world,yaw_deg_carla,vx,vy,yaw_rate,ax,ay,steer,throttle,brake,Fz_FL,Fz_FR,Fz_RL,Fz_RR
0.02,-64.64484405517578,24.471010208129883,0.15919795632362366,10.0,0.0,0.0,0.0,0.0,0.10382979880205818,0.1,0.0,0.0,0.0,0.0,0.0
0.04,-64.4466323852539,24.470285415649414,0.13735154271125793,9.82093620709251,0.06862472501724363,0.0375058729683437,-9.011201694533494,3.538435069519471,0.1038287354777822,0.15371913787224703,0.0,3734.075928217213,5125.025856251825,1545.7479979733066,2661.034238347213
0.06,-64.25202941894531,24.468149185180664,0.07377798855304718,9.639313685964954,0.1260231590819904,0.0731904997012351,-9.147024801872352,3.3063435530548655,0.10382843091470775,0.2082058942105139,0.0,3794.9045678558377,5092.673674517315,1566.647763341637,2607.220107945738
0.08,-64.06092071533203,24.46464729309082,-0.0360717810690403,9.485631668583604,0.17822911229433505,0.12583475991573084,-6.255529712980447,3.550905462415534,0.10382967697650887,0.25431049942491873,0.0,3437.5045548485086,4827.173472612518,1839.4092382779163,2953.6683438141226
0.1,-63.872215270996094,24.459728240966797,-0.2148742526769638,9.402212354350423,0.21856339505717634,0.18467459682202794,-2.3690053741119983,3.238870084117767,0.10383364255904458,0.279336293694873,0.0,3075.4345347048416,4351.967650101853,2302.415021422888,3325.9600033731626
0.12,-63.684593200683594,24.453510284423828,-0.456268310546875,9.372481059875206,0.2403088722713521,0.231315208657809,-0.4200140045266679,2.9012327231652084,0.10384020245596064,0.2882556820374383,0.0,2931.8164721728426,4073.1674475817617,2567.4693331706976,3482.623080012999
0.14,-63.49725341796875,24.44611930847168,-0.736236572265625,9.370344225617275,0.25110095784538206,0.2561346513793779,-0.10399738424785783,2.7875221244038624,0.1038484813731583,0.2888967323148174,0.0,2913.5481616634356,4006.6343748831628,2629.1946344391376,3505.6489111714086
0.16,-63.30997848510742,24.4376163482666,-1.041412353515625,9.369842692115231,0.2564567249745324,0.27580522829122994,-0.08519613881980052,2.7471925413942437,0.10385790280675623,0.28904719236543064,0.0,2919.7018693726145,3996.1794969138386,2637.997835883729,3501.1350789069
0.18,-63.12275695800781,24.428014755249023,-1.3669432401657104,9.369728252886436,0.2580612253143378,0.291765289218332,-0.07378494590541664,2.7410974148852,0.10386817191514044,0.2890815241340693,0.0,2919.9136424141425,3993.443816962106,2640.4401007986735,3501.2140281472275
0.2,-62.93559265136719,24.417316436767578,-1.7089232206344604,9.369879594777741,0.25711042880056,0.3046820179477864,-0.06576697046271028,2.758527428689062,0.10387904638176569,0.28903612156667774,0.0,2915.8017577908713,3995.782871629519,2638.742062361827,3504.6884575924946
0.22,-62.74850082397461,24.4055118560791,-2.06427001953125,9.370211273729497,0.2544996784521122,0.3151127754138191,-0.06030839439373629,2.791236005176439,0.10389034321840124,0.2889366178811509,0.0,2908.9097976621356,4001.4677240816177,2634.3073722047316,3510.3380600015494
0.24,-62.56146240234375,24.392597198486328,-2.430359363555908,9.37065863801603,0.2508860038173185,0.32352153613343726,-0.0567624953983751,2.8330003162268356,0.10390189750265774,0.288802408595191,0.0,2900.4034018474576,4009.189963625716,2628.198522230184,3517.2415933996103
0.26,-62.37451171875,24.37854766845703,-2.805114984512329,9.371173884222904,0.24674150278713733,0.33029095088939275,-0.05462088350679988,2.879286263868631,0.10391362628776925,0.28864783473312894,0.0,2891.129258541345,4017.990595530722,2621.1950163582997,3524.7307358139915
0.28,-62.1876335144043,24.36334991455078,-3.186829090118408,9.371722516322794,0.2423975141225731,0.33573452475839033,-0.05349141704440797,2.926902043345148,0.10392544679598577,0.2884832451031617,0.0,2881.680689984183,4027.1896237155524,2613.8502693665405,3532.3379347141818
0.3,-62.00084686279297,24.346981048583984,-3.5741586685180664,9.372280312436793,0.2380798429694671,0.34010786302994006,-0.05307577295209748,2.9736813297675635,0.10393732357615172,0.28831590626896214,0.0,2872.457715781986,4036.321065394206,2606.544165259119,3539.7486993231914
0.32,-61.81416320800781,24.329431533813477,-3.965973138809204,9.372830823691931,0.2339363319427792,0.3436186529655271,-0.05315025733047373,3.018225480806636,0.10394921300750336,0.28815075289242065,0.0,2863.715962137572,4045.0798173021485,2599.5260499993556,3546.762773611551
0.34,-61.627586364746094,24.310672760009766,-4.361391067504883,9.373363382919875,0.23005802057012958,0.3464351998425704,-0.05354902868302306,3.059694512398973,0.10396112688040204,0.28799098512403754,0.0,2855.6062509951066,4053.2783674612397,2592.9497838590755,3553.2627362178714
0.36,-61.44112014770508,24.290700912475586,-4.759737968444824,9.373871541018408,0.2264952755050669,0.3486936600120419,-0.05415112584577586,3.0976503477337523,0.10397303633816846,0.28783853769447754,0.0,2848.2042835566417,4060.8142471484816,2586.900104425907,3559.1904651905184
0.38,-61.25478744506836,24.26949119567871,-5.160372734069824,9.374351876606182,0.22326983372235681,0.3505039910217461,-0.054869205712834455,3.1319317989294535,0.10398497185663373,0.28769443701814534,0.0,2841.5342295613136,4067.643954753151,2581.413767310562,3564.5284561529493
0.4,-61.0685920715332,24.247039794921875,-5.562899589538574,9.374803083301792,0.220383852048418,0.3519549198853404,-0.05564183198257372,3.162569096211515,0.10399692135977959,0.2875590750094624,0.0,2835.5848724236307,4073.765104900051,2576.4940175613797,3569.2870351613306
0.42,-60.88254928588867,24.223329544067383,-5.966891765594482,9.375225299038577,0.21782648729142903,0.35311794371907346,-0.05642634650349577,3.1897132864035473,0.10400891252645952,0.2874324102884268,0.0,2830.3228626735317,4079.201600243974,2572.122627318472,3573.4938800392165
0.44,-60.69666290283203,24.198354721069336,-6.372105598449707,9.375619602294528,0.21557875932268203,0.354050645023966,-0.057194431904282445,3.213592176309911,0.10402094750921682,0.28731411931164175,0.0,2825.7010037788273,4083.994363153561,2568.2674187307875,3577.187468101234
0.46,-60.51094055175781,24.172103881835938,-6.778265476226807,9.375987652799294,0.21361699105795215,0.35479934336740554,-0.057927900366710465,3.2344733469147897,0.10403304856291434,0.2872037041602118,0.0,2821.6651525576863,4088.1935047365214,2564.8886309422837,3580.411631273711
0.48,-60.32540512084961,24.144569396972656,-7.185186862945557,9.376331429431808,0.21191527772217625,0.3554012760985506,-0.058616125347889514,3.2526424489683996,0.10404523205237394,0.2871005711704576,0.0,2818.158268257014,4091.853706956215,2561.9426760649053,3583.212362756946
0.5,-60.140052795410156,24.11574935913086,-7.5927205085754395,9.376653048918447,0.21044717242794672,0.3558863477717076,-0.05925371584143743,3.2683857929586604,0.10405750125442037,0.28700408532446586,0.0,2815.1236311386556,4095.030489868457,2559.385180985044,3585.635285126835
0.52,-59.95490264892578,24.085636138916016,-8.000772476196289,9.376954642808204,0.20918681004834447,0.3562785413346199,-0.059838872943869324,3.2819794488947522,0.10406987338530481,0.28691360715753866,0.0,2812.506842173812,4097.777848430667,2557.1729167790827,3587.724081518152
0.54,-59.76995849609375,24.054227828979492,-8.40925121307373,9.377238273234608,0.2081096493034068,0.3565970770248204,-0.06037237380723482,3.2936837866851154,0.1040823540452583,0.28682851802961745,0.0,2810.2568108902315,4100.147039414378,2555.2647927137423,3589.5197248797376
0.56,-59.585243225097656,24.021520614624023,-8.818035125732422,9.37750588277069,0.207192894770553,0.3568573325962832,-0.0608565340262698,3.303738539853916,0.10409496006854026,0.2867482351687931,0.0,2808.326633320983,4102.185474224022,2553.6227661259786,3591.0597961449225
0.58,-59.4007568359375,23.98750877380371,-9.227093696594238,9.377759263430072,0.2064157315801497,0.35707160179755243,-0.06129472313218475,3.312362053877101,0.10410770406052895,0.2866722209709785,0.0,2806.6737000735184,4103.936503251444,2552.21202562534,3592.3784078743074
0.6,-59.21650695800781,23.95219612121582,-9.636366844177246,9.378000043277746,0.20575939765128176,0.3572496969386551,-0.06169081046014396,3.3197501919825623,0.10412058317116295,0.2865999870166762,0.0,2805.2598619659366,4105.439127819219,2551.0012340351086,3593.506083418536
0.62,-59.032508850097656,23.915578842163086,-10.04585075378418,9.378229685047932,0.20520714864874653,0.35739942806313485,-0.062048784587428046,3.3260764569632646,0.10413360713467162,0.2865310944856203,0.0,2804.051372121632,4106.727974026475,2549.962557675945,3594.4698116605437
0.64,-58.8487663269043,23.877655029296875,-10.455459594726562,9.378449488257873,0.20474418524319266,0.35752700768130796,-0.06237271713715516,3.3314943678890767,0.1041467899293648,0.28646515352263807,0.0,2803.0184185395738,4107.833751702712,2549.0712992335843,3595.293422672617
0.66,-58.66530227661133,23.83842658996582,-10.865220069885254,9.378660597141389,0.20435752945714963,0.3576373716793917,-0.06266655785298568,3.336138502069448,0.10416012841485325,0.28640182085758337,0.0,2802.1349008513416,4108.783432381095,2548.3057596358303,3595.997771295103
0.68,-58.482112884521484,23.797895431518555,-11.275102615356445,9.378864013971652,0.20403586037843313,0.3577344240273348,-0.06293391334877625,3.340125261572183,0.10417362287803611,0.2863407958085043,0.0,2801.378258539576,4109.60037242376,2547.647144306671,3596.6008798516286
0.7,-58.29921340942383,23.75605583190918,-11.685108184814453,9.379060610964869,0.2037693623340662,0.3578212469611937,-0.06317813374938973,3.343555547161099,0.10418728896271472,0.2862818167105393,0.0,2800.7289550214277,4110.304847767066,2547.0791326729736,3597.118350093488
0.72,-58.116615295410156,23.712915420532227,-12.095171928405762,9.379251141266385,0.20354958076644925,0.3579002776682792,-0.06340235684641037,3.346516902639086,0.1042011227087998,0.2862246576200844,0.0,2800.170061290646,4110.914479817206,2546.5875358584917,3597.563696226209
0.74,-57.93431854248047,23.668468475341797,-12.505359649658203,9.379436254297367,0.20336925008143986,0.3579734275902552,-0.06360928006959683,3.349083607577757,0.10421513003039376,0.28616912371078984,0.0,2799.6872146288306,4111.444226788972,2546.1603087587537,3597.9483831457037
0.76,-57.75234603881836,23.622724533081055,-12.915606498718262,9.379616506637534,0.20322216048144082,0.35804219709816476,-0.06380136297375066,3.3513195369278357,0.10422930540791611,0.28611504800873977,0.0,2799.268077092648,4111.906969554092,2545.7870760330547,3598.2822563667237
0.78,-57.570701599121094,23.5756778717041,-13.32591724395752,9.379792374802783,0.20310301491343183,0.35810775350243035,-0.06398070537465617,3.3532786033363036,0.10424366432121106,0.2860622875591652,0.0,2798.9022360159543,4112.313584464306,2545.45907650734,3598.5736245954677
0.8,-57.38939666748047,23.52733039855957,-13.736316680908203,9.3799642630071,0.20300732794214393,0.3581710143851361,-0.06414927335724639,3.3550074155170955,0.10425820375231624,0.28601072109787007,0.0,2798.580704358089,4112.673492492388,2545.1687180513127,3598.8296555457473
0.82,-57.20844268798828,23.477689743041992,-14.146780014038086,9.38013251505494,0.20293129818776404,0.35823268866430036,-0.06430866674334206,3.3565446494861804,0.10427291638057512,0.28596024548351784,0.0,2798.296020332354,4112.994508727659,2544.9097034367514,3599.056301236619
0.84,-57.02783966064453,23.426753997802734,-14.557330131530762,9.380297423204931,0.202871710017631,0.35829331834009986,-0.06446024484257717,3.357922763601703,0.10428780620388953,0.28591077303852064,0.0,2798.0419226747335,4113.283194714853,2544.6767451951114,3599.2585557358275
0.86,-56.84760284423828,23.374523162841797,-14.967945098876953,9.380459234073236,0.20282586014871246,0.3583533217035967,-0.06460524654875775,3.3591695284871235,0.10430288285407824,0.28586222977802933,0.0,2797.813061923036,4113.5451734806675,2544.4653104869058,3599.4406841236605
0.88,-56.66774368286133,23.32100486755371,-15.378621101379395,9.380618154562896,0.2027914866435372,0.3584130240942997,-0.06474476894553603,3.360308479323251,0.10431813645195187,0.28581455363113123,0.0,2797.6049091496925,4113.78521613036,2544.2715521997434,3599.6062962050755
0.9,-56.48826599121094,23.266199111938477,-15.78935432434082,9.38077436011336,0.20276668552212512,0.3584726660436198,-0.06487963279459533,3.361358529942932,0.1043335726921999,0.28576769196599194,0.0,2797.4138177278537,4114.007150701758,2544.0923850391,3599.758299993069
0.92,-56.30918502807617,23.21010398864746,-16.200183868408203,9.38092799759466,0.20274987063567615,0.358532432132934,-0.06501063009392931,3.3623361158256126,0.10434919463728669,0.28572160072160224,0.0,2797.236627058194,4114.214312670971,2543.9251189655715,3599.899214107012
0.94,-56.13050842285156,23.152729034423828,-16.611038208007812,9.38107918998032,0.20273972150582734,0.3585924621478636,-0.06513841793661844,3.3632548317409743,0.10436500166347001,0.2856762430059042,0.0,2797.0707228202727,4114.409461469839,2543.7675284895677,3600.031121819161
0.96,-55.95224380493164,23.09406852722168,-17.022014617919922,9.381228040534378,0.20273513821400677,0.3586528591392624,-0.06526353087139453,3.3641258409113894,0.10438099217662415,0.2856315878396867,0.0,2796.9139575467116,4114.5948626647605,2543.617786555494,3600.155734516066
0.98,-55.7744026184082,23.034135818481445,-17.433025360107422,9.381374636048609,0.20273520562729386,0.35871369739384457,-0.0653864142432694,3.364958374501376,0.1043971620907988,0.2855876091854174,0.0,2796.7645556209177,4114.772390288009,2543.4743818026946,3600.2744671848013
1.0,-55.59699630737305,22.972925186157227,-17.84409523010254,9.38151904977508,0.2027391617392215,0.358775027635752,-0.06550742752601876,3.3657599799488462,0.10441352554566502,0.28554428506747576,0.0,2796.6210646194104,4114.943576249565,2543.3360789060434,3600.3884773872724
1.02,-55.42002487182617,22.910438537597656,-18.2552547454834,9.381661341429824,0.20274638825143865,0.3588368944549684,-0.0656269821623559,3.366537640292124,0.1044300769010805,0.28550159757105276,0.0,2796.4821493017853,4115.109846517332,2543.20172621322,3600.498827452822
1.04,-55.24350357055664,22.846689224243164,-18.666507720947266,9.38180156176572,0.20275636873197447,0.3588993256422053,-0.06574530649747877,3.367296326906821,0.10444679364300548,0.28545953147028413,0.0,2796.346851967549,4115.2722093255,2543.070510894931,3600.6062808705096
1.06,-55.06745147705078,22.78166961669922,-19.077789306640625,9.381939756128528,0.2027686584425886,0.35896232527029914,-0.06586248805364657,3.3680394475222943,0.1044637158663921,0.28541807316144163,0.0,2796.2145083646383,4115.431348595161,2542.9418831561857,3600.7113688324757
1.08,-54.89186096191406,22.71538734436035,-19.489166259765625,9.382075957844043,0.2027829267230282,0.359025919382576,-0.06597897355439171,3.3687723366815834,0.10448081592160682,0.28537721264678717,0.0,2796.0841127935146,4115.588368219359,2542.8149485389713,3600.814888386297
1.1,-54.71674728393555,22.647844314575195,-19.900602340698242,9.382210198271634,0.20279887657700807,0.3590901085125691,-0.0660947347665747,3.3694966486649474,0.10449810656061155,0.28533694051850966,0.0,2795.955335049134,4115.743592540025,2542.6894479300563,3600.9171052451356
1.12,-54.54212188720703,22.579044342041016,-20.312129974365234,9.382342502448687,0.20281627585773163,0.35915489924672944,-0.06620998650027238,3.370215368244397,0.10451557902871136,0.285297249265394,0.0,2795.8276084645613,4115.897635554363,2542.564884620433,3601.0184693756637
1.14,-54.36799621582031,22.508989334106445,-20.7237491607666,9.38247289264198,0.20283492662972985,0.35922028945183354,-0.06632477994227585,3.3709300729999305,0.10453323674572731,0.28525813220740603,0.0,2795.700626633752,4116.050815117525,2542.441002875519,3601.119225586067
1.16,-54.194374084472656,22.437685012817383,-21.13539695739746,9.382601387422643,0.2028546703139125,0.3592862781679964,-0.06643922905902065,3.371642540150112,0.10455109105226287,0.2852195837732072,0.0,2795.574050549277,4116.203495405385,2542.3175084170475,3601.2196434218654
1.18,-54.021263122558594,22.36513328552246,-21.54714012145996,9.382728001321293,0.20287538688322154,0.3593528707698295,-0.06655347732608298,3.372354546638484,0.10456912763730668,0.28518159960361195,0.0,2795.447544584454,4116.356043616441,2542.1941038610576,3601.3199890357437
1.2,-53.84867858886719,22.291337966918945,-21.958969116210938,9.382852748606288,0.2028969655694664,0.35942006140203786,-0.06666749146980754,3.3730665112883753,0.10458734950828964,0.28514417541811365,0.0,2795.3210221993654,4116.508539154975,2542.0707264141943,3601.4203326911006
1.22,-53.6766242980957,22.2163028717041,-22.370864868164062,9.38297564130869,0.20291931921824627,0.359487846507399,-0.06678134498043911,3.373779465545794,0.10460576111010923,0.28510730760739306,0.0,2795.1942874052347,4116.661194245135,2541.9472044437593,3601.5208300669924
1.24,-53.5051155090332,22.140031814575195,-22.782852172851562,9.383096689389568,0.2029423808150748,0.359556225428627,-0.06689510805236065,3.3744943078234293,0.10462435621838924,0.2850709931831297,0.0,2795.0671702072086,4116.814194358807,2541.8233878182386,3601.6216160509043
1.26,-53.33415985107422,22.06252670288086,-23.19492530822754,9.383215902392964,0.20296609051325587,0.3596251930936908,-0.06700877534698572,3.375211338142916,0.10464314045455846,0.2850352292821109,0.0,2794.9396106237446,4116.967598410116,2541.699229516705,3601.722738954388
1.28,-53.16375732421875,21.983793258666992,-23.60706901550293,9.38333328812358,0.2029904048130003,0.3596947486289421,-0.06712241256883682,3.375931274118487,0.10466211313176182,0.28500001356292587,0.0,2794.8114739218554,4117.121555606432,2541.5746085591018,3601.8243054653785
1.3,-52.993934631347656,21.90383529663086,-24.019269943237305,9.383448853681216,0.20301528770853372,0.35976489055179844,-0.06723603742527917,3.376654447000414,0.10468128193563928,0.2849653438956352,0.0,2794.682696520945,4117.276133476058,2541.4494704917975,3601.9263662554863
1.32,-52.82468032836914,21.822656631469727,-24.43155860900879,9.383562604597737,0.20304071635891452,0.35983562239844596,-0.0673497155057763,3.3773814672747657,0.10470063477240733,0.284931218620679,0.0,2794.5531649337295,4117.431459921143,2541.3237113967616,3602.0290109566477
1.34,-52.65601348876953,21.740259170532227,-24.843969345092773,9.38367454747052,0.20306666151658712,0.3599069390220739,-0.06746338344881411,3.3781120359606276,0.1047201667865916,0.2848976357588441,0.0,2794.4229312969865,4117.587468993672,2541.1973855977185,3602.132199210285
1.36,-52.48794174194336,21.656646728515625,-25.25641632080078,9.383784688950934,0.2030930959994285,0.3599788329575377,-0.0675770292780814,3.3788461884723167,0.1047399067815189,0.2848645933147198,0.0,2794.2919871945383,4117.744166568138,2541.0704887138727,3602.2359380940934
1.38,-52.32047653198242,21.571828842163086,-25.668987274169922,9.38389303165437,0.20312002258832915,0.36005131665552603,-0.06769084613381289,3.3795853154971414,0.10475981443697394,0.2848320905036889,0.0,2794.1600789283484,4117.901848653642,2540.942779237707,3602.340426864665
1.4,-52.15362548828125,21.485803604125977,-26.08161163330078,9.38399958311774,0.20314740822033153,0.3601243740150584,-0.06780458244051678,3.380327766751286,0.10477992726443702,0.284800125064678,0.0,2794.027505122472,4118.060161602652,2540.8145462700063,3602.4454316208344
1.42,-51.98740005493164,21.398578643798828,-26.494308471679688,9.384104345737017,0.20317525938602235,0.36019801623160763,-0.0679184916345665,3.381075322940413,0.10480023244558742,0.284768696278895,0.0,2793.893941520176,4118.219485208252,2540.6854798108197,3602.551206881227
1.44,-51.821800231933594,21.310155868530273,-26.90711784362793,9.384207323516556,0.20320356906134626,0.36027224399879976,-0.06803248846944841,3.3818274254564025,0.10482072000382954,0.28473780294503326,0.0,2793.759489303158,4118.379699631358,2540.5556778443442,3602.657673411987
1.46,-51.65684509277344,21.22054100036621,-27.32002067565918,9.384308521591253,0.20323232310996042,0.3603470514482282,-0.06814651669722362,3.3825837260372347,0.1048413956316402,0.28470744352262417,0.0,2793.6242111211877,4118.540729964816,2540.4252017067706,3602.7647822539316
1.48,-51.49253463745117,21.129737854003906,-27.732988357543945,9.38440794410742,0.2032615155561064,0.3604224374691251,-0.06826062200597018,3.383344564846937,0.1048622702360209,0.2846776167677742,0.0,2793.4880446946245,4118.702648539999,2540.293992453765,3602.872582396024
1.5,-51.328880310058594,21.037750244140625,-28.146045684814453,9.384505593724812,0.20329115070883672,0.36049840818352763,-0.06837487569552747,3.3841104356478304,0.10488333725369392,0.2846483218825563,0.0,2793.3509002841984,4118.865560723079,2540.161964083197,3602.9811442748423
1.52,-51.1658935546875,20.944583892822266,-28.559194564819336,9.384601473976442,0.20332122571375802,0.3605749643219777,-0.06848923425400313,3.3848810450294198,0.10490459427100829,0.2846195578070674,0.0,2793.2128311891975,4119.0294037079,2540.0291679370944,3603.0904261371866
1.54,-51.00358200073242,20.85024642944336,-28.972442626953125,9.3846955886537,0.20335173611015195,0.3606521049495784,-0.06860368550711118,3.3856563194026488,0.10492603177988076,0.2845913234038898,0.0,2793.0738506350594,4119.194161640923,2539.8956170315428,3603.2004176831456
1.56,-50.841957092285156,20.754735946655273,-29.385774612426758,9.384787942590757,0.20338267048439684,0.36072982315096885,-0.06871817551049397,3.386435905684577,0.10494767147989957,0.28456361722277296,0.0,2792.934022456042,4119.359758928106,2539.7613732007103,3603.311068951014
1.58,-50.6810188293457,20.658061981201172,-29.79920196533203,9.384878537729788,0.20341403851796522,0.3608081273504297,-0.06883284687383356,3.387220773836812,0.10496949705001332,0.2845364386810635,0.0,2792.793170569975,4119.526402895252,2539.626267133686,3603.4225180526187
1.6,-50.52077865600586,20.56022834777832,-30.21271514892578,9.384967378135926,0.20344583330908375,0.3608870138183388,-0.0689475928044183,3.3880101910286133,0.10499151558345421,0.28450978655922227,0.0,2792.6514281858035,4119.693936972191,2539.490426733185,3603.534660541074
1.62,-50.36125564575195,20.46123695373535,-30.62628936767578,9.385054466900174,0.2034780556395309,0.36096648416777105,-0.06906246322619312,3.388804498147375,0.10501374674638868,0.28448365992994784,0.0,2792.508733389298,4119.862434040965,2539.3537925102187,3603.6475450092316
1.64,-50.202449798583984,20.36109733581543,-31.03999137878418,9.385139804714358,0.2035107221989635,0.36104655244713363,-0.06917757849592407,3.389604495287895,0.10503615129156567,0.2844580585856926,0.0,2792.364941351271,4120.032065270252,2539.2162246165103,3603.7612849810353
1.66,-50.04436492919922,20.259809494018555,-31.453781127929688,9.385223397373174,0.2035438119680948,0.3611272047075978,-0.0692926857852303,3.3904084641843615,0.10505875686166784,0.28443298078804774,0.0,2792.2203640355906,4120.20246338246,2539.0780230900614,3603.8756358676533
1.68,-49.88701629638672,20.15738296508789,-31.86763572692871,9.385305246940543,0.20357733275482962,0.361208447565854,-0.06940797214453102,3.3912176849686397,0.10508156529628253,0.284408425917837,0.0,2792.07476884989,4120.373901967932,2538.9389645228994,3603.990780126629
1.7,-49.73040771484375,20.053821563720703,-32.28160858154297,9.385385355325246,0.2036112914565086,0.3612902875451442,-0.06952344324108913,3.3920321794185475,0.10510455601613855,0.2843843934024262,0.0,2791.9281522259416,4120.546385826208,2538.7990449666177,3604.1067205189674
1.72,-49.57455825805664,19.949129104614258,-32.69567108154297,9.385463727099753,0.20364567565793742,0.3613727166827684,-0.06963896842637686,3.3928510605792255,0.1051277472404095,0.28436088187007424,0.0,2791.780675176813,4120.719725380365,2538.658419310877,3604.223330825584
1.74,-49.41946029663086,19.843311309814453,-33.10982131958008,9.385540364384388,0.20368049148765777,0.3614557403312094,-0.06975467022120137,3.3936751622055064,0.10515113643084545,0.2843378906846835,0.0,2791.63218631159,4120.894098877589,2538.5169419974254,3604.340729797407
1.76,-49.265140533447266,19.736371994018555,-33.524070739746094,9.385615269673444,0.20371574103103385,0.3615393611801562,-0.06987052896914528,3.3945043389028835,0.10517472599205419,0.28431541909796676,0.0,2791.4827122924025,4121.069475357206,2538.37463830588,3604.458896511153
1.78,-49.11159133911133,19.628320693969727,-33.93839645385742,9.385688445232853,0.20375142756931874,0.36162358301991543,-0.06998655853128768,3.395338676147835,0.10519851468405846,0.284293466430144,0.0,2791.33223780773,4121.245873180833,2538.2314932375725,3604.5778429678226
1.8,-48.95882034301758,19.5191593170166,-34.35285568237305,9.385759893552605,0.20378755217460398,0.3617084081611983,-0.07010274934401732,3.3961781024526587,0.10522248407188141,0.2842720319342186,0.0,2791.180776002314,4121.4232771251445,2538.0875192336516,3604.6975588625874
1.82,-48.806854248046875,19.40889549255371,-34.76736831665039,9.385829619385627,0.20382410007826843,0.36179382657846726,-0.07021898843659181,3.397021859658411,0.10524667173810448,0.28425111418431204,0.0,2791.0284643140585,4121.601525067644,2537.9428487881582,3604.817936497096
1.84,-48.65568161010742,19.297531127929688,-35.182010650634766,9.38589762261006,0.2038610918386716,0.36187985445103504,-0.07033551890586105,3.3978715882089223,0.10527104620646618,0.2842307132169822,0.0,2790.8750051738866,4121.780967803684,2537.7971953515025,3604.939209190886
1.86,-48.50532150268555,19.185075759887695,-35.596736907958984,9.385963907287275,0.2038985157363989,0.3619664845482023,-0.0704521318871851,3.398725859427879,0.10529562350189689,0.2842108278138175,0.0,2790.720658184316,4121.9613000100435,2537.6508083147746,3605.0611733684154
1.88,-48.35577392578125,19.071533203125,-36.01156234741211,9.386028475367457,0.20393637653947908,0.36205372144219355,-0.07056893596255093,3.3995854124730998,0.10532039957015785,0.2841914573897629,0.0,2790.5652891269406,4122.142679713781,2537.503558632623,3605.1839343114943
1.9,-48.20705795288086,18.9569091796875,-36.42646408081055,9.386091329336471,0.20397467408232725,0.36214156620415666,-0.0706859031033784,3.400450049855921,0.10534538914193388,0.28417260119905857,0.0,2790.4089340227947,4122.325064765675,2537.355480737111,3605.3074637740037
1.92,-48.059173583984375,18.841209411621094,-36.841514587402344,9.386152469907515,0.20401342026269467,0.36223002927336073,-0.07080312439815217,3.4013203761749673,0.10537055431357012,0.2841542590277456,0.0,2790.2514834456597,4122.508584532805,2537.2064689316358,3605.431847527686
1.94,-47.912132263183594,18.72443962097168,-37.25663375854492,9.386211902641186,0.20405259182009636,0.3623190946362074,-0.07092035836374765,3.4021947623909963,0.10539593804453681,0.28413642920764415,0.0,2790.0932329135553,4122.692890673283,2537.0568078219367,3605.556853920949
1.96,-47.76593780517578,18.606609344482422,-37.671852111816406,9.386269627433178,0.2040922077116351,0.3624087770995583,-0.07103788824346442,3.403075128061652,0.1054215161301024,0.2841191117700467,0.0,2789.933834026061,4122.878393620071,2536.9061621676665,3605.682756158377
1.98,-47.62059783935547,18.48771858215332,-38.08719253540039,9.38632564741424,0.20413226114584604,0.36249907299119766,-0.07115555074941637,3.4039603526712834,0.10544729096227655,0.2841023057757278,0.0,2789.7734904793333,4123.064853921981,2536.7547275442366,3605.8093944926413
2.0,-47.476131439208984,18.367774963378906,-38.502662658691406,9.386379965354768,0.20417274908734315,0.36258998094842754,-0.07127336692974394,3.4048505835801133,0.1054732574125524,0.2840860103935695,0.0,2789.612175423979,4123.252303077838,2536.6024782669474,3605.9367900235948
2.02,-47.33253479003906,18.246788024902344,-38.918216705322266,9.386432584541398,0.20421366498741858,0.36268149652595993,-0.07139130867644373,3.405745633910282,0.105499430491292,0.2840702246375807,0.0,2789.4499226826624,4123.4407011435005,2536.4494470086374,3606.0649162766495
2.04,-47.1898193359375,18.124759674072266,-39.3338737487793,9.38648350627001,0.20425501657158465,0.36277362581274464,-0.07150947451048349,3.4066461629080713,0.10552581151698914,0.28405494811899723,0.0,2789.286612760863,4123.630189195456,2536.2955185282262,3606.1938669407928
2.06,-47.04799270629883,18.001697540283203,-39.74965286254883,9.386532731801132,0.2042968103206944,0.3628663746128499,-0.07162786712944814,3.407552170452265,0.10555238715255019,0.2840401804596603,0.0,2789.1222460828003,4123.8207673923425,2536.14069265529,3606.3236416326527
2.08,-46.90705871582031,17.877609252929688,-40.16551971435547,9.38658026417918,0.20433903960359168,0.3629597390685144,-0.07174640015583211,3.408463067865934,0.10557917351514308,0.28402592074624594,0.0,2788.9569295739243,4124.012309921545,2535.985072175558,3606.4541565247987
2.1,-46.76702880859375,17.752498626708984,-40.581504821777344,9.386626104370112,0.20438171290905033,0.3630537264958554,-0.07186517874155773,3.4093795610588775,0.10560616088557848,0.28401216868896634,0.0,2788.790535257526,4124.20496779371,2535.8285337348466,3606.5855119596404
2.12,-46.6279182434082,17.626373291015625,-40.99761962890625,9.386670254669344,0.20442482801631529,0.36314833655406975,-0.07198413685884704,3.4103011950122064,0.10563334190208558,0.2839989235991968,0.0,2788.62314590573,4124.398643786143,2535.671156746588,3606.7176430278387
2.14,-46.48971939086914,17.49924087524414,-41.413822174072266,9.386712718250815,0.20446837704715018,0.36324356424195753,-0.07210323180849344,3.411227686578902,0.10566073571647536,0.28398618452475566,0.0,2788.4548127765584,4124.5932773298355,2535.512990735768,3606.850509589651
2.16,-46.35245895385742,17.37110710144043,-41.83012008666992,9.386753495774155,0.20451237014923138,0.3633394178693036,-0.072222588498695,3.4121598737583523,0.1056883452164674,0.2839739512677536,0.0,2788.285383945011,4124.789047703187,2535.3538892510587,3606.9842307580147
2.18,-46.216121673583984,17.241975784301758,-42.24653625488281,9.386792587727838,0.2045568167527129,0.3634359060556601,-0.07234221695530903,3.4130978040447446,0.10571615909150418,0.2839622236816487,0.0,2788.1148512643817,4124.985965226948,2535.193843807183,3607.1188128551585
2.2,-46.08073043823242,17.111858367919922,-42.66306686401367,9.386829996225854,0.2046017139024235,0.36353302855633324,-0.07246204029484911,3.4140409518511583,0.10574417228257037,0.2839510011322437,0.0,2787.9433102788375,4125.183917534038,2535.032946193571,3607.254180963901
2.22,-45.946292877197266,16.980756759643555,-43.07969284057617,9.386865723979543,0.20464705501459046,0.36363078193791876,-0.07258203016617445,3.414989134184866,0.10577240911207557,0.28394028280613703,0.0,2787.7707940328114,4125.38286540604,2534.8712284997027,3607.39030923219
2.24,-45.81280517578125,16.84868049621582,-43.496429443359375,9.386899770590981,0.2046928553398203,0.3637291791212806,-0.07270234191013332,3.4159433916847717,0.10580085183224988,0.2839300688227057,0.0,2787.597113928278,4125.5830314414125,2534.7085088684316,3607.527345506901
2.26,-45.6802864074707,16.715635299682617,-43.91324996948242,9.3869321381277,0.2047391107078305,0.36382821913973884,-0.0728228540192749,3.4169028952365594,0.10582952378021093,0.2839203585616902,0.0,2787.4224206420836,4125.784238355748,2534.544932110022,3607.6651716336387
2.28,-45.548744201660156,16.581628799438477,-44.33020782470703,9.3869628258073,0.2047858371632409,0.3639279163535472,-0.07294371358639642,3.4178686292645253,0.10585839026588059,0.2839111522578099,0.0,2787.2465358176823,4125.986696700258,2534.3803262014376,3607.8039274219213
2.3,-45.41817092895508,16.446666717529297,-44.74729537963867,9.386991837412715,0.20483301694699665,0.36402826002105726,-0.07306469376419955,3.4188390692531136,0.10588745606074218,0.2839024487761854,0.0,2787.0697359800797,4126.190080303111,2534.2149576365405,3607.9433961135014
2.32,-45.28859329223633,16.310758590698242,-45.16455841064453,9.387019175843797,0.20488064107631454,0.36412924452564355,-0.07318583870390145,3.419814537862465,0.1059166899435757,0.28389424724686096,0.0,2786.891962063897,4126.394457954049,2534.048770328989,3608.0836241383477
2.34,-45.160003662109375,16.173906326293945,-45.58192825317383,9.387044847521192,0.2049286771730567,0.36423084503194614,-0.07330696429924534,3.4207938255117547,0.10594614639697884,0.2838865457436423,0.0,2786.7134327505073,4126.599570744425,2533.881975937643,3608.224440215886
2.36,-45.03241729736328,16.036121368408203,-45.99934005737305,9.387068851464733,0.20497714753829782,0.3643330764818998,-0.07342843428809587,3.421779379942986,0.10597586153763368,0.28387934456058017,0.0,2786.5337039831447,4126.805942381066,2533.7141466414746,3608.3661924936546
2.38,-44.90583801269531,15.897409439086914,-46.416866302490234,9.387091182610696,0.20502609804655716,0.364435974291872,-0.0735504540140864,3.4227725146637256,0.10600579128588092,0.2838726452167911,0.0,2786.3525390301456,4127.013854433893,2533.545052170207,3608.509066284002
2.4,-44.78026580810547,15.757777214050293,-46.83451843261719,9.387111842360486,0.20507552444045865,0.3645395389356335,-0.07367271432603505,3.4237711114164004,0.10603592835359056,0.2838664472918541,0.0,2786.170323024775,4127.222854047409,2533.3750623578317,3608.652759507925
2.42,-44.65572738647461,15.617233276367188,-47.25230026245117,9.387130833138832,0.20512541713500548,0.36464376625788636,-0.07379517344341847,3.424774908024632,0.10606627252185483,0.2838607500583505,0.0,2785.9871031941298,4127.432884896048,2533.204223297137,3608.797235228001
2.44,-44.53221130371094,15.47578239440918,-47.67020034790039,9.387148157193428,0.2051757687121985,0.3647486527018117,-0.07391783754029418,3.4257839669184946,0.1060968343686493,0.2838555528419716,0.0,2785.802867814384,4127.643960086255,2533.0325243685274,3608.942502733954
2.46,-44.40972900390625,15.333433151245117,-48.08824157714844,9.38716381529292,0.2052265823689956,0.36485420215737563,-0.07404077795423013,3.426798773950903,0.1061275967712984,0.28385085541212385,0.0,2785.6175286691787,4127.856183458961,2532.859880771344,3609.088631219775
2.48,-44.28829574584961,15.190195083618164,-48.50642395019531,9.387177810335933,0.20527784595194973,0.36496040669551866,-0.07416388669131223,3.427818610131842,0.10615855711997467,0.2838466568992201,0.0,2785.4312160160644,4128.069401136069,2532.686418262213,3609.2355186175164
2.5,-44.16790771484375,15.04607105255127,-48.92470169067383,9.387190145286832,0.20532954852725463,0.3650672581708141,-0.0742871583181553,3.4288434552293503,0.10618975815039128,0.28384295641395046,0.0,2785.243933135017,4128.283608696627,2532.5121405338414,3609.383162445153
2.52,-44.04857635498047,14.90107250213623,-49.34310531616211,9.387200817595483,0.2053817177017429,0.365174777506455,-0.07441086641440674,3.429875127559241,0.10622117045457533,0.28383975472135514,0.0,2785.0553506873202,4128.49919534212,2532.336729556107,3609.531820809769
2.54,-43.93031311035156,14.755206108093262,-49.76166534423828,9.387209828844918,0.20543434858383056,0.36528296271941507,-0.07453480722183452,3.43091223433955,0.10625277595306695,0.2838370513465245,0.0,2784.865721807564,4128.715863302502,2532.1604285274743,3609.681295185542
2.56,-43.813114166259766,14.608478546142578,-50.18031311035156,9.387217182841852,0.20548742250392488,0.36539180061200366,-0.07465887366345951,3.4319540745591968,0.10628462605310203,0.2838348451474445,0.0,2784.675173216351,4128.933462476444,2531.9833601632763,3609.8314863274854
2.58,-43.696990966796875,14.460895538330078,-50.59907531738281,9.387222876688275,0.2055409686635708,0.3655013136082821,-0.07478339919143097,3.433002875023597,0.10631670881014382,0.2838331369935174,0.0,2784.483301362815,4129.152469394214,2531.8051351079375,3609.9827105433696
2.6,-43.58195114135742,14.312469482421875,-51.01799774169922,9.387226909499075,0.2055949976996845,0.36561151220145416,-0.07490828608862883,3.434057944376445,0.10634897897943238,0.28383192715027744,0.0,2784.290232461102,4129.372736383842,2531.6258738830684,3610.1348687484706
2.62,-43.46799850463867,14.163204193115234,-51.437034606933594,9.387229286290573,0.20564947932011166,0.3657223758242305,-0.07503324596445392,3.4351173670409154,0.10638148168054923,0.2838312141128281,0.0,2784.0963134825015,4129.593853395047,2531.4459115833597,3610.287689045288
2.64,-43.35514450073242,14.01310920715332,-51.85619354248047,9.387230005967515,0.20570442911577366,0.36583391687529904,-0.0751585828733559,3.4361831965826504,0.10641420939427962,0.28383099820974544,0.0,2783.9011717608355,4129.816259683013,2531.2648893955175,3610.4414636322635
2.66,-43.24339294433594,13.862192153930664,-52.27547073364258,9.387229068561895,0.20575985174433092,0.36594614048323554,-0.07528423760823728,3.437255017606178,0.1064471663812827,0.2838312794314314,0.0,2783.704883055347,4130.03986648663,2531.0828797783947,3610.5961330531577
2.68,-43.132747650146484,13.71045970916748,-52.69487380981445,9.38722647376628,0.2058157537618029,0.3660590536308078,-0.07541023277041183,3.4383329727770486,0.10648035058737984,0.2838320578701161,0.0,2783.5074217434185,4130.264704366897,2530.8998577347147,3610.7517173596298
2.7,-43.023216247558594,13.5579195022583,-53.1143913269043,9.3872222217045,0.2058721377757285,0.36617266069061166,-0.07553655003303211,3.439416934821006,0.10651377379792228,0.28383333348865014,0.0,2783.3088110668796,4130.490746058583,2530.7158455263434,3610.908198316165
2.72,-42.91481018066406,13.404582023620605,-53.53406524658203,9.387216311168338,0.20592901499657498,0.3662869728477257,-0.07566325975922761,3.44050736858677,0.10654739867340488,0.2838351066494987,0.0,2783.108966976187,4130.718090992883,2530.5307618893225,3611.0656417766418
2.74,-42.80752944946289,13.250454902648926,-53.95386505126953,9.387208745797455,0.20598636204149823,0.3664019751058829,-0.07579012108309872,3.4416026776092643,0.1065812502367123,0.28383737626076344,0.0,2782.9081786141555,4130.946397322947,2530.344886187488,3611.2238211671333
2.76,-42.70138168334961,13.09554386138916,-54.373775482177734,9.38719952573067,0.20604418269234692,0.3665176714140322,-0.07591730813710851,3.4427040479748094,0.10661534925835271,0.2838401422807989,0.0,2782.7062305255477,4131.17591865769,2530.158011294056,3611.3829054641124
2.78,-42.59637451171875,12.939860343933105,-54.79381561279297,9.387188648554291,0.2061024965974283,0.3666340782960365,-0.07604494636186655,3.443812300076852,0.10664967345835406,0.2838434054337126,0.0,2782.5029744514077,4131.406830666118,2529.96999361026,3611.543010799512
2.8,-42.49250793457031,12.783408164978027,-55.21404266357422,9.387176115043827,0.20616129893401966,0.36675119484320967,-0.07617288125100442,3.4449263905157217,0.10668418605492855,0.28384716548685185,0.0,2782.298599830404,4131.638910064953,2529.7810155311927,3611.703988641266
2.82,-42.389793395996094,12.626199722290039,-55.63435745239258,9.38716193047964,0.2062205554828147,0.3668689966270557,-0.07630088875982963,3.446044857855728,0.10671896195415154,0.28385142085610776,0.0,2782.0933707875474,4131.871843759164,2529.5913330163808,3611.8656321244985
2.84,-42.288246154785156,12.468239784240723,-56.054813385009766,9.387146090208365,0.20628030377895548,0.3669875120352164,-0.07642946176394878,3.4471709932966825,0.10675397013274822,0.28385617293749055,0.0,2781.886690804066,4132.106336148006,2529.4003705222244,3612.0284088028097
2.86,-42.1878547668457,12.309539794921875,-56.47544860839844,9.38712859404645,0.20634054462819287,0.367106744051862,-0.07655837687530397,3.448303269840192,0.1067891654628801,0.283861421786065,0.0,2781.6788374809466,4132.34206065423,2529.2083947547508,3612.192100942304
2.88,-42.08863067626953,12.150104522705078,-56.896156311035156,9.387109447539492,0.20640124095096418,0.36722666611214566,-0.07668735366132995,3.4494398464345792,0.10682465306258786,0.2838671657381523,0.0,2781.4701438178645,4132.57862296827,2529.0157280185595,3612.3564476792208
2.9,-41.99058532714844,11.989947319030762,-57.31702423095703,9.387088642553566,0.2064624532105943,0.36734732436700795,-0.0768170750864502,3.450585263904143,0.1068603470762776,0.2838734072339301,0.0,2781.2597872444467,4132.816995117394,2528.821576020682,3612.5220936581254
2.92,-41.89371871948242,11.829071998596191,-57.73807907104492,9.387066182645897,0.20652415302579735,0.3674687008987031,-0.07694695793544655,3.4517356032267337,0.1068962356516989,0.2838801452062308,0.0,2781.0484787247497,4133.056338404051,2528.626623941847,3612.6884815159015
2.94,-41.79803466796875,11.667489051818848,-58.15922164916992,9.387042072501258,0.20658631006293274,0.3675907736529738,-0.07707695216120675,3.45289058426922,0.10693240227317602,0.28388737824962273,0.0,2780.8362678354533,4133.296592416315,2528.430921350357,3612.8555726302043
2.96,-41.70355224609375,11.505207061767578,-58.58052062988281,9.387016305779447,0.20664897172957694,0.36771357837231355,-0.07720760147394175,3.454053817957116,0.10696879171092566,0.2838951082661659,0.0,2780.622500504557,4133.53853019897,2528.233836542538,3613.0238795827704
2.98,-41.61025619506836,11.34223461151123,-59.00200653076172,9.386988883820331,0.2067121258317834,0.3678371084461363,-0.07733852355378461,3.455222723118616,0.1070053708735386,0.2839033348539006,0.0,2780.4076452707427,4133.781599452806,2528.0358206768055,3613.193035007616
3.0,-41.51817321777344,11.178580284118652,-59.4235725402832,9.386959811986195,0.20677573604712682,0.367961337295134,-0.07746952310967561,3.456396040441071,0.10704224560788171,0.2839120564041416,0.0,2780.1919293964575,4134.025530265453,2527.837094462914,3613.362860971655
3.02,-41.42728805541992,11.014251708984375,-59.84532165527344,9.386929081800952,0.20683986401520305,0.3680863114439357,-0.07760128834753417,3.457578332111799,0.10707931967878882,0.28392127545971435,0.0,2779.9745266661835,4134.271299446319,2527.636859656866,3613.534004925554
3.04,-41.33762741088867,10.849258422851562,-60.26716613769531,9.386896697795228,0.20690447372564236,0.36821200661449127,-0.07773316979076585,3.4587652490381697,0.10711668074569648,0.2839309906614316,0.0,2779.7562257414356,4134.517976107338,2527.4358768069164,3613.70584865479
3.06,-41.24917984008789,10.683609008789062,-60.689205169677734,9.386862653246864,0.20696961172462452,0.36833845974742063,-0.07786574223684833,3.4599606135733816,0.10715423295904142,0.2839412040259409,0.0,2779.536334172045,4134.766378519403,2527.2334772633353,3613.878934830314
3.08,-41.161956787109375,10.517313957214355,-61.111351013183594,9.38682695409076,0.20703523141586627,0.368465638999738,-0.07799837007756226,3.4611602012299727,0.10719205794947813,0.2839519137727722,0.0,2779.3156173688644,4135.015602119685,2527.030400178281,3614.0526635922674
3.1,-41.07596206665039,10.350380897521973,-61.533660888671875,9.38678959544966,0.2071013668180873,0.36859357118023595,-0.0781315996124505,3.46236766301257,0.10723010626979353,0.2839631213651021,0.0,2779.0934134843847,4135.266428368718,2526.826007054069,3614.2275537107917
3.12,-40.9911994934082,10.182817459106445,-61.95615768432617,9.386750579078615,0.20716800091228554,0.3687222460684926,-0.07826509426240603,3.463580749540556,0.10726836016438639,0.28397482627641535,0.0,2778.870130377743,4135.5183756776305,2526.620691363412,3614.4032854847433
3.14,-40.907684326171875,10.014633178710938,-62.378726959228516,9.386709908717595,0.2072351066354345,0.36885164397974474,-0.0783987576101014,3.4647988596878947,0.1073069345015598,0.2839870273847215,0.0,2778.645876066768,4135.771315004758,2526.4145587016264,3614.5797744312868
3.16,-40.825408935546875,9.845837593078613,-62.80149459838867,9.386667573317535,0.2073027595679762,0.36898182281503983,-0.07853332752147035,3.4660268553501816,0.10734570266071046,0.28399972800473955,0.0,2778.4197706828395,4136.026287636878,2526.206758022865,3614.757709918171
3.18,-40.744384765625,9.676440238952637,-63.22441482543945,9.386623578961006,0.20737090838410796,0.3691127480558578,-0.07866795171695747,3.467259057351424,0.10738471165783191,0.28401292631169833,0.0,2778.192843577092,4136.282077605652,2525.9982828744915,3614.936285159144
3.2,-40.664615631103516,9.506449699401855,-63.6474494934082,9.386577925195693,0.20743955504614067,0.3692444221022439,-0.07880296555088383,3.468497741510958,0.10742400277041013,0.284026622441292,0.0,2777.9646814007556,4136.539171769998,2525.7887355958055,3615.1158242946476
3.22,-40.58610153198242,9.335874557495117,-64.07067108154297,9.386530606315665,0.20750873482748947,0.3693768732865734,-0.07893862422420601,3.4697445728660363,0.10746350507230083,0.2840408181053006,0.0,2777.7349832317723,4136.797926820215,2525.577824593587,3615.2965630157305
3.24,-40.508853912353516,9.164724349975586,-64.4940414428711,9.38648162615505,0.20757841382473188,0.3695100789886709,-0.07907445563217262,3.470996421353115,0.10750325986329642,0.2840555121534852,0.0,2777.5043160751593,4137.057672400128,2525.3660976570504,3615.478056975308
3.26,-40.4328727722168,8.99300765991211,-64.91752624511719,9.386430982903706,0.20764860173922434,0.36964404746828716,-0.07921074532636052,3.47225520611976,0.10754330484277949,0.28407070512888827,0.0,2777.2723317611144,4137.318819228945,2525.1532192456984,3615.660579122415
3.28,-40.35816955566406,8.820734977722168,-65.34119415283203,9.386378670184259,0.20771933634859843,0.3697788095918248,-0.07934771993936786,3.4735223922069873,0.1075835701584273,0.2840863989447223,0.0,2777.0387658385525,4137.581681260937,2524.93893264569,3615.8443365180187
3.3,-40.28474044799805,8.64791488647461,-65.76499938964844,9.38632469113474,0.20779058632563166,0.36991434553686814,-0.07948491116818311,3.474794877411861,0.10762410423388459,0.2841025926595778,0.0,2776.8041802629377,4137.845594013448,2524.723780846935,3616.0288887740267
3.32,-40.21259307861328,8.474555015563965,-66.18898010253906,9.386269042447909,0.2078623689304718,0.370050670431528,-0.0796226466150249,3.4760748534110397,0.1076648752277476,0.2841192872656274,0.0,2776.5681776795554,4138.111026574662,2524.5073805800653,3616.2145473490577
3.34,-40.1417350769043,8.30066967010498,-66.61307525634766,9.38621172501176,0.20793466973999283,0.3701877759454281,-0.07976071214658183,3.4773609066054187,0.10770593637281169,0.28413648249647194,0.0,2776.3310140792864,4138.377676049883,2524.289979369569,3616.40111164407
3.36,-40.072166442871094,8.126262664794922,-67.037353515625,9.386152732942161,0.20800752208369327,0.3703256895960413,-0.07989945166789121,3.478655303779881,0.10774723186382347,0.2841541801173516,0.0,2776.0922792350934,4138.646027903953,2524.071180437413,3616.5889030613216
3.38,-40.0038948059082,7.951346397399902,-67.46179962158203,9.38609206794454,0.20808090309037583,0.370464397794673,-0.08003848753858829,3.4799555456442697,0.10778877207210437,0.2841723796166379,0.0,2775.852425879385,4138.915546702946,2523.8514213187304,3616.7775668081345
3.4,-39.93691635131836,7.775929927825928,-67.88642120361328,9.386029730134036,0.2081548046166958,0.37060389621626294,-0.08017790289071368,3.4812622170692626,0.1078305487163757,0.2841910809597893,0.0,2775.6113473673167,4139.186357337817,2523.630600067625,3616.9671865877754
3.42,-39.871253967285156,7.600021839141846,-68.31116485595703,9.385965720388416,0.20822921378889997,0.37074417586825975,-0.08031765233568149,3.4825750390383945,0.10787263237127426,0.28421028388347513,0.0,2775.369093756798,4139.458399827228,2523.408765772176,3617.1577232570667
3.44,-39.80689239501953,7.423632621765137,-68.73612213134766,9.385900030561361,0.2083041795731019,0.37088527478648753,-0.08045818803091205,3.4838969684538026,0.10791491405326542,0.28422999083159173,0.0,2775.125130349058,4139.732307765071,2523.1854005112064,3617.3495956508623
3.46,-39.74384307861328,7.246771812438965,-69.16117858886719,9.385832667009177,0.20837964650565033,0.3710271537484607,-0.08059878665094104,3.4852232345158076,0.10795752609601149,0.28425019989724676,0.0,2774.8803208663976,4140.007059092464,2522.9613395533192,3617.5421269877884
3.48,-39.68210983276367,7.069447994232178,-69.58643341064453,9.385763618762244,0.20845568412298554,0.37116986609169206,-0.08074032267995697,3.486559603143281,0.1080003631558338,0.2842709143713268,0.0,2774.6336215437605,4140.28388897053,2522.73557343162,3617.7361350809692
3.5,-39.62169647216797,6.891672134399414,-70.0118408203125,9.385692889178097,0.2085322545161324,0.37131338726840324,-0.08088207730904327,3.4879013083987154,0.10804347475400757,0.2842921332465709,0.0,2774.385895865796,4140.561776481734,2522.508936374694,3617.9309432147165
3.52,-39.56260681152344,6.713453769683838,-70.4374008178711,9.385620475016937,0.2086093711400009,0.37145772934237786,-0.081024391703489,3.489250630654649,0.10808686393805214,0.28431385749491883,0.0,2774.136730375978,4140.841209810729,2522.281029505476,3618.126875462507
3.54,-39.50484848022461,6.534801483154297,-70.86314392089844,9.385546372818533,0.2086870456860624,0.37160290392495227,-0.08116727264845534,3.4906076006223086,0.10813050299608061,0.28433608815444006,0.0,2773.886119917212,4141.1221955221645,2522.0518473805287,3618.3239357795846
3.56,-39.44841766357422,6.35572624206543,-71.28904724121094,9.38547058291125,0.20876526314415148,0.3717489026581701,-0.08131053567885388,3.4919710131826367,0.10817441384978008,0.2843588251266251,0.0,2773.634282496492,4141.404475222567,2521.8216011902446,3618.5219533707145
3.58,-39.3933219909668,6.176237106323242,-71.71514129638672,9.385393102671323,0.2088440305226683,0.37189573282219107,-0.08145432994123282,3.493341865663774,0.10821856687853589,0.2843820691986032,0.0,2773.3810373048746,4141.688262365147,2521.590116519157,3618.721069946225
3.6,-39.33956527709961,5.996344566345215,-72.14137268066406,9.385313933258894,0.20892332804535962,0.3720433811905092,-0.08159846307891004,3.4947189069298497,0.10826302542840037,0.2844058200223317,0.0,2773.1266105021728,4141.97328868139,2521.3576126561134,3618.9211083543
3.62,-39.28715133666992,5.8160576820373535,-72.56779479980469,9.385233067608157,0.2090031936618351,0.37219187770351037,-0.08174334874132132,3.4961048474187866,0.10830773138437434,0.28443007971755296,0.0,2772.870511790812,4142.260134964928,2521.1236148611583,3619.12245267331
3.64,-39.23607635498047,5.635385990142822,-72.9943618774414,9.385150506627584,0.2090836060739376,0.37234120928263,-0.08188858956369634,3.4974970623195922,0.1083527401795672,0.2844548480117249,0.0,2772.6132165671997,4142.548238784729,2520.8885827362747,3619.324730358343
3.66,-39.18635940551758,5.454341411590576,-73.4211196899414,9.385066244097475,0.20916459544838198,0.37249140100635475,-0.08203455067279829,3.4988979529260877,0.10839799926270506,0.28448012677075757,0.0,2772.354290289117,4142.838114583389,2520.6520958027904,3619.528281842161
3.68,-39.13799285888672,5.272932052612305,-73.84805297851562,9.384980280921964,0.20924613943366077,0.3726424394031096,-0.08218087544599299,3.5003051765798556,0.10844353081726633,0.28450591572341094,0.0,2772.094157002464,4143.129260209322,2520.4145644448354,3619.7327748687103
3.7,-39.090980529785156,5.0911688804626465,-74.27519226074219,9.38489261494261,0.2093282400024072,0.3727943278046877,-0.08232772112044463,3.5017197923095327,0.10848929651369883,0.28453221551721714,0.0,2771.8326245191274,4143.421902291119,2520.1758035102675,3619.9383600998835
3.72,-39.045326232910156,4.909060955047607,-74.70243072509766,9.384803248726062,0.20941086668570832,0.37294704414004276,-0.08247484451107329,3.503140230755903,0.10853543492581975,0.2845590253821815,0.0,2771.5699762236977,4143.715704231598,2519.93608819192,3620.144815617058
3.74,-39.00102996826172,4.726619243621826,-75.12992858886719,9.38471216699428,0.2094941118972884,0.37310065945724946,-0.08262314229076402,3.5045723272077356,0.108581744642783,0.28458634990171594,0.0,2771.3051573472885,4144.011916944207,2519.69439587128,3620.352967535262
3.76,-38.958106994628906,4.543853282928467,-75.55753326416016,9.384619381411186,0.20957787485791105,0.3732551020719128,-0.08277126874919934,3.506007263093425,0.10862842674998019,0.2846141855766442,0.0,2771.0397634779465,4144.308650260997,2519.4522714442137,3620.561565814597
3.78,-38.91654586791992,4.36077356338501,-75.98535919189453,9.384524876907987,0.20966224929222038,0.3734104430516763,-0.08292057339196884,3.507453904625938,0.10867533196878637,0.2846425369276039,0.0,2770.7721899979956,4144.607804213581,2519.208161984428,3620.771867613484
3.8,-38.8763542175293,4.177389621734619,-76.41333770751953,9.384428658601102,0.20974717840525578,0.37356664399260064,-0.08307003629819198,3.5089055394556996,0.10872255439106654,0.2846714024196693,0.0,2770.50365212983,4144.907940202885,2518.963243179738,3620.982920742589
3.82,-38.83753967285156,3.9937124252319336,-76.84153747558594,9.384330719140507,0.20983269887986933,0.3737237343275428,-0.0832202969149058,3.5103663848614324,0.10877000767349931,0.2847007842578478,0.0,2770.2333862876753,4145.209961826696,2518.716776550726,3621.195323497345
3.84,-38.80009841918945,3.809751510620117,-77.26984405517578,9.384231062497129,0.2099187652658162,0.3738816823059605,-0.0833707792458907,3.5118326823915242,0.10881784273784044,0.2847306812508613,0.0,2769.962072201246,4145.51306324276,2518.469420778951,3621.4085434035837
3.86,-38.7640380859375,3.6255176067352295,-77.6983871459961,9.38412967307214,0.2100054692586839,0.3740405590799313,-0.08352247190325796,3.513310871675339,0.1088658937281463,0.28476109807835803,0.0,2769.6885456546133,4145.818624969692,2518.2200473251723,3621.623492331547
3.88,-38.7293586730957,3.4410204887390137,-78.12710571289062,9.384026557770008,0.21009273882761156,0.3742003159112275,-0.08367425027324438,3.514793586966506,0.1089142435846613,0.2847920326689975,0.0,2769.414139468715,4146.125067942556,2517.969946792096,3621.8391260865596
3.9,-38.69606018066406,3.25627064704895,-78.5560073852539,9.383921712065716,0.21018059051598859,0.3743609665909237,-0.08382669690560828,3.516284699521633,0.1089628832773826,0.2848234863802853,0.0,2769.1381520110413,4146.433221406858,2517.718441579151,3622.0559945509035
3.92,-38.66415023803711,3.0712785720825195,-78.98509216308594,9.38381513262571,0.21026902833452532,0.3745225162301832,-0.08397973971924845,3.517783726921668,0.10901181750189866,0.2848554602122871,0.0,2768.8606708568286,4146.742981916084,2517.465616165551,3622.274029039452
3.94,-38.633628845214844,2.886054515838623,-79.41436004638672,9.383706815734435,0.21035805865108978,0.3746849720153308,-0.08413340415188299,3.5192908317098577,0.10906104844472371,0.2848879552796696,0.0,2768.5816667477866,4147.054384257015,2517.2114420677813,3622.4932524210676
3.96,-38.60449981689453,2.700608730316162,-79.84381866455078,9.383596757604227,0.21044768738563546,0.3748483411658973,-0.084287697552844,3.520806058732093,0.10911056978251994,0.28492097271873185,0.0,2768.301131721312,4147.367437951803,2516.9559114523677,3622.7136708818375
3.98,-38.57676315307617,2.514951705932617,-80.27345275878906,9.383484955442276,0.21053791309012687,0.3750126254693336,-0.08444257375929752,3.5223291115063837,0.10916040414440145,0.2849545133673173,0.0,2768.0191193738956,4147.682079263367,2516.699076397403,3622.935242419891
4.0,-38.55042266845703,2.3290936946868896,-80.70329284667969,9.383371403677826,0.21062875289864624,0.37517784086818995,-0.08459817565443206,3.5238609186717853,0.10921051370648475,0.2849885788966523,0.0,2767.735461931374,4147.998507184022,2516.4407741892533,3623.158098400912
4.02,-38.52547836303711,2.14304518699646,-81.1333236694336,9.383256101883571,0.2107201873458073,0.3753439760107139,-0.08475424819648797,3.5253998292716227,0.10926092129491413,0.28502316943492867,0.0,2767.450457785825,4148.316367466861,2516.1812943993145,3623.382005099761
4.04,-38.50193405151367,1.9568170309066772,-81.56352996826172,9.383139046482174,0.2108122209357871,0.37551103627723204,-0.084910950958547,3.5269469057842517,0.10931165116040653,0.28505828605534766,0.0,2767.1639143511634,4148.635887625232,2515.920451101295,3623.607113432693
4.06,-38.47978973388672,1.7704191207885742,-81.99394226074219,9.383020230919335,0.21090487645608377,0.3756790414797912,-0.08506843237063803,3.5285030992684114,0.10936266448681668,0.2850939307241994,0.0,2766.875660084338,4148.957271603342,2515.6580774822796,3623.833557658575
4.08,-38.459049224853516,1.583862066268921,-82.42454528808594,9.382899654063454,0.2109981376898033,0.37584798281856346,-0.0852264261630325,3.5300666788966217,0.10941398663324041,0.28513010378096376,0.0,2766.5860079845065,4149.280148076122,2515.3944770438184,3624.0610925766787
4.1,-38.43971633911133,1.3971569538116455,-82.85533905029297,9.382777311413804,0.21109201349661252,0.376017869396942,-0.08538510528153613,3.531638786856238,0.10946561993528818,0.2851668065758588,0.0,2766.2947512259802,4149.604761710936,2515.1294498056177,3624.289880221173
4.12,-38.42178726196289,1.2103135585784912,-83.28630065917969,9.382653198346105,0.21118651166349567,0.3761887100054456,-0.0855444756422491,3.533219456330358,0.10951760137543826,0.28520404049616843,0.0,2766.001884014998,4149.931119525598,2514.862989965724,3624.5199250626306
4.14,-38.40526580810547,1.0233429670333862,-83.71751403808594,9.382527305881528,0.21128166761956177,0.3763605355063582,-0.0857047633637218,3.5348101321447527,0.1095698105306181,0.2852418082355417,0.0,2765.7071458425253,4150.259531414567,2514.5948440470784,3624.751430982781
4.16,-38.390159606933594,0.8362558484077454,-84.14888763427734,9.382399640994773,0.21137740683228132,0.3765332937760683,-0.08586517311889781,3.53640569309327,0.10962238797171812,0.28528010770156803,0.0,2765.4114616046277,4150.588898428509,2514.3259105353827,3624.9836737152154
4.18,-38.37645721435547,0.6490623950958252,-84.58043670654297,9.382270191638076,0.2114737914960995,0.3767070324953386,-0.08602665822034448,3.53801235347115,0.10967531034453475,0.28531894250857714,0.0,2765.1137074175476,4150.9205531124235,2514.0551001567037,3625.2175335904685
4.2,-38.364173889160156,0.4617736339569092,-85.01223754882812,9.38213894976348,0.21157084619505714,0.3768817752413151,-0.08618901608467679,3.539628732228861,0.10972847243034303,0.2853583150709561,0.0,2764.8141345826743,4151.254199604213,2513.782654459741,3625.452813432673
4.22,-38.35330581665039,0.2743999660015106,-85.4442367553711,9.382005921413066,0.2116685011441329,0.3770574739280783,-0.08635155608466916,3.541250402050084,0.10978195551831176,0.28539822357608013,0.0,2764.513542297007,4151.588887601606,2513.509350457656,3625.6888874780643
4.24,-38.343849182128906,0.08695224672555923,-85.87640380859375,9.381871101070168,0.21176677310121644,0.3772341414349467,-0.08651485213613336,3.542881142754236,0.10983580664880707,0.2854386696789497,0.0,2764.2112460472167,4151.9254272985245,2513.23452600579,3625.926292062528
4.26,-38.33580780029297,-0.10055894404649734,-86.30880737304688,9.381734477398856,0.21186571243506377,0.37741181808950003,-0.08667918777088586,3.54452273839424,0.10988992621970624,0.28547965678034315,0.0,2763.9069246599956,4152.264201746122,2512.9578677032873,3626.165278443819
4.28,-38.32918930053711,-0.28812283277511597,-86.74138641357422,9.3815960528002,0.21196527259896822,0.3775904729357531,-0.08684388593807885,3.546170806583559,0.1099444151884438,0.28552118415994004,0.0,2763.601370198595,4152.6042706474,2512.680144213524,3626.405226250734
4.3,-38.3239860534668,-0.4757286608219147,-87.17416381835938,9.381455816274277,0.2120655029532779,0.3777701455291295,-0.08700962648103801,3.5478297595205652,0.10999923742289605,0.2855632551177168,0.0,2763.2937851162337,4152.946580328306,2512.400581885545,3626.6467600977885
4.32,-38.32020568847656,-0.6633657813072205,-87.607177734375,9.381313762294303,0.21216640832594677,0.37795084473356655,-0.08717613555155816,3.5494977912733123,0.11005434061224097,0.28560587131170917,0.0,2762.9844967040026,4153.290743400209,2512.1194972248786,3626.8896234487065
4.34,-38.317840576171875,-0.8510233163833618,-88.04037475585938,9.381169892320983,0.21226794841972432,0.37813254435110244,-0.08734307402110997,3.551172755615878,0.11010980739686499,0.28564903230370503,0.0,2762.6738918547144,4153.6362987757575,2511.837267309106,3627.1335134568017
4.36,-38.31690216064453,-1.038690447807312,-88.47378540039062,9.381024196630934,0.21237016192443303,0.3783152758738408,-0.08751100027430192,3.552858278700594,0.11016559932321421,0.28569274101071984,0.0,2762.3613150439974,4153.984024157401,2511.553256343371,3627.378943511757
4.38,-38.3173828125,-1.2263565063476562,-88.90744018554688,9.380876671062806,0.21247304424130817,0.3784990401229032,-0.08767963459483513,3.55455253520318,0.11022166633403108,0.2857369986811582,0.0,2762.047096624286,4154.333527846277,2511.267784429099,3627.625654762544
4.4,-38.31928634643555,-1.4140104055404663,-89.34127044677734,9.380727317894642,0.2125765504104995,0.37868380574723853,-0.087848660313252,3.5562535346092456,0.11027812392757995,0.2857818046316073,0.0,2761.7315950651982,4154.684382114955,2510.981201415829,3627.873366673139
4.42,-38.32261657714844,-1.6016417741775513,-89.77532958984375,9.380576123906948,0.21268074298944223,0.37886962102718913,-0.08801885060536352,3.557966260392968,0.11033489327498314,0.28582716282791554,0.0,2761.4139101917035,4155.037656294746,2510.692632979658,3628.122784101809
4.44,-38.32736587524414,-1.7892392873764038,-90.20960235595703,9.380423087023953,0.21278560132132698,0.3790564746236661,-0.08818964802634625,3.559687086955433,0.11039199627634205,0.28587307389281413,0.0,2761.094697789135,4155.392572450309,2510.4027149624485,3628.373393309896
4.46,-38.33354187011719,-1.976792573928833,-90.64404296875,9.380268202315376,0.2128911281366309,0.37924437144730055,-0.088361208291025,3.5614170454802587,0.11044951982334479,0.28591953930538716,0.0,2760.7737710334245,4155.749351498033,2510.1112667945717,3628.625340660693
4.48,-38.34114074707031,-2.164290189743042,-91.07876586914062,9.380111453939168,0.2129973961480843,0.379433370973623,-0.08853408146974928,3.563159630013718,0.11050727210668208,0.2859665638182495,0.0,2760.4505000643985,4156.108743508354,2509.817674960007,3628.879119088947
4.5,-38.35016632080078,-2.35172176361084,-91.513671875,9.379952851933798,0.21310429877395903,0.37962339885128266,-0.08870697819964964,3.564906583651539,0.11056542743624226,0.2860141444198607,0.0,2760.126375449676,4156.468975704008,2509.523388984363,3629.1335615173502
4.52,-38.36061477661133,-2.5390758514404297,-91.94879913330078,9.379792382422217,0.2132119026888783,0.37981450613590956,-0.08888110092943464,3.566665697716768,0.11062392129222214,0.286062285273335,0.0,2759.7999887688366,4156.831719743436,2509.2270422576776,3629.389770993188
4.54,-38.37248992919922,-2.72634220123291,-92.38416290283203,9.379630040694439,0.21332020194070916,0.3800066926999932,-0.08905597845715967,3.568433897603781,0.11068273658260454,0.28611098779166844,0.0,2759.471896445406,4157.196315866339,2508.929173971966,3629.6473115525328
4.56,-38.38578796386719,-2.9135093688964844,-92.8197021484375,9.3794658244524,0.21342917766695355,0.3801999476490421,-0.0892315048501785,3.5702105358185143,0.11074197839449235,0.2861602526642802,0.0,2759.1422147422377,4157.562624642088,2508.6298981947903,3629.906092243762
4.58,-38.4005126953125,-3.1005663871765137,-93.25550079345703,9.379299717757632,0.2135389021188396,0.3803943292110665,-0.08940836627860442,3.5719999899715815,0.11080150816658674,0.28621008467271025,0.0,2758.8101539424633,4157.931585827043,2508.328446359996,3630.166731220442
4.6,-38.41666030883789,-3.2875027656555176,-93.69153594970703,9.379131723767985,0.21364931224237513,0.38058979608331545,-0.08958561164948366,3.5737961607808013,0.11086136879716571,0.2862604828696044,0.0,2758.476815459389,4158.301889753007,2508.025889255554,3630.428366026239
4.62,-38.43423080444336,-3.47430682182312,-94.12775421142578,9.378961839247689,0.21376039769016292,0.3807863421434431,-0.08976356736852896,3.575601223944119,0.11092165614283747,0.28631144822569343,0.0,2758.1418046317904,4158.67400262483,2507.721845944541,3630.6913059806266
4.64,-38.45323181152344,-3.660968542098999,-94.56422424316406,9.378790048373554,0.2138722293566271,0.38098402335983694,-0.08994285446359067,3.577419120678252,0.11098226270248013,0.28636298548793365,0.0,2757.804410870627,4159.048770775503,2507.4156241871697,3630.9561072091883
4.66,-38.47365188598633,-3.8474764823913574,-95.00091552734375,9.378616350513637,0.2139847688995239,0.3811828165232278,-0.09012272128968842,3.57924501551148,0.1110432377388354,0.28641509484590894,0.0,2757.465507772763,4159.425155972425,2507.1080727630547,3631.2220855556257
4.68,-38.49549865722656,-4.033819675445557,-95.43783569335938,9.378440738375685,0.21409802871060093,0.3813827343409221,-0.09030351418824833,3.581081167692629,0.11110457767351081,0.2864677784872944,0.0,2757.1246866385018,4159.803642737338,2506.798795576823,3631.489561124021
4.7,-38.51876449584961,-4.219986438751221,-95.87499237060547,9.378263205288814,0.21421201407195178,0.3815837846336565,-0.09048519720022175,3.582927346600659,0.11116626519436379,0.2865210384133558,0.0,2756.7819892288085,4160.184181332486,2506.4878332221633,3631.758501142901
4.72,-38.54344940185547,-4.4059672355651855,-96.31237030029297,9.37808374702689,0.2143267139482887,0.38178596264529874,-0.09066765258783564,3.5847828171438976,0.11122833995214933,0.2865748758919329,0.0,2756.437547923345,4160.566613563854,2506.1753150511177,3632.0288019776162
4.74,-38.56956100463867,-4.591749668121338,-96.74999237060547,9.377902354193669,0.21444215243563877,0.381989289740272,-0.09085114230729512,3.586649256549569,0.11129076386795378,0.2866292937418994,0.0,2756.091060016161,4160.951299393682,2505.860946657144,3632.3007005597397
4.76,-38.59709167480469,-4.7773237228393555,-97.18782806396484,9.377719022775315,0.21455831489021568,0.3821937588611913,-0.09103539896461064,3.588524959950805,0.11135359847209689,0.2866842931674055,0.0,2755.7428332482796,4161.337872473211,2505.5450275462354,3632.5739558991318
4.78,-38.626041412353516,-4.962677478790283,-97.6259536743164,9.37753374082579,0.2146752406972536,0.3823994035400504,-0.0912208283025283,3.590412512690998,0.11141670138395393,0.28673987775226306,0.0,2755.3924012601606,4161.726887874942,2505.2271037221913,3632.848933000389
4.8,-38.656410217285156,-5.147799968719482,-98.06427764892578,9.37734651534131,0.21479284059398487,0.382606159989223,-0.09140647887994435,3.5923058963357644,0.11148025076809769,0.28679604539760695,0.0,2755.040849060722,4162.117052360288,2504.908232842319,3633.1247826033486
4.82,-38.68819808959961,-5.332681655883789,-98.5028076171875,9.377157328967384,0.2149111966939891,0.38281408997760186,-0.0915935720219813,3.594212918310441,0.11154424648435728,0.28685280130978497,0.0,2754.6867672957037,4162.510042572679,2504.587043857538,3633.402608061993
4.84,-38.721397399902344,-5.51731014251709,-98.94158172607422,9.37696616583037,0.21503036687938568,0.38302324340477123,-0.09178203424169477,3.596132996870045,0.11160860978777913,0.2869101502508892,0.0,2754.3302637201864,4162.9057343301965,2504.2636377811946,3633.682324418815
4.86,-38.75601577758789,-5.701674461364746,-99.38065338134766,9.376773021862695,0.21515032673972312,0.38323361091237407,-0.09197130535221708,3.598062557896455,0.11167324794610232,0.28696809344119156,0.0,2753.9719836632103,4163.30335959794,2503.938642548834,3633.9634263512003
4.88,-38.79204559326172,-5.885764122009277,-99.81995391845703,9.376577904639664,0.2152709818355548,0.3834451257007602,-0.09216080519902854,3.5999980391012287,0.1117382967305977,0.28702662860810085,0.0,2753.612567002685,4163.7021516734885,2503.6126855728135,3634.245413452555
4.9,-38.829490661621094,-6.069567680358887,-100.25943756103516,9.37638080232289,0.2153923757104692,0.383657819671565,-0.09235148798945413,3.6019455714796913,0.11180385480678247,0.28708575930313296,0.0,2753.2509061921805,4164.103426967744,2503.284690498797,3634.5291529368956
4.92,-38.86834716796875,-6.2530741691589355,-100.69923400878906,9.376181691094482,0.21551461986993317,0.3838717813928106,-0.09254395079841991,3.603908823248949,0.11186966929346365,0.2871454926716554,0.0,2752.886342530175,4164.507974493635,2502.95401149167,3634.8151597700635
4.94,-38.90861129760742,-6.436271667480469,-101.13923645019531,9.375980582114485,0.21563758576316563,0.3840869217976841,-0.0927364634711847,3.605876826838939,0.1119359516030043,0.28720582536565453,0.0,2752.520854117446,4164.913437440961,2502.6225759400418,3635.1018855386505
4.96,-38.950279235839844,-6.619150638580322,-101.57948303222656,9.375777457397065,0.2157613541274661,0.3843033033669158,-0.09293049851303413,3.607859001554098,0.11200263724988524,0.28726676278088037,0.0,2752.152740360943,4165.321838755246,2502.288729660606,3635.3906616530467
4.98,-38.99335861206055,-6.801699638366699,-102.0199966430664,9.375572308437754,0.21588592902273357,0.38452093534212334,-0.09312556691682246,3.6098521845256584,0.11206969034699374,0.28732830746867394,0.0,2751.782573309877,4165.732499081363,2501.9530279059036,3635.6810399694723
5.0,-39.037841796875,-6.983907222747803,-102.46076965332031,9.375365131895295,0.21601128307916578,0.38473980253464574,-0.09332143041200565,3.6118549044492063,0.11213712469083388,0.2873904604314115,0.0,2751.410617576618,4166.145101655615,2501.615729792218,3635.972813447439
5.02,-39.08372497558594,-7.1657633781433105,-102.90177917480469,9.375155922172034,0.21613740737017012,0.38495990120266627,-0.09351819893539563,3.613867908875316,0.11220499684567399,0.28745322334838974,0.0,2751.0367372620253,4166.559806430173,2501.2767046195268,3636.266088605312
5.04,-39.13100814819336,-7.347255229949951,-103.34303283691406,9.374944666201369,0.21626434129063205,0.38518126412125697,-0.09371624371820819,3.615893536297147,0.11227328923135083,0.28751660013958935,0.0,2750.66051102533,4166.977115861337,2500.9355413201115,3636.561195090863
5.06,-39.179691314697266,-7.528372764587402,-103.78455352783203,9.374731354086151,0.21639209784143154,0.38540390667141117,-0.09391541442925495,3.617930803294499,0.11234196661641532,0.2875805937741546,0.0,2750.2821170948278,4167.3968186476495,2500.592412481319,3636.857993160157
5.08,-39.22977066040039,-7.709105014801025,-104.22633361816406,9.374515981015822,0.21652065659821287,0.3856278189474839,-0.09411546869213772,3.6199782025329483,0.11241104944406631,0.28764520569525337,0.0,2749.9018268336963,4167.818590327932,2500.247583468,3637.1562704364014
5.1,-39.28124237060547,-7.889440536499023,-104.66835021972656,9.37429853927549,0.21665001895869887,0.38585300578362497,-0.09431655357450346,3.6220367003610967,0.11248058904073535,0.2877104382173531,0.0,2749.5194652752352,4168.242638018218,2499.9008849362817,3637.4561639358635
5.12,-39.3341064453125,-8.069369316101074,-105.11066436767578,9.374079014616482,0.21678022719837525,0.3860795036176527,-0.09451899765919865,3.6241083523766053,0.11255046759416915,0.2877762956150553,0.0,2749.1346624143357,4168.669403477692,2499.551955400212,3637.757963058384
5.14,-39.38835906982422,-8.248879432678223,-105.55320739746094,9.373857408907817,0.21691121434215238,0.38630726696093265,-0.09472199761655958,3.626188122626117,0.11262083305277366,0.2878427773276549,0.0,2748.7483254432286,4169.0978036516635,2499.201680720892,3638.060957852763
5.16,-39.44399642944336,-8.427959442138672,-105.99600982666016,9.373633703886748,0.21704305299022267,0.38653635295091215,-0.09492656870728527,3.6282824307732024,0.11269162233073601,0.2879098888339756,0.0,2748.3592968378944,4169.52921820586,2498.848932434288,3638.3660542149055
5.18,-39.50102233886719,-8.606598854064941,-106.4390869140625,9.373407890759403,0.21717574258744898,0.3867667676493946,-0.09513223562962751,3.630388231101595,0.11276281633556387,0.28797763277217925,0.0,2747.9681269244043,4169.962992548126,2498.494245633209,3638.6728211146237
5.2,-39.559425354003906,-8.78478717803955,-106.88240051269531,9.373179963636115,0.21730926619413773,0.38699850395723956,-0.0953388716300866,3.632504761699359,0.11283450114537305,0.28804601090916543,0.0,2747.5749523542436,4170.398962261123,2498.137754833998,3638.981151666384
5.22,-39.61920928955078,-8.962512969970703,-107.3260269165039,9.372949905332483,0.2174436811548913,0.38723161073932977,-0.09554704704869703,3.6346356043815233,0.11290651583286596,0.2881150284002551,0.0,2747.179127967482,4170.837897177577,2497.7788302177823,3639.291550615407
5.24,-39.68037033081055,-9.139764785766602,-107.76990509033203,9.372717720618198,0.21757889590213103,0.3874660251705695,-0.09575566231142534,3.636773889278544,0.1129789996034775,0.28818468381454065,0.0,2746.781890907661,4171.278319453168,2497.418680653612,3639.603049909383
5.26,-39.74290084838867,-9.316532135009766,-108.21405029296875,9.372483394733273,0.21771495823600784,0.38770178461797367,-0.09596569964061609,3.6389258514309124,0.11305192319368204,0.2882549815800182,0.0,2746.382116235473,4171.721569023486,2497.05621028314,3639.916530066692
5.28,-39.80680465698242,-9.492804527282715,-108.65846252441406,9.372246917374856,0.21785187782595308,0.3879389004569107,-0.09617692466467494,3.641089976965558,0.11312530248834646,0.28832592478754326,0.0,2745.98007779309,4172.16732052624,2496.691684973012,3640.231776502103
5.3,-39.8720703125,-9.668569564819336,-109.10311889648438,9.372008276748817,0.21798967382949452,0.3881773921120974,-0.09638942988934547,3.6432668357571494,0.1131991812596291,0.28839751697535493,0.0,2745.575673280463,4172.61569639273,2496.3250044241026,3640.5488691097394
5.32,-39.93870544433594,-9.843817710876465,-109.54806518554688,9.371767456033366,0.21812839469200654,0.3884173031831732,-0.09660348027643322,3.645458054457091,0.11327347896016536,0.28846976318999024,0.0,2745.1686106719235,4173.067046435088,2495.9558822291906,3640.868036118352
5.34,-40.00669860839844,-10.018537521362305,-109.9933090209961,9.371524450088245,0.21826800796116108,0.38865861791859563,-0.09681850418669265,3.6476600626917577,0.11334817251712413,0.28854266497352654,0.0,2744.7595331547577,4173.520602233912,2495.58494687041,3641.188774160906
5.36,-40.07604217529297,-10.192716598510742,-110.43880462646484,9.3712792563912,0.2184084705635509,0.3889013087516528,-0.09703437513201607,3.6498721630726494,0.11342336347497485,0.28861622308264023,0.0,2744.3485643127383,4173.9762125767775,2495.212322302432,3641.510986856023
5.38,-40.146751403808594,-10.366347312927246,-110.88460540771484,9.371031858333355,0.21854983395393932,0.3891454174434327,-0.09725178997863006,3.6520987333298573,0.1134989704424687,0.28869044249999354,0.0,2743.9349153230537,4174.434818686819,2494.837238542222,3641.8352913996
5.4,-40.21880340576172,-10.539416313171387,-111.33070373535156,9.370782250826336,0.21869206773526734,0.3893909259907774,-0.09747016966474738,3.654336143064231,0.11357498295421305,0.28876532475209926,0.0,2743.51924038005,4174.895639483391,2494.4603343885115,3642.1611757635733
5.42,-40.29220199584961,-10.711912155151367,-111.77702331542969,9.370530429790094,0.21883514112432478,0.38963781303531386,-0.09768947001167161,3.6565841809647357,0.11365159774442256,0.28884087106297185,0.0,2743.1015760511714,4175.358628769803,2494.0816477908097,3642.4886115358236
5.44,-40.366947174072266,-10.88382625579834,-112.22364807128906,9.370276365026383,0.2189791921803482,0.38988618593420343,-0.09791100156269421,3.658850955643415,0.11372863677278222,0.28891709049208514,0.0,2742.680463942045,4175.825531485,2493.699750881292,3642.818739333202
5.46,-40.44302749633789,-11.055146217346191,-112.67059326171875,9.370020052374644,0.21912417310051308,0.3901360189190577,-0.09813347577592547,3.6611283580235576,0.11380605023031043,0.2889939842876069,0.0,2742.257366130641,4176.294603258875,2493.3160702502955,3643.150414763906
5.48,-40.52043914794922,-11.225861549377441,-113.11778259277344,9.369761493854917,0.2192700080115096,0.390387259591774,-0.09835660432978892,3.6634147258025305,0.1138840370499338,0.28907155184352507,0.0,2741.8325789145456,4176.765484864765,2492.9309001932884,3643.483406513416
5.5,-40.59919357299805,-11.395960807800293,-113.56527709960938,9.369500663967408,0.21941680432459137,0.3906399911790508,-0.09858175265523965,3.665718568296649,0.113962465358988,0.2891498008097777,0.0,2741.4045702842336,4177.24000698573,2492.542742944934,3643.8189130779188
5.52,-40.67926788330078,-11.565434455871582,-114.01305389404297,9.369237556400428,0.21956453032627657,0.3908941974063791,-0.09880795965941859,3.6680338433931845,0.1140413881245248,0.2892287330798716,0.0,2740.9744295497153,4177.716869693032,2492.152661607791,3644.156081829543
5.54,-40.76066589355469,-11.734270095825195,-114.4611587524414,9.368972157951852,0.21971320552706086,0.39114989883717893,-0.09903559658938282,3.670362898348786,0.11412069343214311,0.28930835261444443,0.0,2740.5417334626804,4178.196577452931,2491.760243491529,3644.495243934566
5.56,-40.84337615966797,-11.902458190917969,-114.90953826904297,9.368704470292922,0.2198627517715697,0.39140704084452155,-0.09926390862197332,3.6727011072076956,0.11420052545991714,0.2893886589121234,0.0,2740.107313257302,4178.678133811955,2491.3663039625626,3644.8357492897712
5.58,-40.92741394042969,-12.069987297058105,-115.35820007324219,9.368434474865428,0.22001323031212416,0.3916656702198607,-0.09949390801084945,3.6750547913454734,0.11428089079734846,0.28946965754037174,0.0,2739.670030368772,4179.1628988237635,2490.9697303440407,3645.1784886511678
5.6,-41.012752532958984,-12.236845016479492,-115.80718994140625,9.368162153336662,0.22016468966824038,0.3919258288939115,-0.09972558195045333,3.6774237824544564,0.1143616400454551,0.2895513539990013,0.0,2739.229917275563,4179.6508368802515,2490.570551283941,3645.523436073812
5.62,-41.09939956665039,-12.40302562713623,-116.25645446777344,9.367887508240527,0.22031704190928647,0.3921874563128787,-0.09995790332406691,3.679801751692913,0.1144429702457884,0.289633747527842,0.0,2738.7881120670972,4180.14058508444,2490.169881883989,3645.8697013279166
5.64,-41.187347412109375,-12.568513870239258,-116.70601654052734,9.367610514939509,0.22047038406319738,0.3924506280382853,-0.10019224160483253,3.682197206471052,0.11452479402351919,0.28971684551814736,0.0,2738.343083457763,4180.63397435439,2489.7662241058206,3646.2184822446234
5.66,-41.27659225463867,-12.733299255371094,-117.1559066772461,9.367331161995114,0.22062471334203576,0.3927153498269347,-0.10042793337390976,3.6846059666829505,0.11460703893835646,0.2898006514014657,0.0,2737.895585461967,4181.130105163439,2489.360313491517,3646.5691885299298
5.68,-41.36712646484375,-12.89737319946289,-117.60607147216797,9.367049447929322,0.2207799677398449,0.3929815805670457,-0.1006645005353623,3.687025149673491,0.11468986881025109,0.2898851656212035,0.0,2737.446135091605,4181.628355907927,2488.9526588022795,3646.9214159845974
5.7,-41.458953857421875,-13.060723304748535,-118.05657958984375,9.366765348701495,0.2209362355418825,0.3932493903510142,-0.1009030728616855,3.6894617474627704,0.11477310231554184,0.28997039538955144,0.0,2736.9934744000666,4182.130231644661,2488.542028492267,3647.2761484837924
5.72,-41.55205535888672,-13.22334098815918,-118.50738525390625,9.366478865626597,0.22109343136116497,0.3935187209898969,-0.10114237446957135,3.691907879307036,0.11485686991390992,0.29005634031202093,0.0,2736.539021139414,4182.634035233622,2488.129811059001,3647.6322769539825
5.74,-41.64643859863281,-13.385212898254395,-118.95848846435547,9.366189981683611,0.2212515997518732,0.39378960776930366,-0.10138333793714889,3.694369360257738,0.11494117581945391,0.2901430054949167,0.0,2736.0817279854455,4183.141018110701,2487.7149826574496,3647.990620733309
5.76,-41.742088317871094,-13.546331405639648,-119.40991973876953,9.365898679979463,0.2214107753166022,0.3940620816552644,-0.10162594902278638,3.696846042940184,0.11502595214878526,0.29023039600616124,0.0,2735.621622938119,4183.651148872862,2487.2975686082436,3648.3511575121156
5.78,-41.839012145996094,-13.706683158874512,-119.86163330078125,9.36560495358203,0.221570926683793,0.3943361248733702,-0.10186972600554967,3.6993349661121857,0.11511133207706294,0.2903185139253909,0.0,2735.159238508186,4184.163789480266,2486.8780908802964,3648.7134706928455
5.8,-41.93719482421875,-13.866259574890137,-120.31369018554688,9.365308777815672,0.22173213880047354,0.39461180720855743,-0.10211557250911396,3.701841676652977,0.11519715249016381,0.29040736665529837,0.0,2734.6935777747085,4184.68013442834,2486.4555718422625,3649.0783397573814
5.82,-42.03662872314453,-14.02504825592041,-120.76602935791016,9.365010151169734,0.22189433852514986,0.39488908197976025,-0.10236233108265837,3.7043590555947556,0.11528357911120057,0.2904969546490797,0.0,2734.2259209870517,4185.198649989159,2486.031266364737,3649.444763283627
5.84,-42.1373176574707,-14.1830415725708,-121.21870422363281,9.364709049457382,0.22205760723311316,0.3951680161056326,-0.10261115794952873,3.706894242691005,0.1153705016765027,0.2905872851627855,0.0,2733.7549838517034,4185.720873410937,2485.6039165097327,3649.8137456915756
5.86,-42.23925018310547,-14.340225219726562,-121.67171478271484,9.364405464506689,0.22222191217768933,0.3954485939125908,-0.10286124670283792,3.7094422606351145,0.11545788841147882,0.29067836064799335,0.0,2733.2816620165627,4186.245732309009,2485.1743995525894,3650.184586256095
5.88,-42.342430114746094,-14.49659252166748,-122.12503051757812,9.364099392118325,0.2223872030427736,0.3957307825141263,-0.10311241147920354,3.712002066267933,0.11554588176495233,0.2907701823645025,0.0,2732.806140841158,4186.7730007044465,2484.7429006653992,3650.5571403314225
5.9,-42.446834564208984,-14.652131080627441,-122.57869720458984,9.363790808306614,0.22255355885485592,0.39601464484041693,-0.10336563698355465,3.7145797010568686,0.11563431330944861,0.2908627575080157,0.0,2732.3273343612473,4187.303979889077,2484.308354834885,3650.9322570449667
5.92,-42.55247116088867,-14.806829452514648,-123.03268432617188,9.36347971275049,0.22272089845360696,0.3963001252665157,-0.10361973337891807,3.7171678762001523,0.11572329224678769,0.29095608617485313,0.0,2731.8465527052645,4187.837099186005,2483.8720472726714,3651.3089117318546
5.94,-42.659324645996094,-14.96068000793457,-123.4869613647461,9.36316608951236,0.22288925200936124,0.39658724748474206,-0.10387549447104986,3.7197715145644428,0.11581293091424717,0.29105017314629206,0.0,2731.362909609237,4188.373418601624,2483.4331106475247,3651.6877976120395
5.96,-42.76740264892578,-15.11367130279541,-123.94155883789062,9.362849908331084,0.22305873165014137,0.3968761014035312,-0.10413363657803835,3.7223948880544793,0.11590315748253026,0.29114502750067484,0.0,2730.8756400756997,4188.913859497985,2482.990790349158,3652.0695122256807
5.98,-42.87668228149414,-15.265791893005371,-124.39653778076172,9.362531151221013,0.22322935773445626,0.39716671496372674,-0.10439357862560744,3.725034347457901,0.11599375545177162,0.29124065463369603,0.0,2730.385402486094,4189.457635963023,2482.5457289634896,3652.453540100706
6.0,-42.9871711730957,-15.417032241821289,-124.851806640625,9.362209829792501,0.2234009674506683,0.39745897420711934,-0.10465385746626156,3.7276811068863913,0.11608504533757283,0.2913370510622496,0.0,2729.8937721827187,4190.002852594743,2482.099478109512,3652.838649956973
6.02,-43.09886169433594,-15.5673828125,-125.30743408203125,9.361885910196822,0.22357370366143814,0.3977529884438677,-0.10491674481869312,3.730349096665602,0.1161768255317941,0.29143422694095344,0.0,2729.3982448548186,4190.55251080409,2481.649581553807,3653.226800138132
6.04,-43.21173858642578,-15.716833114624023,-125.76338958740234,9.361559387578625,0.22374750392912768,0.3980487186770322,-0.10518076811929529,3.7330292669316676,0.11626918454331936,0.29153218372641254,0.0,2728.9004481481447,4191.104660312169,2481.1976349780894,3653.6167174878115
6.06,-43.3257942199707,-15.865370750427246,-126.21968841552734,9.36123024492326,0.22392239446732756,0.3983461892490691,-0.10544656869336166,3.7357255821981723,0.11636205942658848,0.2916309265230222,0.0,2728.399668639695,4191.660154898321,2480.7429397032492,3654.0089599351923
6.08,-43.4410400390625,-16.012990951538086,-126.67633056640625,9.360898473886266,0.22409834211317944,0.39864537975863923,-0.1057136999717752,3.7384353417233687,0.11645553809228514,0.2917304578341202,0.0,2727.896391092199,4192.218411917382,2480.285972508167,3654.4031483941717
6.1,-43.55744934082031,-16.159677505493164,-127.13330841064453,9.360564054070002,0.22427539375033162,0.3989463288973574,-0.10598277470032101,3.7411622771154627,0.11654956412421653,0.2918307837789994,0.0,2727.3899452194973,4192.780235617231,2479.826075022859,3654.7998068001016
6.12,-43.67503356933594,-16.305423736572266,-127.59061431884766,9.360226973513555,0.22445353635643808,0.3992490322615849,-0.10625337149124635,3.7439038044592974,0.11664423484499511,0.2919319079459335,0.0,2726.880795692894,4193.345068895215,2479.3637029632346,3655.198571593942
6.14,-43.79376983642578,-16.450220108032227,-128.04833984375,9.35988720753503,0.22463283854850727,0.39955354762690865,-0.10652614824059607,3.7466638915855577,0.11673923019537973,0.2920338377394911,0.0,2726.368230762817,4193.913767272096,2478.8981558256014,3655.5999989348043
6.16,-43.913658142089844,-16.594053268432617,-128.50634765625,9.359544775216943,0.22481308916890785,0.399859719778303,-0.10679890152046097,3.749429290533321,0.11683499773268542,0.29213656743491717,0.0,2725.8546263782155,4194.483472677952,2478.431773258806,3656.002231750208
6.18,-44.034690856933594,-16.73691749572754,-128.9647216796875,9.35919963229036,0.22499449977206717,0.40016770431696436,-0.10707481065335563,3.752219301351799,0.11693130550469562,0.29224011031289177,0.0,2725.3365165302334,4195.058346845453,2477.961148860634,3656.407979684964
6.2,-44.156864166259766,-16.87879753112793,-129.42347717285156,9.35885176888794,0.22517703314865678,0.40047748101381814,-0.10735213289162159,3.7550231949442114,0.1170280591614287,0.29234446933361813,0.0,2724.815831601368,4195.636077441983,2477.4881744326576,3656.815732662765
6.22,-44.28016662597656,-17.019691467285156,-129.88259887695312,9.358501187952383,0.22536058556530617,0.40078897431553095,-0.10763026729258585,3.757837462486062,0.11712539280847732,0.2924496436142851,0.0,2724.2931984092656,4196.215906346502,2477.0134708978767,3657.2250011402866
6.24,-44.40459442138672,-17.159582138061523,-130.34207153320312,9.358147872223594,0.22554519135542123,0.4011022065947935,-0.10791020341335515,3.760668153878811,0.1172232980689553,0.2925556383329219,0.0,2723.7675292343747,4196.799137834365,2476.535970808991,3657.6366356105855
6.26,-44.53013610839844,-17.2984619140625,-130.8018798828125,9.35779180582553,0.22573086845005388,0.40141719019155336,-0.1081918544082782,3.76351467810458,0.11732185330904286,0.2926624582523411,0.0,2723.238931536521,4197.3856451801,2476.0557775027064,3658.050551636795
6.28,-44.65679168701172,-17.436323165893555,-131.2620849609375,9.357432963167703,0.22591769292715408,0.4017339844970085,-0.108475729703693,3.766380017107434,0.11742088648621823,0.2927701110496891,0.0,2722.7068722923696,4197.9760726222685,2475.572363100574,3658.46716528817
6.3,-44.78453826904297,-17.573152542114258,-131.72265625,9.357071343337324,0.22610557942346454,0.4020525294129463,-0.10876060430791756,3.769256780626584,0.11752044374118706,0.2928785969988027,0.0,2722.1726777295717,4198.56882573385,2475.087032609479,3658.8854397432515
6.32,-44.913387298583984,-17.70894432067871,-132.18353271484375,9.35670693782976,0.22629450400301512,0.4023728048611676,-0.10904686324880401,3.7721473851573832,0.11762083892089502,0.2929879186510721,0.0,2721.635911776336,4199.164424958806,2474.599360272269,3659.3057161947518
6.34,-45.0433235168457,-17.843685150146484,-132.64483642578125,9.356339695651576,0.22648470309802782,0.40269499160436995,-0.10933663681501843,3.7750644748237057,0.11772157596812483,0.2930980913045273,0.0,2721.094310145131,4199.7656002582735,2474.107110422051,3659.7297634454626
6.36,-45.174339294433594,-17.977367401123047,-133.10646057128906,9.355969636976768,0.22667594360733243,0.40301892459038313,-0.1096263724837086,3.7779866607771404,0.11782308015853339,0.29320910890696955,0.0,2720.551710667083,4200.367736160105,2473.6140611181745,3660.1545815588934
6.38,-45.306419372558594,-18.109981536865234,-133.56845092773438,9.35559672161439,0.22686840176783526,0.403344737286849,-0.10991913924880407,3.7809324754692337,0.1179251757217795,0.29332098351568303,0.0,2720.0047867791764,4200.974830958961,2473.1169394316976,3660.582770795937
6.4,-45.4395637512207,-18.241518020629883,-134.03082275390625,9.35522093566642,0.22706206043867744,0.40367242697649713,-0.1102135903527947,3.783893696703828,0.11802782836801998,0.293433719300074,0.0,2719.455016731176,4201.585111121832,2472.6171965111193,3661.0131749728575
6.42,-45.57377243041992,-18.371967315673828,-134.4936065673828,9.354842270502889,0.22725687831198535,0.4040019702086032,-0.11050950554377975,3.786869077501057,0.1181309429988377,0.29354731884913327,0.0,2718.902622561031,4202.198306442129,2472.1150536882833,3661.4456207318344
6.44,-45.70901870727539,-18.501319885253906,-134.9567413330078,9.354460729227487,0.22745274821610661,0.4043332875215828,-0.11080627635340458,3.7898551148411794,0.11823471974545909,0.29366178123175396,0.0,2718.348229002617,4202.813659138323,2471.611131789232,3661.8796203756074
6.46,-45.845306396484375,-18.62956428527832,-135.42031860351562,9.354076285715925,0.2276497551120381,0.4046664393596098,-0.11110534928076395,3.792860490024248,0.11833880559935754,0.2937771142852226,0.0,2717.7902786481,4203.43304307842,2471.103896654831,3662.3163909977316
6.48,-45.98262405395508,-18.756696701049805,-135.88427734375,9.353688962207775,0.22784767522903884,0.4050012523509868,-0.11140426371102376,3.7958705609266783,0.11844350665154742,0.29389331133766755,0.0,2717.231394594243,4204.053296740357,2470.5959368637887,3662.753882975603
6.5,-46.12096405029297,-18.882701873779297,-136.3485107421875,9.35329873539943,0.22804659707775715,0.4053377772127839,-0.1117052951519157,3.7988990083899044,0.11854918595625982,0.29401037938017077,0.0,2716.669121470715,4204.67737368089,2470.0848345706213,3663.1940154293147
6.52,-46.26032257080078,-19.0075740814209,-136.8131866455078,9.352905534400145,0.22824687784514053,0.40567628266139993,-0.1120108241564836,3.8019596099468074,0.11865523339970174,0.29412833967995644,0.0,2716.100999662779,4205.308253484386,2469.568148343177,3663.638708164882
6.54,-46.40068435668945,-19.13129997253418,-137.27825927734375,9.352509378480041,0.22844827966702147,0.40601660510061743,-0.11231639590287497,3.8050256516458325,0.11876176381508495,0.2942471864559876,0.0,2715.5318211564963,4205.940168908353,2469.0505993208317,3664.084215760756
6.56,-46.54204177856445,-19.25387954711914,-137.7436981201172,9.352110268141852,0.2286507240804204,0.406358683883609,-0.11262299964742217,3.8081033364954493,0.11886903548357182,0.29436691955744454,0.0,2714.9604667170843,4206.574456286776,2468.5310945068413,3664.5314141351046
6.58,-46.684383392333984,-19.375295639038086,-138.20956420898438,9.35170816638508,0.2288543632275179,0.40670263041802346,-0.11293245610247153,3.811203441413722,0.11897668046043335,0.2944875500844759,0.0,2714.3850063143395,4207.213443740257,2468.0077272987464,3664.981810939934
6.6,-46.82771301269531,-19.495540618896484,-138.6758575439453,9.351303088506269,0.2290590093578921,0.4070483041083856,-0.11324213121590831,3.8143102900427786,0.11908474802466912,0.2946090734481194,0.0,2713.8082490486254,4207.853745610279,2467.4832696888975,3665.433211109326
6.62,-46.97200393676758,-19.614604949951172,-139.14248657226562,9.35089503965412,0.22926456880248838,0.4073956211188699,-0.11355253205597603,3.8174271115225245,0.11919357755158387,0.29473148810376415,0.0,2713.229610547728,4208.496057719025,2466.9571527769745,3665.886072223618
6.64,-47.11726379394531,-19.73248291015625,-139.60955810546875,9.350483976278511,0.2294712497043252,0.40774472493000846,-0.11386605504518477,3.8205679785362983,0.1193028033149801,0.2948548071164467,0.0,2712.646572645579,4209.143422301833,2466.4268848115275,3666.3423609515044
6.66,-47.26347732543945,-19.849164962768555,-140.07705688476562,9.350069908014984,0.22967890753594875,0.40809550278196316,-0.11418002960012717,3.8237169131217605,0.11941246324748127,0.29497902759550493,0.0,2712.0620005000915,4209.792389494032,2465.8952900075556,3666.799838020326
6.68,-47.41062927246094,-19.96463966369629,-140.54489135742188,9.349652837084083,0.22988747084690983,0.40844788673532556,-0.11449485024279749,3.826876387902446,0.11952290640490809,0.29510414887477515,0.0,2711.4754472731124,4210.443492879659,2465.361931963658,3667.258853147112
6.7,-47.558719635009766,-20.078899383544922,-141.0131378173828,9.349232716334736,0.23009717124102863,0.4088020393800147,-0.114812965188768,3.8300606953627465,0.11963383980691597,0.29523018509957916,0.0,2710.884357331355,4211.099823437777,2464.824278685409,3667.721401882919
6.72,-47.707733154296875,-20.191938400268555,-141.4818115234375,9.348809542848393,0.2303079393008082,0.4091579095184563,-0.11513217140090087,3.8332565943118264,0.11974522272823929,0.29535713714548206,0.0,2710.291106819016,4211.758522468457,2464.2846701127573,3668.185626784665
6.74,-47.85765838623047,-20.303743362426758,-141.9508819580078,9.348383318801085,0.23051969294068228,0.4095154303364059,-0.11545225644830105,3.8364629306741094,0.11985710919893279,0.29548500435967445,0.0,2709.6958995933087,4212.419339908577,2463.743311359415,3668.6513690053644
6.76,-48.00849914550781,-20.414308547973633,-142.4203338623047,9.34795403677033,0.2307324178757972,0.40987458045094644,-0.11577366683461703,3.8396823833930767,0.11996965504004484,0.2956137889689009,0.0,2709.098254403376,4213.082854777927,2463.199728387579,3669.1190046494385
6.78,-48.16023254394531,-20.523624420166016,-142.89022827148438,9.347521667517114,0.2309462304120561,0.41023543944230806,-0.11609748481106023,3.842921189005601,0.12008251506998906,0.2957434997448658,0.0,2708.4970577242984,4213.750417135846,2462.6528149208743,3669.589402782378
6.8,-48.3128547668457,-20.631683349609375,-143.36053466796875,9.347086230800064,0.23116093720063538,0.41059785585520275,-0.11642124901145438,3.8461648486045465,0.12019585676218074,0.2958741307599807,0.0,2707.894904535704,4214.418893391294,2462.1051371324274,3670.060536316316
6.82,-48.46635055541992,-20.738475799560547,-143.83126831054688,9.346647719831136,0.23137653618745405,0.4109618107943382,-0.11674628750669826,3.8494212922805766,0.12030956179578625,0.2960056840506592,0.0,2707.290371860836,4215.089997506181,2461.555291830844,3670.5335173082285
6.84,-48.6207160949707,-20.843997955322266,-144.3024139404297,9.346206142448045,0.23159293337217476,0.4113272136885066,-0.11707180085450146,3.8526858059757703,0.12042379548255616,0.2961381572655865,0.0,2706.6843027777304,4215.7627114835705,2461.004112692701,3671.007687194553
6.86,-48.77593994140625,-20.9482364654541,-144.7739715576172,9.345761481713613,0.2318101973648799,0.4116940936764745,-0.11739901933847881,3.8559655275284395,0.12053845302747798,0.2962715554859162,0.0,2706.0754209969696,4216.438580864078,2460.4503336041716,3671.484042450609
6.88,-48.93201446533203,-21.051183700561523,-145.24591064453125,9.345313735630244,0.23202829602251482,0.4120624084802142,-0.11772717344484661,3.85925578785776,0.12065369518591564,0.2964058793109269,0.0,2705.4645647492334,4217.11659887057,2459.8947784988222,3671.9619276527364
6.9,-49.088924407958984,-21.15283203125,-145.71836853027344,9.344862879862612,0.23224733791269284,0.41243222417950953,-0.11805740660619374,3.8625631199684403,0.12076880583127517,0.29654113604121635,0.0,2704.8505684267684,4217.798181199595,2459.336287186062,3672.4422523420517
6.92,-49.24666213989258,-21.253173828125,-146.19114685058594,9.344408988947198,0.232466828691727,0.41280314655081446,-0.1183847119638904,3.8658584205302042,0.1208847925673669,0.29667730331584075,0.0,2704.2386322464654,4218.477032588913,2458.7800166993106,3672.92095629013
6.94,-49.40522384643555,-21.352201461791992,-146.6644287109375,9.343951989791911,0.23268722750160667,0.4131754832087708,-0.11871648324343158,3.8691848586183393,0.12100072993197969,0.2968144030624266,0.0,2703.621034667825,4219.162492768724,2458.2183170894004,3673.4040695517133
6.96,-49.56459045410156,-21.449909210205078,-147.13809204101562,9.343491942150429,0.23290812461364246,0.41354890536234307,-0.11904595028113842,3.872502637052406,0.12111724425977262,0.2969524173548713,0.0,2703.004898263918,4219.845957252692,2457.6582351251545,3673.8860286839954
6.98,-49.72475051879883,-21.546283721923828,-147.61221313476562,9.343028813435366,0.23312973358929015,0.41392353695950174,-0.11937781870608105,3.8758392609014467,0.12123379293290865,0.2970913559693903,0.0,2702.38530164758,4220.533377826553,2457.0948960869737,3674.3706772539817
7.0,-49.88569641113281,-21.641321182250977,-148.0867919921875,9.342562646853398,0.23335177698203763,0.4142991387223172,-0.11970817247159854,3.8791717608844642,0.12135043617121512,0.29723120594398045,0.0,2701.7663539131113,4221.219788366864,2456.5323673301323,3674.854805959985
7.02,-50.047420501708984,-21.735013961791992,-148.56173706054688,9.342093471525,0.23357411050196686,0.41467555306292553,-0.12003770467212393,3.8825043513187336,0.12146765838335785,0.2973719585424998,0.0,2701.1472952053373,4221.90610136365,2455.969902427359,3675.3390092882714
7.04,-50.20991516113281,-21.82735252380371,-149.0371856689453,9.341621245183296,0.23379702599291824,0.4150529523598782,-0.12036991645845276,3.8858570536705543,0.12158464357544418,0.2975136264450112,0.0,2700.5245526624717,4222.5966555707455,2455.4039461112334,3675.8260756333048
7.06,-50.3731575012207,-21.9183292388916,-149.5130157470703,9.34114604174913,0.2340200851556695,0.415430967772596,-0.12069893177693321,3.8891955748947975,0.12170197774972447,0.29765618747526085,0.0,2699.9042578174744,4223.28403384528,2454.8405738333017,3676.311216898331
7.08,-50.53715133666992,-22.00794219970703,-149.98927307128906,9.3406678460408,0.23424345091007798,0.4158096641592431,-0.12102923246952602,3.8925459625970755,0.12181956251117981,0.29779964618776,0.0,2699.281752105428,4223.973876345752,2454.2751657822078,3676.7980709556728
7.1,-50.70187759399414,-22.096176147460938,-150.46600341796875,9.340186656850495,0.2344671684819517,0.41618903160993426,-0.12136001723742018,3.895903118101927,0.1219368670723706,0.2979440029448515,0.0,2698.6579556984934,4224.665087091834,2453.708618145164,3677.2859174087353
7.12,-50.86731719970703,-22.183027267456055,-150.94314575195312,9.339702546416886,0.2346908525277323,0.41656873160154834,-0.12168760079651847,3.8992457172831707,0.12205423822186692,0.2980892360749342,0.0,2698.036676203595,4225.35305285473,2453.144710567102,3677.7717839396196
7.14,-51.03347396850586,-22.26848793029785,-151.4207305908203,9.339215530002095,0.23491451338697816,0.4169487033823689,-0.12201477402492204,3.9025899816006,0.12217149956326444,0.29823534099937155,0.0,2697.4150108647355,4226.041288060936,2452.5805646965023,3678.2579375979426
7.16,-51.20033645629883,-22.35255241394043,-151.89874267578125,9.3387256439433,0.2351380273692814,0.41732878585226807,-0.12234034339095871,3.905928770293446,0.12228871897592083,0.29838230681700983,0.0,2696.7942383660834,4226.728253096899,2452.0174413079167,3678.743379401375
7.18,-51.36788558959961,-22.43521499633789,-152.377197265625,9.338232911309678,0.23536137074503793,0.4177088896330221,-0.12266493664321194,3.9092654877073705,0.1224057394416617,0.2985301266070966,0.0,2696.1737529535285,4227.414691635637,2451.454730721389,3679.2285816625454
7.2,-51.53610610961914,-22.516464233398438,-152.85609436035156,9.337737374159198,0.23558441177494935,0.4180888434526917,-0.12298752929976765,3.9125939899155284,0.12252234356866824,0.29867878775224044,0.0,2695.554654621969,4228.099280005297,2450.893516941475,3679.7126850506497
7.22,-51.70499801635742,-22.596296310424805,-153.33541870117188,9.337239099729324,0.23580689403323457,0.41846837177001284,-0.12330677977865506,3.915906494887663,0.12263868548289361,0.2988282700812029,0.0,2694.9383309532527,4228.780338072279,2450.3351769096153,3680.194606763066
7.24,-51.874549865722656,-22.67470359802246,-153.815185546875,9.33673812594695,0.23602877027793642,0.41884734466760964,-0.12362404928841421,3.919210688407,0.12275455868159642,0.29897856221591523,0.0,2694.3234093518136,4229.459537192058,2449.7783413509387,3680.6754182142977
7.26,-52.044734954833984,-22.751678466796875,-154.29537963867188,9.336234514855988,0.2362498560136737,0.4192255265597764,-0.12393800197511277,3.9224986121509797,0.12286985321103985,0.29912964554320354,0.0,2693.7113134859787,4230.1351620881505,2449.2244152304092,3681.1540075123858
7.28,-52.21556091308594,-22.827213287353516,-154.7760009765625,9.335728337215581,0.2364699467071429,0.41960265629903143,-0.12424810550213505,3.925767044165094,0.12298453205588727,0.2992814988353256,0.0,2693.1026181657962,4230.8065226252875,2448.6739641719378,3681.6299260275446
7.3,-52.38700485229492,-22.901308059692383,-155.2570343017578,9.335219661101291,0.2366888831775804,0.4199784967238586,-0.12455435928242643,3.9290157554141563,0.12309872591199213,0.2994341016696126,0.0,2692.4973650213356,4231.4735781562395,2448.1270214725855,3682.103141085562
7.32,-52.55905532836914,-22.973949432373047,-155.73849487304688,9.33470852973736,0.23690667353943337,0.4203529346926688,-0.12485789481611496,3.9322507899485313,0.1232119878533989,0.2995874410787918,0.0,2691.894481234356,4232.1376498594755,2447.5825036909355,3682.5744887904566
7.34,-52.73170471191406,-23.045135498046875,-156.22042846679688,9.33419504489203,0.23712298509613455,0.4207255996389308,-0.1251556606147586,3.935454332644466,0.12332402454885842,0.29974148653239074,0.0,2691.29714952088,4232.794888377921,2447.04356456019,3683.041484445029
7.36,-52.90494155883789,-23.11485481262207,-156.70278930664062,9.333679338508768,0.2373373655813821,0.4210960062900647,-0.12544599931815364,3.93861693701885,0.12343481310389746,0.2998961984473697,0.0,2690.707048861222,4233.443254192916,2446.511876676831,3683.502819092895
7.38,-53.07874298095703,-23.183109283447266,-157.18553161621094,9.333161530429008,0.23754949645836124,0.42146374227257577,-0.125729266110419,3.941740567920195,0.12354472253908791,0.30005154087129765,0.0,2690.1238234256803,4234.083182926409,2445.987084254074,3683.9587715460584
7.4,-53.25311279296875,-23.24988555908203,-157.668701171875,9.33264167666352,0.23775947007141324,0.4218286982728305,-0.12600844445340267,3.9448416365274617,0.12365308186440703,0.30020749700094385,0.0,2689.5445534909923,4234.718248258089,2445.46625771619,3684.4116187447216
7.42,-53.428035736083984,-23.3151798248291,-158.1522979736328,9.332119922842333,0.23796684438972682,0.4221903677675816,-0.1262788636691099,3.9478928833886795,0.1237597334990127,0.30036402314730015,0.0,2688.9741097775322,4235.342558790175,2444.9542237328797,3684.8575581174828
7.44,-53.60348892211914,-23.37898826599121,-158.63629150390625,9.33159642302855,0.23817120553414609,0.42254823935231905,-0.1265399509464801,3.950890872630753,0.12386467840025227,0.30052107309143494,0.0,2688.4131013095903,4235.955382810682,2444.451582968941,3685.296115305019
7.46,-53.77946472167969,-23.44130516052246,-159.12069702148438,9.33107131517832,0.23837228918422831,0.42290189408987217,-0.12679222835798842,3.9538381655127655,0.12396758439527142,0.3006786054465039,0.0,2687.861072610726,4236.557292216183,2443.957866951906,3685.7276455992296
7.48,-53.955955505371094,-23.50212287902832,-159.6055145263672,9.330544770446867,0.2385696754756347,0.4232507822646757,-0.12703375529263547,3.956723196275451,0.12406812174110549,0.3008365688659399,0.0,2687.3200897731167,4237.145798547617,2443.475114830166,3686.1505362353614
7.5,-54.13295364379883,-23.561439514160156,-160.09071350097656,9.330016989657121,0.23876283804569423,0.4235942492308379,-0.12726276578029896,3.9595355372879637,0.12416641697699007,0.30099490310286364,0.0,2686.792011432706,4237.718659709439,2443.005164705566,3686.563337282155
7.52,-54.31043243408203,-23.619245529174805,-160.57632446289062,9.3294881365024,0.2389515409298476,0.42393183710615834,-0.12748081012964732,3.9622833574910032,0.12426159788533139,0.30115355904928,0.0,2686.2753854759862,4238.277669771761,2442.546546098447,3686.9671811026983
7.54,-54.48838424682617,-23.675537109375,-161.06231689453125,9.328958481384687,0.23913496429212833,0.4242626292898891,-0.1276821659777146,3.964933631268733,0.1243536295736932,0.30131245558459396,0.0,2685.7761014078733,4238.815690325336,2442.1051096270826,3687.3574723221204
7.56,-54.66680145263672,-23.730310440063477,-161.54864501953125,9.328428272918005,0.23931254128473667,0.42458585395878695,-0.12786756200280305,3.9674901292761766,0.12444259126792971,0.30147151812459844,0.0,2685.2934820958853,4239.33356223933,2441.6801677575604,3687.7347405648843
7.58,-54.84566879272461,-23.783559799194336,-162.03538513183594,9.327897724257387,0.2394839818435204,0.42490092673230667,-0.12803831225650655,3.9699593073839803,0.12452733084814772,0.30163068272278404,0.0,2684.826386416236,4239.832717355333,2441.2705461059195,3688.09987449245
7.6,-55.02497100830078,-23.83527946472168,-162.5224609375,9.32736719098714,0.23964821825032107,0.4252066544641121,-0.12818682698058662,3.972297423622559,0.1246079238587396,0.3017898427038581,0.0,2684.3826141327713,4240.303699429384,2440.883995151027,3688.4467884363994
7.62,-55.20469665527344,-23.885467529296875,-163.00985717773438,9.326836983530828,0.23980460796152633,0.4255021074379651,-0.12831491329739125,3.9745141262005106,0.12468411881792785,0.30194890494075144,0.0,2683.9604418628915,4240.748632724316,2440.5187755358133,3688.7768281442527
7.64,-55.38483428955078,-23.934120178222656,-163.49766540527344,9.326307417394528,0.23995255894263973,0.425786366404895,-0.12842170143205991,3.9766032662082833,0.12475453482802902,0.3021077747816417,0.0,2683.5609765928198,4241.1662242768825,2440.175946102054,3689.089128139328
7.66,-55.56536865234375,-23.981229782104492,-163.9857177734375,9.325778972510161,0.24009062297264783,0.42605782246079904,-0.12849834636219204,3.9785140423061165,0.1248198158889515,0.3022663082469517,0.0,2683.1932702527097,4241.545492919076,2439.864508518958,3689.3766272274065
7.68,-55.74629211425781,-24.026796340942383,-164.47409057617188,9.325251991401931,0.24021835621860263,0.42631555678773747,-0.128551117985997,3.9802807582553914,0.12487882523466831,0.3024244025794207,0.0,2682.851213630817,4241.893926276927,2439.5783265051105,3689.6440912924036
7.7,-55.92758560180664,-24.070810317993164,-164.96275329589844,9.324726944364592,0.24033462527737978,0.4265581097546066,-0.12857281427970235,3.981861010040893,0.12493061200007376,0.3025819166906224,0.0,2682.5423805830515,4242.202380063198,2439.3248932189827,3689.8856086141222
7.72,-56.1092414855957,-24.113271713256836,-165.45164489746094,9.324204391904061,0.2404379573201901,0.4267836975701542,-0.128558235885778,3.9832243236824674,0.12497514921137731,0.30273868242878166,0.0,2682.2722008025244,4242.464295149786,2439.1095863522514,3690.0969440527006
7.74,-56.29124450683594,-24.154178619384766,-165.94085693359375,9.323684843176464,0.24052738033360105,0.42699084065814363,-0.128509068227738,3.984378616774333,0.12501059286679606,0.30289454704706087,0.0,2682.0392717787145,4242.68145092378,2438.930947773852,3690.279190774249
7.76,-56.47357177734375,-24.19352149963379,-166.43026733398438,9.32316901682382,0.2406008471688342,0.4271771818201202,-0.12841375471979588,3.9852570980966235,0.1250364636620805,0.3030492949528538,0.0,2681.855499039969,4242.839422261802,2438.800801860207,3690.4230608110465
7.78,-56.65623092651367,-24.231306076049805,-166.9198760986328,9.322657626692957,0.24065663810523766,0.42734049183694334,-0.12827146214100496,3.9858536126233433,0.12505240012741436,0.303202711992113,0.0,2681.721975599625,4242.936945311088,2438.7201872666737,3690.527703044936
7.8,-56.83918762207031,-24.26752471923828,-167.40966796875,9.322151365258046,0.24069337601813276,0.4274787156881524,-0.12808195104028477,3.9861642005640108,0.12505652919974802,0.3033545904225862,0.0,2681.639428063324,4242.973251243168,2438.689732733297,3690.592547152606
7.82,-57.02244186401367,-24.30217170715332,-167.8995819091797,9.321651121721187,0.24070874000936107,0.4275890059382173,-0.1278340641996457,3.986123200698127,0.12504783160726085,0.3035046634836439,0.0,2681.6195752990825,4242.934191590905,2438.7210338822174,3690.6084479068036
7.84,-57.20597457885742,-24.33525276184082,-168.3896484375,9.321157840290837,0.24070042610465772,0.4276683955709972,-0.12752366274127153,3.9857046359986317,0.12502476617312397,0.3036526479127488,0.0,2681.6670568041204,4242.814235593201,2438.8186247240715,3690.5717846398898
7.86,-57.389774322509766,-24.366756439208984,-168.8797149658203,9.320672584876117,0.24066574565143248,0.42771349211752013,-0.12714301746268586,3.9848617117909684,0.12498628033888035,0.30379822453716476,0.0,2681.7902286253893,4242.6033511155365,2438.990727712181,3690.476035862668
7.88,-57.57382583618164,-24.39668846130371,-169.36981201171875,9.320196458935111,0.24060214240010702,0.42772085708418894,-0.12668834191059702,3.983569116680245,0.12493041827263222,0.3039410623194666,0.0,2681.9936304012836,4242.296186412764,2439.241727334634,3690.3176549912746
7.9,-57.758113861083984,-24.425045013427734,-169.85997009277344,9.319730728490429,0.2405064563808003,0.42768645224888646,-0.1261494904580858,3.9817649333486895,0.12485396296438478,0.3040807814528714,0.0,2682.2883343494213,4241.8794669760955,2439.582500336049,3690.0879971697236
7.92,-57.94263458251953,-24.451828002929688,-170.34996032714844,9.319276978884346,0.24037411452506002,0.42760496413732907,-0.12550818512957668,3.9793415336491305,0.1247573486176903,0.3042169063346961,0.0,2682.693541377447,4241.330014685972,2440.0320439511647,3689.772079440532
7.94,-58.12736129760742,-24.477027893066406,-170.83990478515625,9.318836565719954,0.2402024661596548,0.4274722961790272,-0.12477343482113622,3.976343601245764,0.12463452510228448,0.3043490302840139,0.0,2683.2013433555867,4240.657731502571,2440.5822368964896,3689.376060939557
7.96,-58.31229782104492,-24.500654220581055,-171.32965087890625,9.31841154687217,0.2399851039732,0.4272813167148762,-0.123906982990244,3.97254786602719,0.12448511631630427,0.304476535938349,0.0,2683.8515919392335,4239.814419900202,2441.27257579469,3688.868839026214
7.98,-58.49740982055664,-24.5226993560791,-171.8191680908203,9.318003808420373,0.23971748327015568,0.4270259333334585,-0.12291442850273922,3.9679785848938227,0.12430388246225792,0.304598857473888,0.0,2684.6400151892412,4238.805608942918,2442.098524823877,3688.2537364821405
8.0,-58.68270492553711,-24.54317283630371,-172.3082733154297,9.317615753882853,0.23939255987574104,0.42669786547197835,-0.1217657443595896,3.9624555724366526,0.1240900564934084,0.3047152738351441,0.0,2685.598830821958,4237.592542285315,2443.0918354694722,3687.505596637474
8.02,-58.8681526184082,-24.56206703186035,-172.7969970703125,9.317249625801288,0.23900510905568656,0.426289823502177,-0.12046513606006372,3.955990442205523,0.12383602628419872,0.30482511225961345,0.0,2686.7260967610746,4236.1781184723195,2444.250115059464,3686.625908108919
8.04,-59.053749084472656,-24.57938575744629,-173.2852020263672,9.31690847057498,0.23854578991214992,0.4257910536390228,-0.11896757174455834,3.9483122764529868,0.12353769532465723,0.3049274588275061,0.0,2688.070292825312,4234.504043378606,2445.621112896477,3685.576807116827
8.06,-59.23947525024414,-24.595136642456055,-173.7727813720703,9.31659554770204,0.23800517182881065,0.4251901471103761,-0.1172572972746994,3.9393149819121103,0.12318981459005102,0.3050213356893881,0.0,2689.650505403412,4232.547834082179,2447.2232308193397,3684.3433645516207
8.08,-59.42532730102539,-24.609317779541016,-174.2595977783203,9.316314446379826,0.2373729060085486,0.42447441312462286,-0.11531137770877288,3.928845963981908,0.12278521884117112,0.3051056660860523,0.0,2691.4942106649787,4230.2770480792915,2449.0830158302047,3682.9040836501213
8.1,-59.61128234863281,-24.621932983398438,-174.7454833984375,9.316069304686062,0.23663652025895746,0.42362889768335776,-0.11309542122417286,3.916681241934315,0.12231608975997532,0.30517920859418146,0.0,2693.641713586045,4227.643914331649,2451.239559720907,3681.2274354255815
8.12,-59.797332763671875,-24.63298797607422,-175.23036193847656,9.315864815307187,0.23578157171346106,0.4226363576419917,-0.11057382467458586,3.902582870526611,0.12177193654488729,0.305240555407844,0.0,2696.135915468093,4224.597809647316,2453.7342730236946,3679.2798409526554
8.14,-59.98346710205078,-24.642486572265625,-175.71397399902344,9.315706496568094,0.2347901441298298,0.42147596045968594,-0.10769604448231836,3.886217295449057,0.12114267349425323,0.30528805102957185,0.0,2699.0369364750272,4221.067633455275,2456.6253179169207,3677.0142474934974
8.16,-60.1696662902832,-24.650442123413086,-176.19613647460938,9.31560049751463,0.2336422580300436,0.4201241383303493,-0.10441982728682218,3.867286319256591,0.12041607573268737,0.3053198507456109,0.0,2702.3987748255595,4216.990233207159,2459.9643101563765,3674.3883374164084
8.18,-60.355926513671875,-24.6568546295166,-176.67665100097656,9.3155537657402,0.23231484439190897,0.4185536750080876,-0.10069286974027003,3.8454157318941458,0.11957414453439279,0.3053338702779401,0.0,2706.2893086055165,4212.28638714195,2463.8159763466374,3671.3488902799636
8.2,-60.54222869873047,-24.66173553466797,-177.1551971435547,9.31557466770304,0.2307780672808384,0.41673064278944966,-0.09643006805515413,3.820015932008149,-0.31730722525734856,0.3053275996890882,0.0,2710.815325227267,4206.830804544412,2468.282707995768,3667.8122135807225
8.22,-60.728572845458984,-24.66651153564453,-177.57188415527344,9.308434338238232,0.09576147067710893,0.3123994171279125,-1.5555306600670296,-3.491733829052522,-0.5,0.30746969852853034,0.0,4299.956111498883,2933.126467609067,3458.2188537706493,2362.272648920962
8.24,-60.9145393371582,-24.672636032104492,-177.8708953857422,9.282897632645517,-0.01901319051018225,0.21430367865293246,-2.490465845359726,-3.190300400235813,-0.5,0.31513071020634503,0.0,4342.734467831148,3094.0252157885357,3308.726815545936,2307.4914590737344
8.26,-61.09955596923828,-24.680028915405273,-178.06532287597656,9.232851381522382,-0.11524624177841081,0.1253326954794062,-2.4910340140566967,-3.2998849934413244,-0.5,0.3301445855432854,0.0,4363.610392093178,3073.8741658944937,3324.230665265671,2290.099214665124
8.28,-61.28353500366211,-24.68870735168457,-178.1593475341797,9.183060232591483,-0.19796109591113914,0.039490956408395464,-2.473505080235469,-3.4588001389366543,-0.5,0.34508193022255507,0.0,4392.272285525592,3040.995771927703,3350.4352441100864,2266.9597917006668
8.3,-61.46649169921875,-24.69874382019043,-178.15740966796875,9.133901651147365,-0.2687694165683858,-0.042151077018601005,-2.4544439891824523,-3.6489160316473437,-0.5,0.35982950465579044,0.0,4426.946233958735,3001.733896309662,3381.8053748286666,2239.04697802778
8.32,-61.64842224121094,-24.710214614868164,-178.06448364257812,9.085563286482422,-0.3291799384308497,-0.11921428628606849,-2.439353475586909,-3.8627502384398635,-0.5,0.37433101405527336,0.0,4466.748343664861,2958.159391158473,3416.5650206850814,2206.953900112386
8.34,-61.82933044433594,-24.72319984436035,-177.8861541748047,9.038129225385521,-0.3805943920193653,-0.1911561989990122,-2.424691100013227,-4.089912731669144,-0.5,0.3885612323843436,0.0,4509.345867465137,2911.951389954547,3453.433397331435,2172.6165646693635
8.36,-62.00921630859375,-24.7377872467041,-177.62841796875,8.991693650692094,-0.42427279528174855,-0.25780069685116813,-2.408408785174556,-4.322230634093823,-0.5,0.40249190479237185,0.0,4552.878278765471,2864.52155621285,3491.323990353997,2137.5721524525625
8.38,-62.18806838989258,-24.754072189331055,-177.2971954345703,8.946343687285069,-0.46131607844887873,-0.3195493688121828,-2.3924287325665614,-4.556291717149224,-0.5,0.41609689381447945,0.0,4596.730609065673,2816.7283421562583,3529.5251562325307,2102.2904326048433
8.4,-62.36589050292969,-24.772132873535156,-176.8978271484375,8.902038047904323,-0.49268928628330405,-0.3767445898763227,-2.379222422794967,-4.789732225572611,-0.5,0.42938858562870297,0.0,4640.837761049502,2769.342601818859,3567.348229731535,2066.7530192586737
8.42,-62.54266357421875,-24.792064666748047,-176.43544006347656,8.858739593676498,-0.5192284766914341,-0.42952989350969667,-2.3670163536793876,-5.018401644844467,-0.5,0.4423781218970506,0.0,4684.164615270007,2722.9723213491907,3604.347455711988,2031.8316260244108
8.44,-62.71837615966797,-24.813941955566406,-175.91505432128906,8.816410659004655,-0.5416560960941026,-0.47804951418435865,-2.3553540570830145,-5.238961898210938,-0.5,0.4550768022986036,0.0,4725.9981102690645,2678.227321749047,3640.043518830627,1998.1076461978569
8.46,-62.89300537109375,-24.837848663330078,-175.34141540527344,8.775008446336832,-0.5605948297653327,-0.5224776486442498,-2.344002079408785,-5.4488981557436675,-0.5,0.4674974660989504,0.0,4765.811161157861,2635.581822408212,3674.0607946765676,1966.0083173992043
8.48,-63.066532135009766,-24.863855361938477,-174.7190704345703,8.734486167726363,-0.5765795842751018,-0.5630201239198974,-2.332836539789693,-5.646494028358458,-0.5,0.4796541496820911,0.0,4803.246087549077,2595.3652408015887,3706.137293926365,1935.8225765289403
8.5,-63.23892593383789,-24.892030715942383,-174.0524444580078,8.694794816686867,-0.5900688031416313,-0.5999065355787365,-2.321786785725091,-5.830727968088973,-0.5,0.49156155499393983,0.0,4838.088445361578,2557.7757137936887,3736.1150937956904,1907.7233149049848
8.52,-63.410160064697266,-24.922433853149414,-173.3455047607422,8.655884887661173,-0.601455037552716,-0.6333805373957049,-2.3108103434112954,-6.001147026982068,-0.5,0.503234533701648,0.0,4870.239558443487,2522.9019172711623,3763.923421174154,1881.7899813239083
8.54,-63.580204010009766,-24.955116271972656,-172.60202026367188,8.617707760399142,-0.611074580697527,-0.6636910672081023,-2.2998817682604202,-6.157741445553654,-0.5,0.5146876718802573,0.0,4899.690640117993,2490.746444413532,3789.5601698989103,1858.0295941764762
8.56,-63.749027252197266,-24.990131378173828,-171.82557678222656,8.580216709187045,-0.619216008844794,-0.6910853122617827,-2.2889868800271636,-6.300830058728132,-0.5,0.5259349872438864,0.0,4926.499576227041,2461.2477420621726,3813.074448907665,1836.39549427013
8.58,-63.916595458984375,-25.02751350402832,-171.01918029785156,8.543367586017377,-0.6261275590942453,-0.7158034893384309,-2.2781192044614045,-6.430961211482877,-0.5,0.536989724194787,0.0,4950.770962616795,2434.299288101268,3834.5512897611784,1816.803435355299
8.6,-64.08287048339844,-25.067296981811523,-170.1859893798828,8.507119245560167,-0.6320233628397391,-0.7380752484794911,-2.2672775015043407,-6.548831058488889,-0.5,0.5478642263319499,0.0,4972.6396593669,2409.7654928733327,3854.0989541351364,1799.1448281165228
8.62,-64.24781036376953,-25.109514236450195,-169.3284912109375,8.471433774619543,-0.637088622458217,-0.7581174192810787,-2.2564639605319257,-6.655219183946454,-0.5,0.5585698676141371,0.0,4992.257818185858,2387.4942736919884,3871.8388922435424,1783.2971826894302
8.64,-64.411376953125,-25.15418243408203,-168.4492645263672,8.436276577488687,-0.641483859709689,-0.7761328058601399,-2.245682873014718,-6.7509401238415565,-0.5,0.5691170267533937,0.0,5009.785094905936,2367.3265484803173,3887.8981596959666,1769.1319854519206
8.66,-64.57353210449219,-25.201322555541992,-167.55044555664062,8.401616357323837,-0.6453483802179683,-0.7923097605837259,-2.234939669859641,-6.83680857358026,-0.5,0.5795150928028489,0.0,5025.381605931903,2349.103065065703,3902.403961711656,1756.5203667115672
8.68,-64.7342300415039,-25.250944137573242,-166.63404846191406,8.367425024111693,-0.6488030958569677,-0.8068223072313271,-2.224240240484326,-6.913615754185425,-0.5,0.5897724927664921,0.0,5039.203125872356,2332.6690509088276,3915.4799381195135,1745.336964551
8.7,-64.8934326171875,-25.303056716918945,-165.701904296875,8.333677744824923,-0.6519524993129338,-0.8198302842277023,-2.2135523218834745,-6.9820478228808485,-0.5,0.599896676552523,0.0,5051.382536728997,2317.885175571362,3927.238125072832,1735.475550768553
8.72,-65.05109405517578,-25.3576602935791,-164.75567626953125,8.300353255501415,-0.65488576125266,-0.831479158386903,-2.202915297954971,-7.042859954058733,-0.5,0.6098940233495754,0.0,5062.067839961313,2304.6095732778085,3937.7913867926472,1726.8165693290036
8.74,-65.20716857910156,-25.41475486755371,-163.7967987060547,8.267431302200377,-0.6576823646036422,-0.8419050618231043,-2.1923858965448764,-7.096806963158204,-0.5,0.6197706093398869,0.0,5071.416460819258,2292.698508580609,3947.2533528220674,1719.2321742375518
8.76,-65.36162567138672,-25.474334716796875,-162.8265838623047,8.234894082850412,-0.6604106340505481,-0.8512329121517404,-2.1819608417118768,-7.144484893575797,-0.5,0.6295317751448765,0.0,5079.545123071049,2282.0342923109847,3955.7182499190476,1712.6286361525654
8.78,-65.514404296875,-25.536396026611328,-161.84632873535156,8.202726465298372,-0.6631280443064393,-0.8595764344779322,-2.1715936986945956,-7.186363231087739,-0.5,0.6391820604104882,0.0,5086.543341935873,2272.5182247492367,3963.265924222253,1706.9348874182247
8.8,-65.66547393798828,-25.600921630859375,-160.85696411132812,8.170916780284456,-0.6658805713538145,-0.8670371499587713,-2.1612630123723195,-7.222895183082482,-0.5,0.6487249659146632,0.0,5092.494205879024,2264.060566629302,3969.968824665643,1702.0848008868866
8.82,-65.81478881835938,-25.667898178100586,-159.85952758789062,8.139454403804237,-0.6687073767073108,-0.8737090241254,-2.1510079474583303,-7.254607893696157,-0.5,0.6581636788587288,0.0,5097.507019459174,2256.561217158558,3975.9061502047257,1697.9896709027894
8.84,-65.9623031616211,-25.737308502197266,-158.85484313964844,8.108330247887144,-0.67164056560079,-0.8796781460281378,-2.140829149516887,-7.281924353871603,-0.5,0.6675009256338567,0.0,5101.665001495583,2249.936965262753,3981.1444863766046,1694.5826368117125
8.86,-66.10796356201172,-25.80912971496582,-157.84368896484375,8.077536718225957,-0.6747056166316256,-0.8850231106845471,-2.130727856352465,-7.305231360596957,-0.5,0.6767389845322128,0.0,5105.04433594997,2244.111811513055,3985.7446357943427,1691.8024781128204
8.88,-66.25176239013672,-25.883344650268555,-156.82675170898438,8.047067532715328,-0.6779220641416861,-0.8898156281302142,-2.120704871244795,-7.324883065079395,-0.5,0.6858797401854015,0.0,5107.714738515982,2239.016143688839,3989.7623025874186,1689.593183551338
8.9,-66.39362335205078,-25.95992088317871,-155.80459594726562,8.016917559232335,-0.6813041314664453,-0.8941210662852384,-2.1107605207899813,-7.341204304790161,-0.5,0.6949247322302996,0.0,5109.740105451215,2234.5860748857685,3993.248622499035,1687.9034302561208
8.92,-66.53351593017578,-26.03883934020996,-154.77777099609375,7.987082666331804,-0.6848613221966762,-0.8979989373233673,-2.1008946886283146,-7.3544936238453325,-0.5,0.7038752001004588,0.0,5111.179111269388,2230.762851651237,3996.25063513717,1686.686102184795
8.94,-66.67140197753906,-26.120067596435547,-153.74667358398438,7.957559586370022,-0.6885989740367725,-0.9015033336472125,-2.0911068524926333,-7.365025954927117,-0.5,0.7127321240889934,0.0,5112.085740787528,2227.4923288034097,3998.811702819291,1685.897861265785
8.96,-66.80724334716797,-26.203571319580078,-152.71176147460938,7.928345790827543,-0.6925187782463996,-0.9046833195277566,-2.081396118358845,-7.37305496078977,-0.5,0.721496262751737,0.0,5112.509754194264,2224.724510740324,4000.9718763103792,1685.4987724512105
8.98,-66.94100189208984,-26.289318084716797,-151.67335510253906,7.8994393774661615,-0.6966192665016521,-0.907583284389021,-2.07176125116688,-7.378815048761321,-0.5,0.7301681867601515,0.0,5112.497087574349,2222.4131566640954,4002.7682095247937,1685.4519807340394
9.0,-67.07263946533203,-26.37727928161621,-150.6317901611328,7.870838968827412,-0.7008962661944153,-0.9102432634300623,-2.062200702288097,-7.382523081636541,-0.5,0.7387483093517764,0.0,5112.090193406819,2220.515445230034,4004.2350267806437,1685.7234364957326
9.02,-67.20211029052734,-26.467416763305664,-149.58731079101562,7.84254362148548,-0.7053433246382675,-0.9126992308335228,-2.0527126341272948,-7.3843798146213615,-0.5,0.747236913554356,0.0,5111.328326835763,2218.9916928965167,4005.4041471794067,1686.2816645176504
9.04,-67.32939147949219,-26.559688568115234,-148.54010009765625,7.814552745401856,-0.7099521023163068,-0.9149833702687005,-2.0432949423539655,-7.384571091581296,-0.5,0.7556341763794432,0.0,5110.247784250698,2217.8051195373473,4006.3050712534214,1687.097571395121
9.06,-67.45442962646484,-26.654064178466797,-147.49032592773438,7.786866032687553,-0.714712735150345,-0.9171243267999208,-2.033945276310139,-7.3832688354612435,-0.5,0.763940190193734,0.0,5108.882101052521,2216.92165455138,4006.965135284748,1688.1442858198911
9.08,-67.57720184326172,-26.750497817993164,-146.43821716308594,7.759483395056859,-0.7196141657573738,-0.9191474436902705,-2.0246610581563846,-7.380631867848869,-0.5,0.7721549814829424,0.0,5107.262215516527,2216.3097766721867,4007.4096387242944,1689.3970261680154
9.1,-67.69768524169922,-26.848949432373047,-145.38388061523438,7.732404909250653,-0.7246444437571823,-0.9210749869719087,-2.0154395013026676,-7.376806591574279,-0.5,0.780278527224804,0.0,5105.416605461536,2215.940380880513,4007.661949980275,1690.8329899930336
9.12,-67.81582641601562,-26.949378967285156,-144.3273468017578,7.705630769714298,-0.7297909953760758,-0.9229263600576983,-2.006277628633272,-7.371927568217804,-0.5,0.7883107690857106,0.0,5103.371404042774,2215.786666205826,4007.7435955386354,1692.4312603392445
9.14,-67.93161010742188,-27.051742553710938,-143.26873779296875,7.67916124783247,-0.7350408628294909,-0.9247183101113157,-1.997172290983478,-7.366118019635557,-0.5,0.796251625650259,0.0,5101.150500446261,2215.824038732704,4007.6743369550504,1694.1727242242553
9.16,-68.04499053955078,-27.15599822998047,-142.2080841064453,7.652996657048679,-0.7403809142366902,-0.9264651273873838,-1.9881201862597804,-7.359490279291212,-0.5,0.8041010028853961,0.0,5098.775630609763,2216.0300247665446,4007.472239747873,1696.0399991652498
9.18,-68.15594482421875,-27.262096405029297,-141.14549255371094,7.627137323228769,-0.7457980251018536,-0.9281788383092556,-1.9791178795238809,-7.352146215477133,-0.5,0.8118588030313691,0.0,5096.266462365053,2216.3841898284036,4007.153737649809,1698.0173642109683
9.2,-68.26444244384766,-27.369998931884766,-140.08087158203125,7.601583559663776,-0.7512792326688295,-0.9298693926762949,-1.9701618242844237,-7.3441776445899505,-0.5,0.8195249321008671,0.0,5093.640678622166,2216.8680599067666,4006.733695070578,1700.090692564267
9.22,-68.3704605102539,-27.479652404785156,-139.0143585205078,7.576335646146676,-0.7568118647058691,-0.931544845088005,-1.961248385161657,-7.335666748660549,-0.5,0.8270993061559971,0.0,5090.914061431138,2217.465042162418,4006.2254700088997,1702.2473835119183
9.24,-68.47396087646484,-27.591014862060547,-137.94586181640625,7.551393811598622,-0.7623836444897086,-0.9332115304392463,-1.952373862015295,-7.326686507478359,-0.5,0.8345818565204133,0.0,5088.100578991083,2218.160343032482,4005.640979053046,1704.4762919943605
9.26,-68.5749282836914,-27.70404052734375,-136.87559509277344,7.526758219762269,-0.7679827739268549,-0.9348742331761624,-1.9435345155507424,-7.317301152030439,-0.5,0.8419725340713193,0.0,5085.212476956747,2218.9408823833883,4004.990765547139,1706.767654727367
9.28,-68.67333221435547,-27.818675994873047,-135.80337524414062,7.50242895752186,-0.7735979968689191,-0.936536349901149,-1.9347265943508418,-7.307566642705638,-0.5,0.8492713127434419,0.0,5082.260374741143,2219.7952029996354,4004.284071491442,1709.1130123119535
9.3,-68.7691421508789,-27.93487548828125,-134.72914123535156,7.478406025451404,-0.779218644746636,-0.9382000448699874,-1.925946363216295,-7.297531172874554,-0.5,0.8564781923645787,0.0,5079.253366945423,2220.713375249077,4003.5289133027827,1711.5051272257442
9.32,-68.86235046386719,-28.052589416503906,-133.65313720703125,7.454689330232861,-0.7848346666649416,-0.9398663979266215,-1.9171901326400365,-7.287235696097351,-0.5,0.8635932009301417,0.0,5076.199129574296,2221.686897226018,4002.7321611935713,1713.937897969872
9.34,-68.95291900634766,-28.17176628112793,-132.5751953125,7.431278678625507,-0.7904366460726682,-0.9415355444616719,-1.9084542891879706,-7.276714473354289,-0.5,0.8706163964123479,0.0,5073.104030320937,2222.708591036594,4001.899621638342,1716.40626994721
9.36,-69.04082489013672,-28.292360305786133,-131.495361328125,7.408173772705404,-0.7960158060502714,-0.9432068070501703,-1.8997353265132633,-7.265995635330604,-0.5,0.8775478681883787,0.0,5069.973241928931,2223.772496157667,4001.0361221841904,1718.9061438707988
9.38,-69.12606811523438,-28.414318084716797,-130.41351318359375,7.38537420612982,-0.8015640051539116,-0.9448788185129844,-1.8910298766887295,-7.25510175389017,-0.5,0.8843877381610539,0.0,5066.810857454148,2224.8737609762074,4000.145597721911,1721.4342826506556
9.4,-69.20861053466797,-28.53759002685547,-129.32977294921875,7.362879461215605,-0.8070737256212438,-0.9465496362465373,-1.882334741507445,-7.244050416392581,-0.5,0.8911361616353185,0.0,5063.6200061480395,2226.0085337101627,3999.231177260339,1723.9882177895834
9.42,-69.28844451904297,-28.662120819091797,-128.244140625,7.340688906652743,-0.8125380555905704,-0.9482168477693301,-1.8736469233707578,-7.232854796389421,-0.5,0.897793328004177,0.0,5060.402968654056,2227.1738539351745,3998.2952702286584,1726.5661563434862
9.44,-69.36553192138672,-28.78786277770996,-127.1566390991211,7.3188017957046885,-0.8179506668175409,-0.9498776675352079,-1.8649636553583546,-7.2215242144113825,-0.5,0.9043594612885935,0.0,5057.1612902382,2228.3675459069705,3997.339651359994,1729.1668894790241
9.46,-69.43988800048828,-28.914764404296875,-126.0672378540039,7.29721726477542,-0.8233057891987845,-0.9515290251574882,-1.8562824300566303,-7.210064682964514,-0.5,0.910834820567374,0.0,5053.895890850467,2229.588114789791,3996.365543273972,1731.7897036013887
9.48,-69.51146697998047,-29.04277229309082,-124.97593688964844,7.275934332249644,-0.8285981832354011,-0.9531676452713954,-1.8476010267099185,-7.1984794304271205,-0.5,0.9172197003251067,0.0,5050.607170923659,2230.8346467889423,3995.3736959664866,1734.4342949375275
9.5,-69.58026885986328,-29.171833038330078,-123.88275146484375,7.254951897536921,-0.8338231113959943,-0.954790119332476,-1.8389175362549561,-7.186769399223273,-0.5,0.9235144307389236,0.0,5047.295111948804,2232.1067140520863,3994.364462522257,1737.100688354002
9.52,-69.64627838134766,-29.301891326904297,-122.78775024414062,7.234268740272947,-0.8389763091728578,-0.9563929697046468,-1.8302303838050407,-7.1749337143937195,-0.5,0.9297193779181159,0.0,5043.959371012648,2233.4042850590386,3993.337870481969,1739.7891610715153
9.54,-69.70948028564453,-29.432899475097656,-121.6908950805664,7.213883519651336,-0.8440539564691191,-0.9579727064330528,-1.8215383481632854,-7.16297011945208,-0.5,0.9358349441045991,0.0,5040.59936863429,2234.727641071102,3992.293688414982,1742.5001718165067
9.56,-69.76986694335938,-29.564796447753906,-120.59223937988281,7.193794773877335,-0.8490526498113852,-0.9595258771246006,-1.8128405779719545,-7.150875377169769,-0.5,0.9418615678367994,0.0,5037.214369389178,2236.0772990658184,3991.2314873645355,1745.234295828551
9.58,-69.82742309570312,-29.697538375854492,-119.49181365966797,7.1740009197505215,-0.8539693757532332,-0.9610491103740713,-1.8041366041401803,-7.138645633655866,-0.5,0.9477997240748435,0.0,5033.803554954572,2237.45394144477,3990.1506969426164,1747.9921660247674
9.6,-69.88213348388672,-29.831064224243164,-118.38963317871094,7.154500252396801,-0.8588014857206513,-0.9625391531777288,-1.7954263482412116,-7.1262767447720385,-0.5,0.9536499242809597,0.0,5030.3660893483375,2238.858352675061,3989.05065595256,1750.774420511006
9.62,-69.93401336669922,-29.96531867980957,-117.28582000732422,7.135290945180792,-0.8635466724515959,-0.9639929027712049,-1.7867101266310292,-7.11376456453738,-0.5,0.9594127164457624,0.0,5026.901176260478,2240.2913629104496,3987.930657508177,1753.5816565261298
9.64,-69.9830322265625,-30.100255966186523,-116.18033599853516,7.116371049837803,-0.8682029480980682,-0.9654074333161223,-1.7779886501090953,-7.1011051957310665,-0.5,0.965088685048659,0.0,5023.408108493293,2241.753798536816,3986.789988698015,1756.414390810903
9.66,-70.02918243408203,-30.23581314086914,-115.0732421875,7.097730560564766,-0.8727593971908983,-0.9667936795607177,-1.7697386015547572,-7.087585545632005,-0.5,0.9706808318305703,0.0,5019.801748358513,2243.442770638938,3985.459397200847,1759.3296826938586
9.68,-70.07247924804688,-30.37194061279297,-113.96456909179688,7.079359106884494,-0.8771934272766228,-0.9681716269027738,-1.7616393071252494,-7.073172261962578,-0.5,0.9761922679346516,0.0,5016.038423178314,2245.319623666068,3983.977923919965,1762.3705958922517
9.7,-70.11289978027344,-30.50857925415039,-112.85437774658203,7.061261332961646,-0.8814969013967182,-0.9695360577135269,-1.753259732048121,-7.058661256121276,-0.5,0.9816216001115062,0.0,5012.223475656854,2247.1870601313694,3982.512899716334,1765.4617994472358
9.72,-70.15044403076172,-30.64567756652832,-111.74263000488281,7.04343843537439,-0.885667551739953,-0.9708794484675409,-1.7447503677895397,-7.044182562896419,-0.5,0.986968469387683,0.0,5008.4005855145415,2249.0354074873394,3981.0687022859147,1768.5648923399583
9.74,-70.18511199951172,-30.783178329467773,-110.62931060791016,7.025889408232236,-0.8897057128441366,-0.9721945153774226,-1.7361804503028544,-7.029781938854566,-0.5,0.9922331775303292,0.0,5004.587043234229,2250.862971991268,3979.6451168606454,1771.6644379420097
9.76,-70.2169189453125,-30.9210262298584,-109.51454162597656,7.008612169166721,-0.8936131627575636,-0.9734745207547482,-1.7275833435280754,-7.0154682925210095,-0.5,0.9974163492499837,0.0,5000.788559139294,2252.6715176125253,3978.239951990051,1774.755080552188
9.78,-70.24584197998047,-31.059173583984375,-108.39830780029297,6.9916040701916655,-0.8973925575315059,-0.9747134032060863,-1.718976472872577,-7.001234841373734,-0.5,1.0,0.0,4997.005831630704,2254.464212396917,3976.850243415543,1777.8358361132382
9.8,-70.27189636230469,-31.19755744934082,-107.28069305419922,6.9748464519437885,-0.9010607913037966,-0.9759014955783563,-1.7116910163501453,-6.988228102535672,-0.5,1.0,0.0,4993.595382336044,2256.1642844176376,3975.5096465333118,1780.5929382130516
9.82,-70.29507446289062,-31.336124420166016,-106.16175842285156,6.958303358132209,-0.9046523464193384,-0.977026395635969,-1.706330653398755,-6.976940039204731,-0.5,1.0,0.0,4990.725786152676,2257.7386310094366,3974.2309494365145,1782.8774665999752
9.84,-70.31538391113281,-31.474822998046875,-105.04158020019531,6.941946082273162,-0.9081967579290149,-0.9780800290249235,-1.7019012122901405,-6.966384024465957,-0.5,1.0,0.0,4988.112034462179,2259.2679083675775,3972.9694667548365,1784.9379318894537
9.86,-70.33281707763672,-31.613595962524414,-103.92021942138672,6.9257593022971395,-0.9117100059795321,-0.9790590922803226,-1.6979510386551357,-6.956036065963249,-0.5,1.0,0.0,4985.597372349566,2260.807316582442,3971.6908567255336,1786.9099412840528
9.88,-70.34740447998047,-31.752384185791016,-102.79776000976562,6.90973446995416,-0.9152008319927568,-0.9799627892243362,-1.6942381586069724,-6.945616028737063,-0.5,1.0,0.0,4983.098076089727,2262.386285281387,3970.376817739097,1788.8659213698033
9.9,-70.35912322998047,-31.891136169433594,-101.6742935180664,6.893866735427855,-0.9186739054560626,-0.9807916739260544,-1.6906290191525792,-6.934972133239833,-0.5,1.0,0.0,4980.5685220449095,2264.020496367175,3969.0176910178006,1790.845369146924
9.92,-70.36798858642578,-32.0297966003418,-100.54996490478516,6.878153309750679,-0.9221315317013166,-0.9815470188394781,-1.687049092449527,-6.9240232373703785,-0.5,1.0,0.0,4977.983946690667,2265.7180047675906,3967.60864019942,1792.8697626211406
9.94,-70.37400817871094,-32.16830825805664,-99.42476654052734,6.862586575492008,-0.9255693913452173,-0.9822390679008081,-1.6848777460864381,-6.911457583689646,-0.5,1.0,0.0,4975.254142751098,2267.832826172963,3965.8395937223704,1794.9852154190687
9.96,-70.37718963623047,-32.30661392211914,-98.2988052368164,6.847128847745317,-0.9289311376348754,-0.9829424448806013,-1.6828138570806235,-6.8964943115287065,-0.5,1.0,0.0,4972.059245516442,2270.501828470368,3963.6186095660623,1797.4660011332853
9.98,-70.3775405883789,-32.44466018676758,-97.17203521728516,6.831807832580919,-0.9322011423986845,-0.9836430975988059,-1.6794186017672856,-6.881654069465988,-0.5,1.0,0.0,4968.733475178909,2272.9907769057854,3961.5742786183123,1800.084006124744
10.0,-70.37508392333984,-32.582393646240234,-96.04450225830078,6.816635186364742,-0.9353806543558317,-0.9843247511103899,-1.6756925739860076,-6.8668944265579634,-0.5,1.0,0.0,4965.386235177428,2275.4259119585918,3959.58212068797,1802.7282504147477
10.02,-70.36981964111328,-32.71975326538086,-94.91614532470703,6.801612735993243,-0.9384715442895181,-0.9849793504087103,-1.6718416115369068,-6.85217843470629,-0.5,1.0,0.0,4962.034443779945,2277.8387234252964,3957.612097020283,1805.3803789367742
10.04,-70.36176300048828,-32.856693267822266,-93.78704071044922,6.78674019531383,-0.9414758610645458,-0.9856013454355123,-1.6679110831359438,-6.837474531879535,-0.5,1.0,0.0,4958.677158149341,2280.2407382141673,3955.653905419622,1808.0400879395486
10.06,-70.35093688964844,-32.99315643310547,-92.65731811523438,6.772016728206076,-0.9443957191031038,-0.9861864498629467,-1.6639144893170181,-6.82275649741461,-0.5,1.0,0.0,4955.31072603231,2282.638675461947,3953.7018389617324,1810.7099864477816
10.08,-70.33734893798828,-33.129085540771484,-91.52691650390625,6.757441271990724,-0.9472332582405896,-0.9867313074253621,-1.659858989045696,-6.808003019060117,-0.5,1.0,0.0,4951.93171388421,2285.037540789259,3951.7517109942683,1813.3926544688823
10.1,-70.3210220336914,-33.26443099975586,-90.39591979980469,6.743012615128578,-0.9499906216219929,-0.9872333443605813,-1.6557503602890655,-6.793197183630657,-0.5,1.0,0.0,4948.537393158597,2287.4413117244258,3949.800190122346,1816.090137647618
10.12,-70.30197143554688,-33.39914321899414,-89.26433563232422,6.728729426058408,-0.9526699401836569,-0.9876906650400693,-1.6515939390433587,-6.778325974342362,-0.5,1.0,0.0,4945.125752787575,2289.853147490917,3947.8446102276644,1818.8039154892645
10.14,-70.28021240234375,-33.53316879272461,-88.13231658935547,6.714590271507244,-0.955273320930008,-0.9881019627481824,-1.6473947882473918,-6.763379796413058,-0.5,1.0,0.0,4941.6954260717,2292.2755023464297,3945.882875767811,1821.534956156898
10.16,-70.25577545166016,-33.66645050048828,-86.99980163574219,6.700593631671942,-0.9578028380070795,-0.9884664399178944,-1.6431577239574955,-6.748352036961783,-0.5,1.0,0.0,4938.245607342047,2294.71021532126,3943.913389322608,1824.2837827931198
10.18,-70.22867584228516,-33.798946380615234,-85.86695098876953,6.686737913736819,-0.9602605260007379,-0.9887837363772511,-1.6388873175072673,-6.733238660857327,-0.5,1.0,0.0,4934.775972780661,2297.1585900472146,3941.9349876400747,1827.0505370616017
10.2,-70.19892883300781,-33.930599212646484,-84.73371124267578,6.673021464070678,-0.9626483750355316,-0.9890538649408315,-1.6345878954986925,-6.718037842516324,-0.5,1.0,0.0,4931.286607999243,2299.6214672542765,3939.9468836057504,1829.83503731398
10.22,-70.16655731201172,-34.061363220214844,-83.60018920898438,6.659442579235665,-0.9649683273331656,-0.9892771538165357,-1.6302635413387463,-6.702749632783778,-0.5,1.0,0.0,4927.777942656623,2302.099290541895,3937.9486135621073,1832.6368310705438
10.24,-70.1316146850586,-34.191184997558594,-82.46644592285156,6.645999515898954,-0.9672222749505242,-0.9894541953230197,-1.6259180987052744,-6.6873756594774925,-0.5,1.0,0.0,4924.250691890783,2304.59216574747,3935.939989710657,1835.4552419857037
10.26,-70.09408569335938,-34.32002258300781,-81.3325424194336,6.632690499728259,-0.9694120584657889,-0.9895858004242744,-1.6215551767338103,-6.671918859815285,-0.49913841681847015,1.0,0.0,4920.705804198393,2307.099914236859,3933.9210573413097,1838.2894115975791
10.28,-70.05400848388672,-34.44782257080078,-80.19852447509766,6.619619239996251,-0.9714689792753127,-0.9895881115048767,-1.6102148077344403,-6.653533563226081,-0.4974236802209273,1.0,0.0,4915.828165296074,2309.4209374402417,3932.2046106699245,1842.3449691038966
10.3,-70.01143646240234,-34.57454299926758,-79.0646743774414,6.606920486922521,-0.9733408294462668,-0.9894026612596561,-1.5919942762073065,-6.63174425459247,-0.4957825775661759,1.0,0.0,4909.536586914094,2311.6610599510295,3930.7044627037976,1847.6856774625787
10.32,-69.96636199951172,-34.70014572143555,-77.9311294555664,6.5946089738540365,-0.9750544193525437,-0.9890689237717853,-1.5744845831181005,-6.609589244033148,-0.4942121771544875,1.0,0.0,4903.253187845901,2314.0538913165333,3929.0693364571666,1853.0072936737356
10.34,-69.9188461303711,-34.824588775634766,-76.79801177978516,6.582666180855522,-0.9766153097734112,-0.9885983403202737,-1.5575469757330913,-6.5871977951237595,-0.49270887837105193,1.0,0.0,4896.986464401396,2316.557498956694,3927.3359963842604,1858.3061474886954
10.36,-69.86890411376953,-34.94783020019531,-75.66553497314453,6.571075087835468,-0.9780302392693461,-0.9880017676639661,-1.5411655455402802,-6.564684151291932,-0.4912696072452526,1.0,0.0,4890.756857465771,2319.147363954149,3925.524349233935,1863.5660961565075
10.38,-69.81656646728516,-35.0698356628418,-74.53378295898438,6.559819103155363,-0.9793068984450476,-0.987290201600056,-1.5253429358747637,-6.542148953066952,-0.489891347415752,1.0,0.0,4884.584390703793,2321.8038811574124,3923.6499212477174,1868.7708908902825
10.4,-69.7618637084961,-35.1905632019043,-73.40292358398438,6.548882012213174,-0.980453608569366,-0.9864746864927161,-1.5100788358442807,-6.5196780661432046,-0.48857132748775023,1.0,0.0,4878.4858969424,2324.5100586248054,3921.7262050669488,1873.9069030825958
10.42,-69.704833984375,-35.309974670410156,-72.27305603027344,6.538248047359157,-0.9814790677625048,-0.9855661722863969,-1.4953697062378133,-6.497344581411471,-0.4873069218657506,1.0,0.0,4872.475351115691,2327.251069592535,3919.7650308569746,1878.9628692297001
10.44,-69.6455078125,-35.42803192138672,-71.14430236816406,6.527901965204773,-0.9823921242378895,-0.9845753618667105,-1.4812082197468779,-6.475209625630433,-0.4860956690089946,1.0,0.0,4866.56396320398,2330.014028602181,3917.776759327562,1883.9298299272941
10.46,-69.58392333984375,-35.544700622558594,-70.01669311523438,6.517829106409675,-0.98320159564343,-0.9835125880216792,-1.4675840903032824,-6.453323754675059,-0.48493533510088016,1.0,0.0,4860.760541371791,2332.7878084092335,3915.770411095148,1888.800821257114
10.48,-69.52010345458984,-35.65994644165039,-68.890380859375,6.508015425985431,-0.983916135015578,-0.9823877254257144,-1.4544853241602864,-6.431728621621363,-0.48382349994116197,1.0,0.0,4855.071955705962,2335.562849018738,3913.753792929494,1893.5704760825263
10.5,-69.4541015625,-35.77372741699219,-67.76533508300781,6.498447566845256,-0.9845440748054606,-0.9812100661097447,-1.4418950872623284,-6.410455758714647,-0.4827587200029875,1.0,0.0,4849.502557530511,2338.331054634802,3911.7336486481818,1898.2355579182356
10.52,-69.38593292236328,-35.88601303100586,-66.64167022705078,6.489112751368196,-0.9850934699141776,-0.9799884039720778,-1.429802990660974,-6.389534762628383,-0.4817388571237794,1.0,0.0,4844.057018533635,2341.08541901437,3909.7157143356944,1902.7924392938057
10.54,-69.31564331054688,-35.99677276611328,-65.51946258544922,6.479998886942643,-0.9855719064092142,-0.9787308508254571,-1.4181900333191864,-6.368984150358812,-0.48076176261349646,1.0,0.0,4838.73689075156,2343.8201745177366,3907.7049257257504,1907.2401869079258
10.56,-69.24327087402344,-36.10596466064453,-64.3986587524414,6.471094599513025,-0.9859864671071982,-0.97744482836975,-1.4070356633443255,-6.348816329996663,-0.47982660279556555,1.0,0.0,4833.542357067528,2346.530590072912,3905.7054269545215,1911.579004807664
10.58,-69.16883850097656,-36.213558197021484,-63.27938461303711,6.462389027013615,-0.9863438963601235,-0.9761372641577061,-1.396330422847071,-6.329047333243296,-0.478931468259889,1.0,0.0,4828.475521294936,2349.21243849854,3903.7207226851588,1915.8073213617672
10.6,-69.09239959716797,-36.31952667236328,-62.16153335571289,6.453871957371249,-0.9866503874544411,-0.9748143727063815,-1.3860535808738579,-6.309681632752004,-0.47807500713364376,1.0,0.0,4823.534982703318,2351.862533312278,3901.753733175016,1919.9266249827347
10.62,-69.01398468017578,-36.423828125,-61.045257568359375,6.445533758197929,-0.9869116873831825,-0.973481789169021,-1.3761892483095444,-6.290723790564052,-0.47725597877186,1.0,0.0,4818.719888480542,2354.478204644806,3899.8068642334692,1923.937864533982
10.64,-68.93363189697266,-36.52643966674805,-59.93050765991211,6.437365331344043,-0.987133103703459,-0.9721445864246655,-1.3667220797819464,-6.272175992574425,-0.47647294167624843,1.0,0.0,4814.028977068538,2357.0573109570946,3897.8820910428067,1927.8423096147744
10.66,-68.85137176513672,-36.62732696533203,-58.81730270385742,6.429358129199399,-0.9873194774942282,-0.9708072583761811,-1.3576345395935447,-6.254036268313409,-0.4757249330501616,1.0,0.0,4809.459931073478,2359.598290689386,3895.9809758322785,1931.642128494393
10.68,-68.76725769042969,-36.726463317871094,-57.70561599731445,6.421504063156208,-0.9874752789893984,-0.9694738332800296,-1.3489136059250997,-6.236303882746757,-0.4750107272160582,1.0,0.0,4805.0111693679455,2362.099835311721,3894.104784062664,1935.3388052066844
10.7,-68.68131256103516,-36.82381820678711,-56.5954475402832,6.413795519131636,-0.9876045674400554,-0.9681478394865011,-1.34054360927676,-6.21897418781139,-0.47432944749638234,1.0,0.0,4800.680052249147,2364.5611174082146,3892.254456883493,1938.9347340222537
10.72,-68.59358215332031,-36.91936111450195,-55.48680877685547,6.406225287486818,-0.9877110727531387,-0.9668324027915182,-1.3325123561514187,-6.202043557917029,-0.47368014339845804,1.0,0.0,4796.464521579013,2366.981490685592,3890.4307182718107,1942.4317709582288
10.74,-68.50410461425781,-37.013065338134766,-54.37969970703125,6.398786550320816,-0.9877981914989842,-0.965530249679375,-1.3248069651064271,-6.18550640124798,-0.4730618349212912,1.0,0.0,4792.36205751158,2369.3606212753707,3888.634059986295,1945.8321605255308
10.76,-68.41292572021484,-37.10490417480469,-53.27405548095703,6.391472871308727,-0.9878690010278769,-0.9642437321002791,-1.317414428658498,-6.1693557246369535,-0.47247381174046144,1.0,0.0,4788.369851912552,2371.6984387642888,3886.8647683881313,1949.13838423453
10.78,-68.32007598876953,-37.19485092163086,-52.16987991333008,6.384278133397705,-0.9879263248910367,-0.962974903948396,-1.3103245493467253,-6.153585700223549,-0.4719152586387559,1.0,0.0,4784.485633294256,2373.9949521179155,3885.1230080049318,1952.352435117278
10.8,-68.22559356689453,-37.28287887573242,-51.06712341308594,6.377196536062991,-0.9879727235346346,-0.9617255176917598,-1.3035262159095036,-6.138188808369157,-0.47138557448982416,1.0,0.0,4780.706697882859,2376.2504038609395,3883.4087785958104,1955.4766753228928
10.82,-68.12953186035156,-37.36896514892578,-49.96577453613281,6.370222546618418,-0.9880105498837982,-0.9604970898028092,-1.2970106133425052,-6.123158579761717,-0.47088388750230425,1.0,0.0,4777.03079999051,2378.4650822071017,3881.7219957641955,1958.5130521782476
10.84,-68.03191375732422,-37.453086853027344,-48.86577224731445,6.363350929446011,-0.988041909240377,-0.9592908654120749,-1.2907664028371337,-6.108485712229148,-0.47040961611318916,1.0,0.0,4773.454861668146,2380.6395574078383,3880.062406106313,1961.4642374659702
10.86,-67.93280029296875,-37.53521728515625,-47.76718521118164,6.356576687769938,-0.988068733125816,-0.9581079021924028,-1.2847853668954687,-6.094162870366304,-0.46996196079183417,1.0,0.0,4769.976533824492,2382.7743555225175,3878.4297259353543,1964.3322528417302
10.88,-67.83221435546875,-37.615333557128906,-46.66997146606445,6.3498950838749275,-0.9880927448818724,-0.9569490389453084,-1.2790572600796242,-6.0801804681559055,-0.46954040645149975,1.0,0.0,4766.592803440782,2384.8702240705543,3876.823540111673,1967.1196984264639
10.9,-67.73020935058594,-37.69341278076172,-45.57411575317383,6.343301582345168,-0.9881155299468037,-0.9558149737889964,-1.2735748877722286,-6.066531042542832,-0.4691443826877617,1.0,0.0,4763.30140919885,2386.927827655921,3875.2434355111154,1969.8285071479013
10.92,-67.62682342529297,-37.769432067871094,-44.479408264160156,6.336791844799106,-0.9881385280797464,-0.9547062585438791,-1.2683305943591796,-6.053206357006418,-0.4687739590157132,1.0,0.0,4760.099887185933,2388.9479328739135,3873.6889289483875,1972.460786094573
10.94,-67.5220947265625,-37.84337615966797,-43.386043548583984,6.330361611364106,-0.988163161026017,-0.9536234317993715,-1.2633231829161111,-6.040203454595126,-0.4684277224044335,1.0,0.0,4756.98751722468,2390.930974231037,3872.159664422904,1975.0171051101586
10.96,-67.41606903076172,-37.91522216796875,-42.293968200683594,6.3240069457555945,-0.9881905396300809,-0.9525667231347968,-1.2585366440485881,-6.027506146633697,-0.46810541072466805,1.0,0.0,4753.95935874784,2392.878369964171,3870.65482062151,1977.5017414739198
10.98,-67.30878448486328,-37.98495101928711,-41.20298385620117,6.317724046083244,-0.9882217359009909,-0.9515363421443626,-1.253967054213076,-6.015108520038222,-0.46780702900190135,1.0,0.0,4751.013816261974,2394.7908412799998,3869.1738739355696,1979.9160291450016
11.0,-67.20028686523438,-38.05254364013672,-40.1131477355957,6.311509169281131,-0.9882578113106695,-0.9505324986400915,-1.249612981071503,-6.003006782473396,-0.467531923627789,1.0,0.0,4748.149980670487,2396.6689626863645,3867.7163655085296,1982.2606988449788
11.02,-67.09062194824219,-38.11798095703125,-39.024452209472656,6.305358743545238,-0.9882996807956104,-0.9495552668740777,-1.245466329335173,-5.991191032527809,-0.46727968721271435,1.0,0.0,4745.365013200173,2398.513782293603,3866.2816025176176,1984.5381743174244
11.04,-66.97982788085938,-38.18124771118164,-37.936893463134766,6.299269330257827,-0.9883481828637772,-0.9486046636234328,-1.2415217444255993,-5.979653620651962,-0.4670497745265852,1.0,0.0,4742.656819437358,2400.3262065471317,3864.8689471871676,1986.7502239242249
11.06,-66.86795043945312,-38.24232482910156,-36.8504524230957,6.293237637991625,-0.9884040527373162,-0.9476806206222892,-1.2377725541296185,-5.968385620919139,-0.46684192174205774,1.0,0.0,4740.022909948251,2402.10724912495,3863.477705560919,1988.8989625610398
11.08,-66.75503540039062,-38.30120086669922,-35.7650146484375,6.287260469284468,-0.9884679864520143,-0.9467830505232816,-1.2342150487569137,-5.957380691807184,-0.46665581703103864,1.0,0.0,4737.461627812276,2403.8577396647647,3862.1072678452592,1990.9857741970675
11.1,-66.64111328125,-38.35785675048828,-34.68061828613281,6.281334721458208,-0.9885406260410323,-0.9459118305199115,-1.230845016359419,-5.946631980277803,-0.466491108268209,1.0,0.0,4734.9711601335075,2405.578553412414,3860.7569994689275,1993.0121796567691
11.12,-66.52623748779297,-38.41227722167969,-33.59718322753906,6.275457392451531,-0.9886225538846628,-0.945066798019692,-1.2276578919502361,-5.936132243450376,-0.4663476785946126,1.0,0.0,4732.5495791176845,2407.2706042084537,3859.426243371401,1994.9798003485614
11.14,-66.41045379638672,-38.464454650878906,-32.51469421386719,6.26962553641223,-0.9887143420282033,-0.944247800406076,-1.2246515338470494,-5.925876408967228,-0.46622494534317505,1.0,0.0,4730.195648830662,2408.9346440559407,3858.1144202754726,1996.8896509555702
11.16,-66.29380798339844,-38.514373779296875,-31.43311882019043,6.263836342731971,-0.9888164528057168,-0.9434545950394014,-1.2218190658931938,-5.9158550263752865,-0.46612275771958034,1.0,0.0,4727.906754756066,2410.5717689777425,3856.820778738117,1998.743955205391
11.18,-66.17632293701172,-38.56201934814453,-30.3524227142334,6.258087061257238,-0.9889293422476997,-0.9426869557556368,-1.219158183877371,-5.906062826958181,-0.4660409191189056,1.0,0.0,4725.68160579391,2412.1827530068012,3855.5447268237635,2000.54377701957
11.2,-66.05807495117188,-38.60737991333008,-29.272615432739258,6.252375007994189,-0.989053431025597,-0.941944644168244,-1.2166653553902311,-5.8964930349248865,-0.46597923018508985,1.0,0.0,4723.518493646769,2413.768525161506,3854.285574915164,2002.2905414235083
11.22,-65.9390869140625,-38.65045166015625,-28.19362449645996,6.246697563790727,-0.9891891064343874,-0.9412274110066231,-1.2143384143696638,-5.887140851040539,-0.46593717455580236,1.0,0.0,4721.416196572141,2415.3297998153957,3853.042779147785,2003.9852569619543
11.24,-65.81940460205078,-38.69121551513672,-27.115432739257812,6.241052204365998,-0.9893366994064977,-0.9405349545138616,-1.2121718834617456,-5.877998497178086,-0.4659149081300144,1.0,0.0,4719.372606917187,2416.8674868765493,3851.8157081078443,2005.629711750474
11.26,-65.69908142089844,-38.72967529296875,-26.03803253173828,6.235436405878525,-0.9894965939492657,-0.9398670485860656,-1.210166486209096,-5.869063399205811,-0.4659116710140874,1.0,0.0,4717.387294221392,2418.3821617366184,3850.6038656330857,2007.2242161354116
11.28,-65.5781478881836,-38.765811920166016,-24.96140480041504,6.229847801536702,-0.989669018770208,-0.9392233325972512,-1.2083135181771247,-5.860324204099626,-0.46592763964586614,1.0,0.0,4715.457070193346,2419.8750964798246,3849.4064024870813,2008.7714972819558
11.3,-65.4566650390625,-38.79962158203125,-23.885475158691406,6.224284019530631,-0.9898542706141518,-0.9386035379300169,-1.2066141508610084,-5.851778860979771,-0.46596265724293423,1.0,0.0,4713.58165791783,2421.3468137282903,3848.2228561663214,2010.271733768619
11.32,-65.33466339111328,-38.831092834472656,-22.810283660888672,6.218742735222476,-0.9900526108486999,-0.9380073800241857,-1.205065122396902,-5.843420793144009,-0.4660165324912504,1.0,0.0,4711.759429715544,2422.798228507182,3847.0525449350503,2011.7262826413803
11.34,-65.21219635009766,-38.8602294921875,-21.735734939575195,6.2132216796341595,-0.9902642700706014,-0.9374345630708988,-1.2036644362632185,-5.835245405049704,-0.46608887582020914,1.0,0.0,4709.989212426124,2424.2300395822353,3845.8949373492273,2013.1361133969426
11.36,-65.08930969238281,-38.88701629638672,-20.661827087402344,6.20771866514668,-0.9904894248239532,-0.9368847496743887,-1.202407496580155,-5.827245458051517,-0.46617991757597466,1.0,0.0,4708.269098958617,2425.6431500075405,3844.7493913450717,2014.5028371914568
11.38,-64.96603393554688,-38.91145706176758,-19.588563919067383,6.20223147830457,-0.9907283250127122,-0.9363576907546591,-1.2012960503137602,-5.819419642035302,-0.4662890167686012,1.0,0.0,4706.599020240755,2427.0379993459537,3843.615500149683,2015.8264550839262
11.4,-64.8424301147461,-38.93354034423828,-18.515872955322266,6.196758033479584,-0.9909810903021707,-0.9358530212509314,-1.2003227601103248,-5.8117580432287115,-0.4664165614699448,1.0,0.0,4704.976220912031,2428.4157269068746,3842.4924938288077,2017.1093199496736
11.42,-64.71853637695312,-38.953269958496094,-17.443735122680664,6.191296193347072,-0.9912479515304277,-0.9353705040668566,-1.1994910875370146,-5.80426102273227,-0.46656208938905186,1.0,0.0,4703.401149013813,2429.7766316375364,3841.3800417624134,2018.3509816225685
11.44,-64.59439849853516,-38.97064208984375,-16.372177124023438,6.185843912904948,-0.9915290401131267,-0.9349098140382437,-1.1987954702426735,-5.796920378366025,-0.4667254752496457,1.0,0.0,4701.871579472249,2431.121710023859,3840.277450572503,2019.5533298235532
11.46,-64.47006225585938,-38.98564910888672,-15.301108360290527,6.180399188428082,-0.991824483347778,-0.9344706387806381,-1.1982340593007759,-5.789731456482794,-0.46690699408713265,1.0,0.0,4700.38639339077,2432.4516676654866,3839.184179706417,2020.7172869106635
11.48,-64.34557342529297,-38.99830627441406,-14.230521202087402,6.174959977073742,-0.9921344799542662,-0.9340527485302141,-1.197809023463446,-5.782693473676726,-0.4671058773942869,1.0,0.0,4698.9456713039235,2433.766886985816,3838.0998606614708,2021.842726440595
11.5,-64.22096252441406,-39.00859451293945,-13.160391807556152,6.1695243873888845,-0.9924590644624793,-0.9336557622522279,-1.1975116875641187,-5.775795289452667,-0.4673227079352266,1.0,0.0,4697.546270578863,2435.0686033386287,3837.0236771415057,2022.9323424579634
11.52,-64.09629821777344,-39.01652908325195,-12.090718269348145,6.164090439363336,-0.9927984267758805,-0.9332794685966134,-1.197347590417267,-5.769039395268379,-0.4675569891454944,1.0,0.0,4696.1892861381475,2436.356924285127,3835.955408346813,2023.9851224806887
11.54,-63.97159957885742,-39.02210235595703,-11.021440505981445,6.158656248711368,-0.9931526407014878,-0.9329235479094892,-1.1973107598798807,-5.762417271758076,-0.4678088665181301,1.0,0.0,4694.872385567773,2437.6328643854076,3834.8943567705364,2025.0030526601033
11.56,-63.84693145751953,-39.02532196044922,-9.952559471130371,6.153219922500693,-0.9935218299361419,-0.9325877441913383,-1.1974021156772794,-5.7559270044006565,-0.4680782107412371,1.0,0.0,4693.595291651152,2438.896893365036,3833.8401120829235,2025.9863215768005
11.58,-63.72233200073242,-39.02619171142578,-8.884077072143555,6.147779601247913,-0.9939060907476461,-0.9322717832711009,-1.197619581659467,-5.749563832599958,-0.46836485764314273,1.0,0.0,4692.356838417501,2440.14971278357,3832.792143471317,2026.9358958342816
11.6,-63.59784698486328,-39.02471160888672,-7.815926551818848,6.142333471219307,-0.9943054890658272,-0.9319753732324861,-1.1979608272163886,-5.743322750858027,-0.4686690018460028,1.0,0.0,4691.155785123058,2441.39204558246,3831.7499086730345,2027.8528076845528
11.62,-63.473514556884766,-39.020896911621094,-6.748113632202148,6.136879695170742,-0.9947201414380968,-0.9316982816541534,-1.1984266569951558,-5.737201568427422,-0.4689900869129714,1.0,0.0,4689.991764147233,2442.6244107243133,3830.712962540724,2028.7373228570696
11.64,-63.34938430786133,-39.014739990234375,-5.680605888366699,6.1314165405303065,-0.9951500543502536,-0.9314401706023979,-1.1990110185039713,-5.731191986098257,-0.46932868236447356,1.0,0.0,4688.862530840145,2443.8477510554376,3829.6806649014907,2029.5913569651411
11.66,-63.22549819946289,-39.00625228881836,-4.613374710083008,6.125942184319724,-0.9955953786990335,-0.9312008552292008,-1.199719514926399,-5.7252968229775405,-0.46968454867256904,1.0,0.0,4687.769223213487,2445.062128895013,3828.652833014617,2030.4138647603272
11.68,-63.101898193359375,-38.99544143676758,-3.546417713165283,6.120454852025429,-0.9960561983144475,-0.9309800873259533,-1.2005488079626525,-5.7195101591666955,-0.4700576068165611,1.0,0.0,4686.710308197236,2446.2683356835005,3827.6288923736156,2031.2061355663943
11.7,-62.9786262512207,-38.98231887817383,-2.479675769805908,6.114952800481211,-0.996532583942647,-0.9307776163118181,-1.2014974282858883,-5.713827864505521,-0.47044773108116866,1.0,0.0,4685.684811310002,2447.4670164208633,3826.608345340008,2031.968970271313
11.72,-62.855735778808594,-38.966888427734375,-1.413177490234375,6.109434341054325,-0.9970245537777631,-0.9305931612544511,-1.202562980369754,-5.708244634412973,-0.4708551667456866,1.0,0.0,4684.691388878694,2448.6589624412463,3825.5905994928235,2032.7034883375836
11.74,-62.7332649230957,-38.949161529541016,-0.3468932509422302,6.103897744432507,-0.997532192860123,-0.9304265097263358,-1.2037467358826157,-5.702758852733979,-0.4712797971777766,1.0,0.0,4683.729917227774,2449.8445978618656,3824.575272083928,2033.4097462461996
11.76,-62.61125183105469,-38.92914962768555,0.719225287437439,6.098341309765059,-0.9980555560113125,-0.9302774212446168,-1.2050471847900706,-5.697366666520588,-0.4717215580612797,1.0,0.0,4682.79944920304,2451.0245178549976,3823.561908127535,2034.0885256737888
11.78,-62.48974609375,-38.9068603515625,1.785180687904358,6.092763362909936,-0.9985946841803631,-0.9301456488394763,-1.2064628871751868,-5.692064005275781,-0.4721806610236406,1.0,0.0,4681.899024994807,2452.199358864339,3822.550016963345,2034.7406158619387
11.8,-62.3687858581543,-38.88230895996094,2.850996255874634,6.087162202898272,-0.999149662538134,-0.9300309949217167,-1.2079952392452042,-5.6868495250304,-0.472656943436654,1.0,0.0,4681.028531029283,2453.369530587607,3821.539228196767,2035.3660659836505
11.82,-62.24842071533203,-38.855506896972656,3.916692018508911,6.081536170599482,-0.9997205285130789,-0.9299332193263075,-1.2096416583019218,-5.681718042039321,-0.47315056964303226,1.0,0.0,4680.186662858137,2454.5357633514805,3820.5290009512387,2035.9659666780058
11.84,-62.128684997558594,-38.82646942138672,4.98228645324707,6.075883592382592,-1.0003073522197465,-0.9298521212459899,-1.2114030400901348,-5.676667718034369,-0.4736614039280846,1.0,0.0,4679.373155288293,2455.698509766549,3819.5189415036075,2036.5404997684907
11.86,-62.00962448120117,-38.79520797729492,6.047799587249756,6.070202832123667,-1.00091016227054,-0.9297874633634617,-1.213277083592687,-5.6716936478417,-0.47418964386852774,1.0,0.0,4678.586789704857,2456.858476313923,3818.508522229004,2037.090681203474
11.88,-61.89127731323242,-38.76173782348633,7.113247394561768,6.064492232663468,-1.0015290255218416,-0.9297390523474982,-1.215265009149679,-5.666794306677377,-0.47473527608494237,1.0,0.0,4677.827398077606,2458.0160894152223,3817.4973635953997,2037.616608092068
11.9,-61.77368927001953,-38.72607421875,8.1786527633667,6.058750151816869,-1.0021639903665003,-0.9297066800749109,-1.217365732862035,-5.661965944310279,-0.4752984328714866,1.0,0.0,4677.094121908998,2459.1719612269735,3816.4849873250664,2038.1189813508568
11.92,-61.65690231323242,-38.688236236572266,9.244029998779297,6.052974938820262,-1.0028151220947132,-0.9296901601389366,-1.2195797045643626,-5.657206264692302,-0.4758790830124374,1.0,0.0,4676.386556879252,2460.326585644456,3815.470976663229,2038.5981044284913
11.94,-61.54095458984375,-38.64824295043945,10.309395790100098,6.0471649635040015,-1.0034824626442307,-0.9296892869332933,-1.2219056263833439,-5.6525112896414536,-0.4764771852687968,1.0,0.0,4675.70377644647,2461.4805964973957,3814.4548407432612,2039.0547375896504
11.96,-61.4258918762207,-38.60610580444336,11.374771118164062,6.0413186198986955,-1.004166033954076,-0.9297038402548382,-1.2243421555873364,-5.647877009303613,-0.47709314649127105,1.0,0.0,4675.04484348305,2462.634629277385,3813.4360884858625,2039.4896507066405
11.98,-61.31174850463867,-38.56184768676758,12.44017505645752,6.035434242156174,-1.0048659334357992,-0.9297336784964316,-1.226892567974812,-5.643303811079261,-0.4777268033970668,1.0,0.0,4674.410190556158,2463.7889586049646,3812.4144177959756,2039.9024150402379
12.0,-61.19856262207031,-38.51548385620117,13.505615234375,6.0295102082687215,-1.0055821946250216,-0.9297785980314647,-1.229554045138363,-5.638786220414783,-0.47837837647369646,1.0,0.0,4673.798429877338,2464.9443463064326,3811.3892684198254,2040.294193932683
12.02,-61.08638000488281,-38.467041015625,14.571109771728516,6.023544875759473,-1.0063148852565917,-0.9298384347034858,-1.2323278894514502,-5.63432268665938,-0.4790478011720026,1.0,0.0,4673.20939736374,2466.1012330946846,3810.360248037222,2040.6650799988392
12.04,-60.9752311706543,-38.41653823852539,15.636686325073242,6.017536629741514,-1.0070640355376166,-0.9299129895481805,-1.2352123478229722,-5.6299087442553315,-0.4797351258765228,1.0,0.0,4672.642020760339,2467.2602989738707,3809.326839004966,2041.0159605853669
12.06,-60.865169525146484,-38.36399459838867,16.702354431152344,6.011483865133083,-1.0078296713590966,-0.9300020638777171,-1.238206926695531,-5.625541133143962,-0.4804407828133548,1.0,0.0,4672.095603419253,2468.422124789434,3808.288575922631,2041.3473946067334
12.08,-60.75621795654297,-38.30943298339844,17.768131256103516,6.0053849133262265,-1.0086118914897721,-0.9301055336867379,-1.241315042637429,-5.621220274422094,-0.48116462809313615,1.0,0.0,4671.57059974773,2469.586993839197,3807.245146969703,2041.6589330441116
12.1,-60.6484260559082,-38.25287628173828,18.834030151367188,5.999238148136272,-1.0094107289324734,-0.9302232100506772,-1.2445339628746468,-5.616940703344515,-0.48190697618395745,1.0,0.0,4671.065633265828,2470.755675407262,3806.1959843012655,2041.9517285610373
12.12,-60.54182434082031,-38.19435119628906,19.900070190429688,5.993041907732732,-1.0102262645076683,-0.9303549562335218,-1.247865844058431,-5.612701570436379,-0.48266773361993415,1.0,0.0,4670.580771150862,2471.9285655441477,3805.1407130572406,2042.2256699933093
12.14,-60.436458587646484,-38.133880615234375,20.966276168823242,5.986794565072398,-1.0110585265989211,-0.930500584507558,-1.2513084835685035,-5.608497888599782,-0.4834472468382367,1.0,0.0,4670.114789241288,2473.106397671663,3804.0787827204495,2042.4817764458733
12.16,-60.33235168457031,-38.07148742675781,22.03264617919922,5.9804944510627776,-1.0119075958571495,-0.9306599629244957,-1.2548643302156317,-5.604329042601004,-0.4842455176038261,1.0,0.0,4669.667832670504,2474.289553574243,3803.0098236255903,2042.7198680040697
12.18,-60.229549407958984,-38.0072021484375,23.099227905273438,5.974139914217493,-1.0127735175175443,-0.9308329246723337,-1.2585321063710155,-5.60019086963415,-0.4850626826360967,1.0,0.0,4669.238940425361,2475.4787054194567,3801.9333143041385,2042.9407327101947
12.2,-60.128089904785156,-37.94104766845703,24.165996551513672,5.9677293004368455,-1.0136563394966787,-0.9310193088887523,-1.2623120132985204,-5.596080583354187,-0.48589908669462956,1.0,0.0,4668.827584766834,2476.674416599515,3800.8487883942803,2043.1447790891812
12.22,-60.02799606323242,-37.87305450439453,25.233009338378906,5.961260912394983,-1.0145561512788295,-0.9312189975274631,-1.2662063403377912,-5.591997318115784,-0.486754553635995,1.0,0.0,4668.433843578572,2477.8771003571746,3799.7558545341008,2043.331884675491
12.24,-59.92931365966797,-37.80324935913086,26.300256729125977,5.9547331058267545,-1.015472965995199,-0.9314317970567147,-1.2702118894607384,-5.5879350384210715,-0.487629500325118,1.0,0.0,4668.056177705206,2479.087587613108,3798.6539057718974,2043.503342882881
12.26,-59.83207702636719,-37.731658935546875,27.36776351928711,5.948144184592297,-1.016406861751956,-0.9316575828595925,-1.2743317567246122,-5.583893584848384,-0.48852418760220134,1.0,0.0,4667.694892979748,2480.3062412551735,3797.5425736666925,2043.6588310178745
12.28,-59.7363166809082,-37.6583137512207,28.4355411529541,5.941492423373106,-1.017357928010187,-0.9318962404437238,-1.2785671908872247,-5.579871002560233,-0.4894386995897123,1.0,0.0,4667.349738623293,2481.5335747011204,3796.421409171893,2043.7985127791683
12.3,-59.64207077026367,-37.58324432373047,29.503597259521484,5.934776105678619,-1.0183262288412585,-0.932147630842548,-1.282917577118338,-5.575863544154959,-0.4903733083206529,1.0,0.0,4667.019907908754,2482.770250792776,3795.2898838515225,2043.923038055003
12.32,-59.54935836791992,-37.5064811706543,30.57195281982422,5.9279934911175305,-1.019311847126231,-0.9324116360134937,-1.2873842789146484,-5.571869269553613,-0.49132796108781746,1.0,0.0,4666.705166275828,2484.016793072773,3794.1475379637204,2044.0325549627667
12.34,-59.45822525024414,-37.42805480957031,31.640625,5.9211428734479,-1.0203148116459027,-0.9326880846055179,-1.2919652452129782,-5.567883059544993,-0.49230316286990605,1.0,0.0,4666.4042804062465,2485.273977430092,3792.9937837240095,2044.128086732979
12.36,-59.36869812011719,-37.347999572753906,32.709598541259766,5.914222480429093,-1.0213352231094315,-0.9329768799083781,-1.2966642763099407,-5.563905170221446,-0.49329895704844134,1.0,0.0,4666.117714450234,2486.5421615667456,3791.8282414763294,2044.2091683576768
12.38,-59.28081512451172,-37.2663459777832,33.77891540527344,5.907230554161196,-1.0223731384712809,-0.9332778796290364,-1.3014801774148836,-5.559931185797123,-0.4943157928095321,1.0,0.0,4665.844466416533,2487.822076007544,3790.6503411542526,2044.2766189299518
12.4,-59.19458770751953,-37.183128356933594,34.848567962646484,5.900165283272609,-1.0234286661285255,-0.9335909950662571,-1.3064160229977253,-5.555960557686466,-0.4953534845047516,1.0,0.0,4665.584762482746,2489.11415727204,3789.4596555460703,2044.3301798936827
12.42,-59.11006164550781,-37.0983772277832,35.918575286865234,5.8930249161808215,-1.0245018220936921,-0.9339160440737496,-1.3114681913210509,-5.551986569141259,-0.4964127351990533,1.0,0.0,4665.336883115031,2490.4193236234532,3788.2555167641126,2044.3712983897226
12.44,-59.02726364135742,-37.01213073730469,36.98896789550781,5.885807603589243,-1.025592732887112,-0.9342529590868555,-1.3166424220297777,-5.54801102725768,-0.49749359801131443,1.0,0.0,4665.101809708782,2491.737839445898,3787.03757772714,2044.3990524255432
12.46,-58.946224212646484,-36.9244270324707,38.05976486206055,5.878511509606047,-1.02670147070326,-0.9346016142513102,-1.3219373973335695,-5.544029207865456,-0.49859625515613254,1.0,0.0,4664.878465696378,2493.070482012833,3785.80523340309,2044.4143234089652
12.48,-58.86696243286133,-36.83529281616211,39.130977630615234,5.871134798277222,-1.0278280978623116,-0.9349618762010641,-1.327353276809146,-5.540037698203823,-0.4997211390632681,1.0,0.0,4664.6661954611955,2494.417932905088,3784.557923347177,2044.4176230818368
12.5,-58.78950500488281,-36.74477005004883,40.202632904052734,5.863675584258138,-1.0289727148806342,-0.935333650671962,-1.3328927665864805,-5.536035346387471,-0.5,1.0,0.0,4664.465066065543,2495.78070671773,3783.295165670324,2044.4088283941123
12.52,-58.713890075683594,-36.65289306640625,41.27462387084961,5.85629122349518,-1.0299634651411036,-0.9355448469381199,-1.3296811208274826,-5.524082096113875,-0.5,1.0,0.0,4661.744148103779,2497.7520358894653,3781.7344663954036,2046.610449069718
12.54,-58.6401252746582,-36.5597038269043,42.34674072265625,5.849037566421783,-1.0307841676650173,-0.9355875624891691,-1.3240795875650444,-5.510031751008406,-0.5,1.0,0.0,4658.352344260454,2499.8764921226875,3780.103321420837,2049.4023310048183
12.56,-58.5682258605957,-36.46523666381836,43.418766021728516,5.841903859383603,-1.0314679422038906,-0.9354971465835054,-1.3189831999294654,-5.496580754422823,-0.5,1.0,0.0,4655.135314434977,2501.938824176337,3778.51177185633,2052.0438595282226
12.58,-58.49822998046875,-36.369529724121094,44.490604400634766,5.834876402269276,-1.032037814326661,-0.9352960889407181,-1.31428800662159,-5.483633917737354,-0.5,1.0,0.0,4652.062205945525,2503.9459208760463,3776.956565157493,2054.5620438491123
12.6,-58.43013000488281,-36.27262496948242,45.56230163574219,5.827943829907956,-1.0325128759383828,-0.9350032674002778,-1.3099301839800395,-5.471113249030424,-0.5,1.0,0.0,4649.110549450354,2505.906150216661,3775.4323030794285,2056.976211599849
12.62,-58.36396789550781,-36.17455291748047,46.633480072021484,5.821096615905713,-1.0329089384633452,-0.9346345520520667,-1.3058565762753582,-5.458954147483948,-0.5,1.0,0.0,4646.261716473362,2507.8264275806087,3773.934529321285,2059.302387960162
12.64,-58.29974365234375,-36.075355529785156,47.704227447509766,5.814326776793357,-1.0332390792917223,-0.9342032489494502,-1.3020223493361291,-5.447103216771218,-0.5,1.0,0.0,4643.500209186294,2509.712371031839,3772.459657746692,2061.553917858958
12.66,-58.23747253417969,-35.97507095336914,48.774505615234375,5.8076276236189335,-1.0335141029439916,-0.9337204860362364,-1.2983897958865809,-5.435516410663134,-0.5,1.0,0.0,4640.8131624071975,2511.568535255035,3771.0048090879336,2063.741889560478
12.68,-58.17718505859375,-35.873741149902344,49.84419631958008,5.800993550658596,-1.0337429286485824,-0.9331955485277494,-1.294927298208177,-5.42415744891321,-0.5,1.0,0.0,4638.189916748282,2513.3986102269555,3769.5676726586157,2065.875497931848
12.7,-58.1188850402832,-35.77140426635742,50.913272857666016,5.794419856474643,-1.0339329147912637,-0.9326361682281786,-1.2916084129985335,-5.412996476576868,-0.5,1.0,0.0,4635.621653124971,2515.2055853598577,3768.1463933404166,2067.962356099266
12.72,-58.06258010864258,-35.668094635009766,51.981658935546875,5.787902593015495,-1.0340901296189435,-0.9320487715253989,-1.2884110729330422,-5.402008938371368,-0.5,1.0,0.0,4633.101082469271,2516.991884056503,3766.739479970229,2070.008760516401
12.74,-58.008304595947266,-35.5638542175293,53.049339294433594,5.781438438824899,-1.034219576471669,-0.9314386908291795,-1.2853168967355402,-5.391174639555563,-0.5,1.0,0.0,4630.622184165923,2518.7594733823385,3765.345731500028,2072.0199147873354
12.76,-57.95604705810547,-35.45872497558594,54.116310119628906,5.775024592837365,-1.0343253807389319,-0.9308103440215403,-1.2823105975952187,-5.380476966359115,-0.5,1.0,0.0,4628.179986800258,2520.5099530487,3763.964177759241,2074.0001175770353
12.78,-57.90583801269531,-35.35274124145508,55.18254852294922,5.768658685653421,-1.034410944732756,-0.9301673861615722,-1.2793794790709818,-5.369902241442023,-0.5,1.0,0.0,4625.770385200776,2522.2446273465666,3762.5940321130374,2075.9529196455323
12.8,-57.85768508911133,-35.245948791503906,56.24805450439453,5.762338705587953,-1.0344790757619158,-0.9295128372963349,-1.2765130077431426,-5.359439192688256,-0.5,1.0,0.0,4623.389988321147,2523.9645631303256,3761.234653744017,2077.8812545926157
12.82,-57.81159210205078,-35.13838195800781,57.31281661987305,5.756062937155501,-1.0345320918866199,-0.9288491898170884,-1.2737024524715836,-5.349078516504225,-0.5,1.0,0.0,4621.035993132889,2525.670636453095,3759.8855176742104,2079.787547387687
12.84,-57.76757049560547,-35.03008270263672,58.37681198120117,5.749829909991127,-1.0345719091301417,-0.9281784983930368,-1.2709405809725334,-5.338812519515243,-0.5,1.0,0.0,4618.706080327845,2527.363570012958,3758.546190982995,2081.673804240129
12.86,-57.72563171386719,-34.92109298706055,59.440059661865234,5.743638356502727,-1.0346001133171927,-0.9275024551291731,-1.2682214053871517,-5.328634825033429,-0.5,1.0,0.0,4616.398328223144,2529.0439631860486,3757.216313965496,2083.5416868711154
12.88,-57.685791015625,-34.81144714355469,60.50251007080078,5.737487176810979,-1.0346180191899204,-0.9268224522395775,-1.2655399694946217,-5.318540132865903,-0.5,1.0,0.0,4614.111141801442,2530.712316097006,3755.895585217675,2085.392573795475
12.9,-57.64804458618164,-34.70119094848633,61.564212799072266,5.731375409758815,-1.0346267190116685,-0.9261396342067743,-1.2628921711611973,-5.308524022938585,-0.5,1.0,0.0,4611.843194298463,2532.369048904252,3754.583749834545,2087.2276108192086
12.92,-57.61240768432617,-34.59035873413086,62.625091552734375,5.7253022089662755,-1.0346271224964332,-0.9254549411124364,-1.2602746144899508,-5.298582794840078,-0.5,1.0,0.0,4609.593379167486,2534.014517251755,3753.2805900715116,2089.04775260596
12.94,-57.578880310058594,-34.479000091552734,63.685211181640625,5.719266823072358,-1.034619989589111,-0.9247691445738617,-1.257684486922816,-5.2887133367685095,-0.5,1.0,0.0,4607.360770609199,2535.649024653178,3751.9859179518503,2090.8537968621135
12.96,-57.54747009277344,-34.36714553833008,64.74453735351562,5.713268579446263,-1.0346059573596689,-0.9240828775021199,-1.2551194572483662,-5.278913018518772,-0.5,1.0,0.0,4605.144591160691,2537.2728324233985,3750.6995694101556,2092.646412431162
12.98,-57.5181770324707,-34.25483703613281,65.80304718017578,5.707306870769414,-1.034585562055729,-0.9233966587088371,-1.2525775910808947,-5.269179604109548,-0.5,1.0,0.0,4602.944185094957,2538.8861676495876,3749.4213996475687,2094.4261623689904
13.0,-57.49102020263672,-34.14211654663086,66.86080169677734,5.701381143990028,-1.0345592571760398,-0.9227109132262657,-1.2500572809110087,-5.2595111804456325,-0.5,1.0,0.0,4600.758996598373,2540.489229595382,3748.1512794428268,2096.193522887544
13.02,-57.46598815917969,-34.02902603149414,67.91775512695312,5.6954908912362,-1.0345274282761536,-0.9220259890665601,-1.2475571882851042,-5.249906099067767,-0.5,1.0,0.0,4598.588551873999,2542.082194852349,3746.889092217418,2097.9488989003785
13.04,-57.44308853149414,-33.91559982299805,68.97390747070312,5.689635642343993,-1.0344904050923172,-0.9213421710281746,-1.2450761960643162,-5.240362928581808,-0.5,1.0,0.0,4596.4324444684335,2543.6652214892456,3745.63473169618,2099.6926367753676
13.06,-57.42232894897461,-33.8018798828125,70.02928924560547,5.6838149587160425,-1.0344484714658813,-0.9206596920572981,-1.2426133690465473,-5.230880415801816,-0.5,1.0,0.0,4594.290323244305,2545.238452398936,3744.3881000384354,2101.4250347932966
13.08,-57.40369415283203,-33.68790817260742,71.08390045166016,5.678028428275248,-1.0344018734648404,-0.9199787425877858,-1.2401679215179062,-5.221457454003473,-0.5,1.0,0.0,4592.16188252313,2546.8020180021695,3743.149106341561,2103.1463517229918
13.1,-57.38720703125,-33.57372283935547,72.13770294189453,5.672275661319058,-1.0343508260283976,-0.9192994782119784,-1.2377391905386865,-5.212093056980211,-0.5,1.0,0.0,4590.04685400821,2548.3560384353827,3741.9176654396915,2104.8568138505807
13.12,-57.37284469604492,-33.4593620300293,73.19074249267578,5.666556287113812,-1.0342955184021303,-0.9186220259751103,-1.2353266139689323,-5.202786337835646,-0.5,1.0,0.0,4587.945000166896,2549.900625323754,3740.693696936904,2106.5566207405595
13.14,-57.36062240600586,-33.34486389160156,74.24302673339844,5.66086995109677,-1.0342361185833335,-0.9179464895360335,-1.2329297124074872,-5.193536491642937,-0.5,1.0,0.0,4585.856108809189,2551.4358832205844,3739.4771244269596,2108.2459499566094
13.16,-57.35053634643555,-33.23027420043945,75.29451751708984,5.655216312576829,-1.0341727769565818,-0.9172729533952384,-1.2305480743586725,-5.18434278126209,-0.5,1.0,0.0,4583.779988646858,2552.9619107776716,3738.2678748619046,2109.9249609294
13.18,-57.34257507324219,-33.11562728881836,76.34526062011719,5.649595042844169,-1.0341056292670905,-0.9166014863563323,-1.2281813440589733,-5.175204525736745,-0.5,1.0,0.0,4581.716465656014,2554.4788016985203,3737.0658780397102,2111.593798125074
13.2,-57.33674621582031,-33.0009651184082,77.39519500732422,5.644005823615099,-1.0340347990527503,-0.9159321443581708,-1.2258292114930205,-5.166121090798889,-0.5,1.0,0.0,4579.665380098022,2555.986645515874,3735.8710661874056,2113.252593640502
13.22,-57.33303451538086,-32.886322021484375,78.44441223144531,5.638448345751485,-1.0339603996338051,-0.9152649727907737,-1.2234914042111023,-5.157091881096298,-0.5,1.0,0.0,4577.626584079762,2557.4855282270073,3734.6833736209383,2114.9014693287454
13.24,-57.331443786621094,-32.7717399597168,79.49283599853516,5.632922308204997,-1.0338825357411618,-0.9146000083881974,-1.2211676806267082,-5.1481163338285105,-0.5,1.0,0.0,4575.599939555708,2558.975532813527,3733.5027364669463,2116.5405385395884
13.26,-57.33197021484375,-32.65725326538086,80.54052734375,5.627427417145395,-1.0338013048495875,-0.9139372807750191,-1.2188578245299841,-5.139193913534624,-0.5,1.0,0.0,4573.585316691849,2560.45673966731,3732.3290924345865,2118.1699075447186
13.28,-57.33460235595703,-32.542911529541016,81.58744812011719,5.6219633852393525,-1.0337167982699527,-0.9132768137294158,-1.2165616405987052,-5.130324107823153,-0.5,1.0,0.0,4571.582592525952,2561.9292269400707,3731.1623806279067,2119.7896767046113
13.3,-57.33934020996094,-32.42873764038086,82.63362884521484,5.616529931052477,-1.0336291020447903,-0.9126186262145503,-1.2142789507275613,-5.121506423872826,-0.5,1.0,0.0,4569.591649870527,2563.393070830625,3730.0025413912044,2121.399941423847
13.32,-57.34616470336914,-32.314781188964844,83.67901611328125,5.611126778552028,-1.0335382976833463,-0.9119627332206709,-1.2120095910276014,-5.112740385563948,-0.5,1.0,0.0,4567.612376414401,2564.8483458212827,3728.8495161812675,2123.00079293326
13.34,-57.35508346557617,-32.20107650756836,84.72368621826172,5.605753656692029,-1.0334444627656454,-0.9113091464526687,-1.2097534093751274,-5.104025531125946,-0.5,1.0,0.0,4565.644663986974,2566.2951248726886,3727.703247461538,2124.5923189302657
13.36,-57.3660774230957,-32.0876579284668,85.76758575439453,5.600410299065715,-1.0333476714396925,-0.9106578748915408,-1.2075102634093795,-5.095361411207449,-0.5,1.0,0.0,4563.688407955546,2567.7334795846054,3726.5636786142672,2126.174604103166
13.38,-57.3791389465332,-31.97456169128418,86.8107681274414,5.595096443613094,-1.033247994831485,-0.9100089252530167,-1.2052800188983397,-5.086747587291998,-0.5,1.0,0.0,4561.743506731573,2569.163480328849,3725.430753867366,2127.747730560481
13.4,-57.39426040649414,-31.861833572387695,87.85319519042969,5.58981183237356,-1.0331455013838882,-0.9093623023623701,-1.2030625484045079,-5.078183630396888,-0.5,1.0,0.0,4559.80986136603,2570.5851963593227,3724.3044182333906,2129.311778182606
13.42,-57.41143035888672,-31.749502182006836,88.89488220214844,5.584556211275405,-1.0330402571374677,-0.9087180094609377,-1.2008577301962058,-5.06966912000363,-0.5,1.0,0.0,4557.887375217644,2571.998695903316,3723.1846174584616,2130.866824909953
13.44,-57.43063735961914,-31.637603759765625,89.93583679199219,5.579329329955536,-1.0329323259639525,-0.908076048457022,-1.1986654473594789,-5.061203643178,-0.5,1.0,0.0,4555.975953680749,2573.4040462373705,3722.0712979793907,2132.412946979118
13.46,-57.451873779296875,-31.52617835998535,90.97602844238281,5.574130941603946,-1.0328217697610298,-0.9074364201315058,-1.1964855870730673,-5.052786793845292,-0.5,1.0,0.0,4554.075503961837,2574.8013137504818,3720.9644068875937,2133.95021911663
13.48,-57.475120544433594,-31.41526222229004,92.0155258178711,5.5689608028285145,-1.0327086486155608,-0.9067991243066077,-1.1943180400173299,-5.044418172192485,-0.5,1.0,0.0,4552.1859348959715,2576.1905639969154,3719.863891898538,2135.478714697959
13.5,-57.50037384033203,-31.304889678955078,93.05427551269531,5.563818673536477,-1.0325930209409977,-0.9061641599846287,-1.1921626998911556,-5.036097384174354,-0.5,1.0,0.0,4550.30715679569,2577.5718617404236,3718.7697013258594,2136.998505878234
13.52,-57.527610778808594,-31.195091247558594,94.09229278564453,5.558704316829659,-1.0324749435936995,-0.9055315254622822,-1.19001946301824,-5.027824041104458,-0.5,1.0,0.0,4548.4390813265245,2578.9452709914613,3717.681784059246,2138.5096636997755
13.54,-57.556819915771484,-31.085906982421875,95.12958526611328,5.553617498911033,-1.0323544719719873,-0.9049012184251461,-1.1878882280248642,-5.019597759315708,-0.5,1.0,0.0,4546.5816214042015,2580.3108550385878,3716.6000895454954,2140.012258180759
13.56,-57.58798599243164,-30.977373123168945,96.16619110107422,5.548557989000636,-1.0322316601010506,-0.9042732360259305,-1.1857688955766923,-5.011418159877693,-0.5,1.0,0.0,4544.734691109574,2581.6686764751216,3715.5245677721614,2141.5063583884476
13.58,-57.62110137939453,-30.869518280029297,97.20207214355469,5.543525559259268,-1.0321065607062545,-0.9036475749495655,-1.1836613681633337,-5.003284868360394,-0.5,1.0,0.0,4542.898205617988,2583.018797221879,3714.4551692533687,2142.992032499864
13.6,-57.65614700317383,-30.76237678527832,98.23721313476562,5.53851998471866,-1.0319792252769053,-0.9030242314675493,-1.1815655499216917,-4.9951975146358905,-0.5,1.0,0.0,4541.072081140461,2584.361278546696,3713.3918450173887,2144.469347852196
13.62,-57.69309997558594,-30.65598487854004,99.27162170410156,5.53354104321705,-1.031849704122168,-0.902403201483536,-1.179481346490957,-4.987155732711039,-0.5,1.0,0.0,4539.256234874471,2585.696181081309,3712.3345465957,2145.938370984836
13.64,-57.73194885253906,-30.55037498474121,100.30536651611328,5.528588515339288,-1.0317180464205025,-0.9017844805717754,-1.1774086648932458,-4.9791591605853975,-0.5,1.0,0.0,4537.450584962571,2587.023564836066,3711.2832260132527,2147.399167674639
13.66,-57.772674560546875,-30.445579528808594,101.33837890625,5.523662184360786,-1.0315843002637364,-0.9011680640097083,-1.1753474134351294,-4.971207440129828,-0.5,1.0,0.0,4535.655050457415,2588.343489212859,3710.237835779739,2148.8518029655943
13.68,-57.81525802612305,-30.341632843017578,102.3707046508789,5.51876183619473,-1.031448512696682,-0.9005539468057799,-1.1732975016260656,-4.96330021698196,-0.5,1.0,0.0,4533.869551291967,2589.6560130166013,3709.198328881682,2150.296341194009
13.7,-57.85968017578125,-30.238563537597656,103.40231323242188,5.513887259342062,-1.031310729753041,-0.8999421237233323,-1.1712588401106576,-4.955437140455339,-0.5,1.0,0.0,4532.09400825396,2590.961194465487,3708.1646587752252,2151.732846010002
13.72,-57.90592956542969,-30.136404037475586,104.43321228027344,5.509038244843877,-1.0311709964882028,-0.8993325893012726,-1.1692313406119423,-4.947617863459843,-0.5,1.0,0.0,4530.3283429637995,2592.2590912002875,3707.136779379473,2153.161380396016
13.74,-57.953983306884766,-30.035184860229492,105.46340942382812,5.5042145862358955,-1.0310293570094233,-0.8987253378720852,-1.1672149158839915,-4.939842042431146,-0.5,1.0,0.0,4528.572477855291,2593.549760292851,3706.11464507028,2154.5820066828746
13.76,-58.00381851196289,-29.934938430786133,106.492919921875,5.499416079504766,-1.0308858545037942,-0.8981203635776525,-1.1652094796715209,-4.932109337267739,-0.5,1.0,0.0,4526.826336158628,2594.8332582539047,3705.0982106744627,2155.994786563892
13.78,-58.0554084777832,-29.835693359375,107.52175903320312,5.4946425230459806,-1.03074053126433,-0.89751766038325,-1.1632149466758444,-4.924419411273891,-0.5,1.0,0.0,4525.08984188527,2596.1096410403875,3704.0874314642665,2157.399781107338
13.8,-58.10874938964844,-29.73748016357422,108.54985809326172,5.489893717623224,-1.0305934287144345,-0.8969172220900282,-1.161231232525499,-4.916771931107628,-0.5,1.0,0.0,4523.362919814331,2597.3789640622713,3703.0822631521523,2158.797050767622
13.82,-58.1638069152832,-29.640329360961914,109.57730865478516,5.485169466329018,-1.0304445874309787,-0.8963190423462262,-1.1592582537506897,-4.909166566732813,-0.5,1.0,0.0,4521.6454954801875,2598.6412821890463,3702.082661885774,2160.1866553953873
13.84,-58.22055435180664,-29.544267654418945,110.60406494140625,5.480469574546528,-1.0302940471661683,-0.8957231146573151,-1.1572959277611663,-4.901602991374338,-0.5,1.0,0.0,4519.93749516111,2599.8966497559363,3701.0885842431153,2161.5686542467665
13.86,-58.278987884521484,-29.449323654174805,111.6301498413086,5.475793849912459,-1.0301418468683412,-0.8951294323952416,-1.1553441728266123,-4.894080881476233,-0.5,1.0,0.0,4518.23884586873,2601.145120569843,3700.0999872277966,2162.943105991884
13.88,-58.33906555175781,-29.355525970458984,112.655517578125,5.471142102280907,-1.0299880247018331,-0.8945379888069017,-1.1534029080590804,-4.88659991666178,-0.5,1.0,0.0,4516.549475338137,2602.3867479150845,3699.11682826451,2164.310068722842
13.9,-58.400779724121094,-29.26290512084961,113.68024444580078,5.4665141436881575,-1.0298326180660005,-0.8939487770219549,-1.1514720533972878,-4.879159779695563,-0.5,1.0,0.0,4514.86931201858,2603.621584559004,3698.1390651945258,2165.6695999611793
13.92,-58.46409606933594,-29.171483993530273,114.70430755615234,5.4619097883183185,-1.029675663613491,-0.8933617900600704,-1.149551529592145,-4.871760156447016,-0.5,1.0,0.0,4513.198285064579,2604.849682757388,3697.1666562713326,2167.021756664979
13.94,-58.52899169921875,-29.081289291381836,115.72769927978516,5.457328852469766,-1.0295171972678339,-0.8927770208376802,-1.1476412581936777,-4.86440073585512,-0.5,1.0,0.0,4511.536324327441,2606.071094259829,3696.199560156306,2168.3665952356396
13.96,-58.5954475402832,-28.992347717285156,116.75039672851562,5.452771154522342,-1.029357254240407,-0.8921944621742934,-1.1457411615386717,-4.857081209894156,-0.5,1.0,0.0,4509.883360347063,2607.2858703149545,3695.237735914462,2169.7041715244004
13.98,-58.66343688964844,-28.90468978881836,117.77245330810547,5.4482365149052905,-1.0291958690468301,-0.8916141067984337,-1.1438511627392967,-4.8498012735403755,-0.5,1.0,0.0,4508.239324344014,2608.4940616755916,3694.2811430102624,2171.034540838627
14.0,-58.73292922973633,-28.81833267211914,118.79388427734375,5.443724756065865,-1.0290330755228274,-0.8910359473532311,-1.1419711856720718,-4.8425606247393675,-0.5,1.0,0.0,4506.6041482118135,2609.6957186038344,3693.329741303486,2172.3577579479434
14.02,-58.80390548706055,-28.733304977416992,119.81458282470703,5.4392357024386015,-1.0288689068395982,-0.8904599764017103,-1.1401011549677733,-4.835358964373966,-0.5,1.0,0.0,4504.977764509413,2610.8908908760995,3692.3834910451037,2173.673877090188
14.04,-58.8763313293457,-28.64963150024414,120.83467102050781,5.434769180415227,-1.0287033955187224,-0.8898861864317992,-1.1382409960014186,-4.82819599623284,-0.5,1.0,0.0,4503.360106453813,2612.0796277880772,3691.442352873233,2174.9829519772547
14.06,-58.9501953125,-28.567333221435547,121.85411834716797,5.430325018315185,-1.0285365734466287,-0.8893145698610899,-1.1363906348829527,-4.821071426979423,-0.5,1.0,0.0,4501.751107912853,2613.261978159671,3690.5062878090994,2176.2850358008063
14.08,-59.02545166015625,-28.48643684387207,122.8728256225586,5.425903046356731,-1.0283684718886563,-0.8887451190413646,-1.1345499984479055,-4.813984966121304,-0.5,1.0,0.0,4500.150703398064,2614.437990339869,3689.5752572530596,2177.5801812379145
14.1,-59.102088928222656,-28.40696144104004,123.89096069335938,5.421503096628617,-1.028199121502716,-0.8881778262629112,-1.132719014248612,-4.806936325980026,-0.5,1.0,0.0,4498.558828057685,2615.6077122115867,3688.649222980632,2178.868440456597
14.12,-59.18007278442383,-28.328929901123047,124.90838623046875,5.417125003062326,-1.0280285523525863,-0.8876126837586414,-1.1308976105455313,-4.799925221661146,-0.5,1.0,0.0,4496.97541766973,2616.7711911964825,3687.728147138562,2180.1498651212837
14.14,-59.25937271118164,-28.25236701965332,125.92515563964844,5.412768601404832,-1.0278567939208436,-0.8870496837080235,-1.1290857162988652,-4.792951371024673,-0.5,1.0,0.0,4495.400408635174,2617.928474259697,3686.8119922409423,2181.4245063982116
14.16,-59.339969635009766,-28.177289962768555,126.94129943847656,5.408433729191891,-1.0276838751214619,-0.8864888182408467,-1.1272832611601291,-4.786014494655777,-0.5,1.0,0.0,4493.833737971189,2619.0796079146044,3685.9007211653307,2182.692414960772
14.18,-59.42182540893555,-28.10371971130371,127.95685577392578,5.404120225721834,-1.0275098243120695,-0.8859300794408197,-1.1254901754642266,-4.779114315835758,-0.5,1.0,0.0,4492.275343304481,2620.224638227498,3684.9942971489145,2183.953640994774
14.2,-59.50491714477539,-28.03167724609375,128.9717254638672,5.399827932029862,-1.027334669305903,-0.885373459349019,-1.123706390221393,-4.772250560513343,-0.5,1.0,0.0,4490.725162864679,2621.363610822244,3684.09268378471,2185.2082342036765
14.22,-59.58921813964844,-27.961181640625,129.9859619140625,5.395556690862815,-1.0271584373834466,-0.8848189499671937,-1.1219318371094267,-4.765422957276148,-0.5,1.0,0.0,4489.183135477803,2622.4965708849245,3683.1958450177635,2186.456243813751
14.24,-59.67469024658203,-27.892250061035156,130.99960327148438,5.391306346654403,-1.0269811553037826,-0.884266543260932,-1.120166448465917,-4.7586312373224615,-0.5,1.0,0.0,4487.64920055979,2623.6235631684153,3682.3037451414166,2187.6977185792084
14.26,-59.76130676269531,-27.824901580810547,132.0126190185547,5.3870767455009165,-1.0268028493156527,-0.8837162311627009,-1.1184101572806935,-4.751875134433339,-0.5,1.0,0.0,4486.1232981100875,2624.7446319969345,3681.4163487935903,2188.9327067872637
14.28,-59.84904479980469,-27.759157180786133,133.0249481201172,5.382867735137364,-1.0266235451682475,-0.8831680055747577,-1.1166628971884542,-4.745154384944758,-0.5,1.0,0.0,4484.605368705316,2625.8598212705924,3680.5336209530687,2190.1612562631535
14.3,-59.93787384033203,-27.69502830505371,134.03663635253906,5.378679164914053,-1.0264432681217313,-0.8826218583719467,-1.1149246024611432,-4.738468727720194,-0.5,1.0,0.0,4483.095353492964,2626.9691744698503,3679.655526935864,2191.383414375131
14.32,-60.02775192260742,-27.632535934448242,135.04774475097656,5.374510885773594,-1.0262620429575002,-0.8820777814043842,-1.1131952080009178,-4.731817904123379,-0.5,1.0,0.0,4481.593194185187,2628.0727346599824,3678.782032391581,2192.599228039374
14.34,-60.1186637878418,-27.571693420410156,136.0582275390625,5.370362750228327,-1.0260798939881985,-0.8815357665000316,-1.1114746493328609,-4.725201657991287,-0.5,1.0,0.0,4480.098833052633,2629.170544495496,3677.913103299804,2193.808743724877
14.36,-60.2105712890625,-27.51251983642578,137.0680694580078,5.366234612338146,-1.0258968450674883,-0.8809958054671692,-1.1097628625978937,-4.718619735607359,-0.5,1.0,0.0,4478.61221291833,2630.262646224508,3677.0487059665406,2195.0120074582996
14.38,-60.30344009399414,-27.455026626586914,138.07728576660156,5.362126327688731,-1.0257129195995816,-0.8804578900967699,-1.108059784545718,-4.712071885675061,-0.5,1.0,0.0,4477.133277151663,2631.349081693082,3676.188807020684,2196.209064828735
14.4,-60.39724349975586,-27.39923095703125,139.08595275878906,5.358037753370161,-1.0255281405485461,-0.8799220121647767,-1.1063653525280313,-4.705557859291541,-0.5,1.0,0.0,4475.661969662357,2632.429892349538,3675.3333734105067,2197.3999609924826
14.42,-60.49195098876953,-27.34514045715332,140.09400939941406,5.3539687479559115,-1.0253425304473867,-0.8793881634342908,-1.104679504491602,-4.699077409921665,-0.5,1.0,0.0,4474.198234894582,2633.5051192487294,3674.4823724001776,2198.584740677729
14.44,-60.58753204345703,-27.29277801513672,141.1013946533203,5.34991917148222,-1.0251561114069112,-0.8788563356576732,-1.1030021789715432,-4.692630293372232,-0.5,1.0,0.0,4472.742017821062,2634.574803056258,3673.635771566335,2199.7634481892132
14.46,-60.6839485168457,-27.24214744567871,142.10818481445312,5.345888885427817,-1.0249689051243867,-0.8783265205785579,-1.1013333150846083,-4.686216267766413,-0.5,1.0,0.0,4471.293263937274,2635.6389840526745,3672.793538794671,2200.9361274128423
14.48,-60.78117370605469,-27.193265914916992,143.1143341064453,5.341877752694012,-1.024780932891988,-0.877798709933789,-1.0996728525226283,-4.679835093518547,-0.5,1.0,0.0,4469.851919255693,2636.697702137642,3671.955642276547,2202.1028218202464
14.5,-60.87918472290039,-27.146141052246094,144.11988830566406,5.337885637585139,-1.024592215605052,-0.8772728954552791,-1.0980207315461206,-4.673486533309039,-0.5,1.0,0.0,4468.417930300108,2637.750996834041,3671.1220505056563,2203.2635744733016
14.52,-60.977928161621094,-27.10079002380371,145.12490844726562,5.333912405789316,-1.0244027737701353,-0.8767490688717917,-1.0963768929776134,-4.667170352059618,-0.5,1.0,0.0,4466.991244099976,2638.7989072920477,3670.292732274715,2204.418428028614
14.54,-61.077392578125,-27.05721664428711,146.12925720214844,5.329957924359567,-1.0242126275128867,-0.8762272219106526,-1.0947412781955108,-4.660886316908795,-0.5,1.0,0.0,4465.571808184859,2639.8414722931775,3669.4676566721782,2205.5674247419356
14.56,-61.17753219604492,-27.01543426513672,147.1330108642578,5.326022061695253,-1.024021796585731,-0.8757073462993914,-1.0931138291276972,-4.65463419718757,-0.5,1.0,0.0,4464.159570578897,2640.878730254277,3668.6467930789977,2206.7106064725585
14.58,-61.27832794189453,-26.97545051574707,148.13619995117188,5.322104687523829,-1.023830300375383,-0.8751894337673186,-1.0914944882454016,-4.648413764395413,-0.5,1.0,0.0,4462.754479795356,2641.910719231505,3667.8301111653936,2207.8480146876473
14.6,-61.379730224609375,-26.937274932861328,149.13880920410156,5.318205672882914,-1.0236381579101808,-0.8746734760470365,-1.0898831985570425,-4.642224792176449,-0.5,1.0,0.0,4461.3564848312235,2642.9374769242304,3667.0175808876934,2208.9796904665413
14.62,-61.48171615600586,-26.900915145874023,150.1408233642578,5.314324890102655,-1.0234453878672525,-0.8741594648758888,-1.088279903602163,-4.636067056295968,-0.5,1.0,0.0,4459.96553516187,2643.9590406789207,3666.2091724851784,2210.105674504993
14.64,-61.58425521850586,-26.866378784179688,151.14230346679688,5.310462212788414,-1.023252008579522,-0.873647391997352,-1.0866845474454676,-4.629940334617076,-0.5,1.0,0.0,4458.581580735758,2644.975447492994,3665.4048564769605,2211.226007119381
14.66,-61.68731689453125,-26.83367156982422,152.1431121826172,5.306617515803733,-1.0230580380425507,-0.8731372491623687,-1.0850970746709452,-4.623844407077661,-0.5,1.0,0.0,4457.204571969219,2645.98673401862,3664.604603658904,2212.340728250866
14.68,-61.790863037109375,-26.80280303955078,153.1433868408203,5.302790675253585,-1.0228634939212229,-0.8726290281306256,-1.0835174303759885,-4.61777905566766,-0.5,1.0,0.0,4455.834459741287,2646.992936566471,3663.8083851005863,2213.449877469497
14.7,-61.89485549926758,-26.773773193359375,154.14306640625,5.298981568467913,-1.0226683935562857,-0.8721227206717799,-1.0819455601655787,-4.611744064406421,-0.5,1.0,0.0,4454.471195388574,2647.994091109467,3663.0161721422633,2214.5534939782997
14.72,-61.99927520751953,-26.746593475341797,155.14215087890625,5.295190073985447,-1.0224727539707335,-0.8716183185666326,-1.0803814101467657,-4.605739219320438,-0.5,1.0,0.0,4453.114730700225,2648.990233286443,3662.2279363919033,2215.651616617285
14.74,-62.10408020019531,-26.72126579284668,156.14065551757812,5.291416071537778,-1.022276591876054,-0.8711158136082533,-1.0788249269228574,-4.599764308421261,-0.5,1.0,0.0,4451.76501791291,2649.9813984058164,3661.4436497222177,2216.7442838674388
14.76,-62.20923614501953,-26.69779396057129,157.13861083984375,5.287659442033722,-1.022079923678329,-0.8706151976030595,-1.0772760575880143,-4.593819121683732,-0.5,1.0,0.0,4450.42200970589,2650.9676214491847,3660.663284267748,2217.8315338546527
14.78,-62.314720153808594,-26.676183700561523,158.1359405517578,5.283920067543905,-1.0218827654842049,-0.8701164623718466,-1.0757347497215746,-4.587903451024334,-0.5,1.0,0.0,4449.085659196114,2651.94893707487,3659.8868124220016,2218.9134043536324
14.8,-62.42048645019531,-26.656435012817383,159.13275146484375,5.2801978312856495,-1.0216851331067267,-0.8696195997507767,-1.07420095138287,-4.582017090279875,-0.5,1.0,0.0,4447.755919933397,2652.925379621505,3659.11420683455,2219.9899327917337
14.82,-62.526512145996094,-26.6385498046875,160.12896728515625,5.276492617608065,-1.02148704207104,-0.8691246015923249,-1.0726746111056424,-4.576159835186424,-0.5,1.0,0.0,4446.432745895645,2653.89698311148,3658.3454404082395,2221.061156252774
14.84,-62.63276672363281,-26.62253189086914,161.1245880126953,5.272804311977421,-1.0212885076199698,-0.8686314597661824,-1.071155677892962,-4.570331483358391,-0.5,1.0,0.0,4445.116091484125,2654.86378125441,3657.580486296396,2222.127111480796
14.86,-62.73920822143555,-26.608381271362305,162.11968994140625,5.269132800962726,-1.0210895447194779,-0.868140166160123,-1.0696441012118154,-4.564531834267946,-0.5,1.0,0.0,4443.805911518794,2655.8258074505493,3656.8193179000573,2223.187834883798
14.88,-62.84580993652344,-26.596097946166992,163.11422729492188,5.265477972221567,-1.0208901680639941,-0.8676507126808293,-1.06813983098807,-4.5587606892245836,-0.5,1.0,0.0,4442.502161233695,2656.783094794179,3656.0619088652406,2224.243362537402
14.9,-62.952537536621094,-26.58568572998047,164.10818481445312,5.261839714486158,-1.020690392081636,-0.8671630912546836,-1.0666428176013347,-4.553017851354998,-0.5,1.0,0.0,4441.204796272385,2657.7356760769344,3655.308233080254,2225.2937301884963
14.92,-63.05935287475586,-26.57714080810547,165.1016082763672,5.258217917549634,-1.020490230939312,-0.8666772938285234,-1.065153011879928,-4.547303125583109,-0.5,1.0,0.0,4439.913772683427,2658.6835837911067,3654.558264673032,2226.338973258837
14.94,-63.16623306274414,-26.570463180541992,166.09445190429688,5.254612472252548,-1.0202896985477135,-0.8661933123703635,-1.0636703650959045,-4.541616318610424,-0.5,1.0,0.0,4438.6290469159485,2659.626850132925,3653.8119780084808,2227.3791268485884
14.96,-63.27314758300781,-26.565649032592773,167.08677673339844,5.251023270469605,-1.0200888085661988,-0.8657111388700826,-1.0621948289601841,-4.535957238896502,-0.5,1.0,0.0,4437.350575815218,2660.5655070057646,3653.0693476858933,2228.4142257398526
14.98,-63.38005065917969,-26.562700271606445,168.07852172851562,5.247450205096577,-1.0198875744075717,-0.8652307653400821,-1.060726355617643,-4.530325696639724,-0.5,1.0,0.0,4436.078316618307,2661.4995860233557,3652.3303485363585,2229.444304400128
15.0,-63.48692321777344,-26.56161117553711,169.06973266601562,5.243893170037462,-1.019686009242755,-0.8647521838159116,-1.0592648976423658,-4.5247215037582995,-0.5,1.0,0.0,4434.812226949786,2662.4291185129323,3651.5949556202186,2230.4693969857535
