t,x,y,yaw,yaw_rate,vx,vy,z_s,vz_s,pitch,roll,steer,z_u_FL,z_u_FR,z_u_RL,z_u_RR,Fz_FL,Fz_FR,Fz_RL,Fz_RR,Fx_FL,Fx_FR,Fx_RL,Fx_RR,Fy_FL,Fy_FR,Fy_RL,Fy_RR,kappa_FL,kappa_FR,kappa_RL,kappa_RR,alpha_FL,alpha_FR,alpha_RL,alpha_RR,alpha_dyn_FL,alpha_dyn_FR,alpha_dyn_RL,alpha_dyn_RR,w_FL,w_FR,w_RL,w_RR,airborne
0.0,0.007499973347572767,0.0,0.0,0.0,14.999895158669101,0.0,0.3815161289417172,3.921809478785399e-06,-2.8371918559524932e-08,0.0,0.0,0.3149772960274726,0.3149772960274726,0.3151570555583533,0.3151570555583533,3304.994873956032,3304.994873956032,3265.4477771622714,3265.4477771622714,0.35331061965030386,0.35331061965030386,13.590769965640144,13.590769965640144,-0.0,-0.0,-0.0,-0.0,6.314341438944212e-06,6.314341438944212e-06,0.00024548170511260923,0.00024548170511260923,0.0,0.0,0.0,0.0,0.0,0.0,0.0,0.0,45.45451476705661,45.45451476705661,45.465385934876245,45.465385934876245,False
0.01,0.15749184976338187,0.0,0.0,0.0,14.998599584709021,0.0,0.3815165321476723,6.876263525503776e-05,-1.5514321821869484e-06,0.0,0.0,0.31476352774239263,0.31476352774239263,0.31538603688567646,0.31538603688567646,3352.0238966736238,3352.0238966736238,3215.071885151183,3215.071885151183,1.0396435269646769,1.0396435269646769,72.35357241047456,72.35357241047456,-0.0,-0.0,-0.0,-0.0,1.835129121685744e-05,1.835129121685744e-05,0.0013251687073688974,0.0013251687073688974,0.0,0.0,0.0,0.0,0.0,0.0,0.0,0.0,45.451135843569226,45.451135843569226,45.51053108949404,45.51053108949404,False
0.02,0.30747242458704904,0.0,0.0,0.0,14.997517306889378,0.0,0.3815172296965619,5.4988225918634016e-05,1.4890593944763855e-05,0.0,0.0,0.3144192897910719,0.3144192897910719,0.3157458716519571,0.3157458716519571,3427.756245964181,3427.756245964181,3135.908236569439,3135.908236569439,0.996755555580156,0.996755555580156,73.29161619109546,73.29161619109546,-0.0,-0.0,-0.0,-0.0,1.7253364801710083e-05,1.7253364801710083e-05,0.0013722977962069044,0.0013722977962069044,0.0,0.0,0.0,0.0,0.0,0.0,0.0,0.0,45.44780625614119,45.44780625614119,45.50938899041878,45.50938899041878,False
0.03,0.45744220715664863,0.0,0.0,0.0,14.996439529105034,0.0,0.38151736119482127,-3.826215471380945e-05,5.1610645027742735e-05,0.0,0.0,0.3141405592207052,0.3141405592207052,0.3160249983456101,0.3160249983456101,3489.0769714448556,3489.0769714448556,3074.500363965782,3074.500363965782,0.9924754070047496,0.9924754070047496,73.41660131715153,73.41660131715153,-0.0,-0.0,-0.0,-0.0,1.6915430990895604e-05,1.6915430990895604e-05,0.0013989850777786164,0.0013989850777786164,0.0,0.0,0.0,0.0,0.0,0.0,0.0,0.0,45.444524849524235,45.444524849524235,45.50733128553352,45.50733128553352,False
0.04,0.6074012214171789,0.0,0.0,0.0,14.995363607171486,0.0,0.38151637350767026,-0.00015892020957618052,9.637928053885172e-05,0.0,0.0,0.3139783036358678,0.3139783036358678,0.3161752740318293,0.3161752740318293,3524.7732001090835,3524.7732001090835,3041.4397129975523,3041.4397129975523,0.9892584570992163,0.9892584570992163,73.56452212757225,73.56452212757225,-0.0,-0.0,-0.0,-0.0,1.6711800939142046e-05,1.6711800939142046e-05,0.0014153528568237742,0.0014153528568237742,0.0,0.0,0.0,0.0,0.0,0.0,0.0,0.0,45.44125517182757,45.44125517182757,45.50481011482426,45.50481011482426,False
0.05,0.7573494838965643,0.0,0.0,0.0,14.994289057764169,0.0,0.3815142687544619,-0.00025471657102104446,0.00013630728863832714,0.0,0.0,0.3139160028493134,0.3139160028493134,0.3162214467727508,0.3162214467727508,3538.47937315105,3538.47937315105,3031.281709994822,3031.281709994822,0.9870193186655108,0.9870193186655108,73.68030328505357,73.68030328505357,-0.0,-0.0,-0.0,-0.0,1.6617780224405585e-05,1.6617780224405585e-05,0.0014218109188538677,0.0014218109188538677,0.0,0.0,0.0,0.0,0.0,0.0,0.0,0.0,45.43799463504349,45.43799463504349,45.501842732324086,45.501842732324086,False
0.06,0.907287004815766,0.0,0.0,0.0,14.993215189594043,0.0,0.381511456585356,-0.0002981814600030136,0.00016294263372502082,0.0,0.0,0.3139177637035015,0.3139177637035015,0.3162058503146129,0.3162058503146129,3538.0919852296743,3538.0919852296743,3034.712930785165,3034.712930785165,0.9858708427725197,0.9858708427725197,73.74587722471058,73.74587722471058,-0.0,-0.0,-0.0,-0.0,1.6600024434720943e-05,1.6600024434720943e-05,0.001421643726078385,0.001421643726078385,0.0,0.0,0.0,0.0,0.0,0.0,0.0,0.0,45.43473962828044,45.43473962828044,45.49857636333961,45.49857636333961,False
0.07,1.0572137882893073,0.0,0.0,0.0,14.992141511660634,0.0,0.3815084877947757,-0.00028734931584775784,0.00017268613392062014,0.0,0.0,0.31395141430727375,0.31395141430727375,0.31616337296004515,0.31616337296004515,3530.688852399779,3530.688852399779,3044.05794879007,3044.05794879007,0.985465867566315,0.985465867566315,73.77154812814388,73.77154812814388,-0.0,-0.0,-0.0,-0.0,1.6623461665759e-05,1.6623461665759e-05,0.0014182508766720885,0.0014182508766720885,0.0,0.0,0.0,0.0,0.0,0.0,0.0,0.0,45.431487069546485,45.431487069546485,45.495164028796175,45.495164028796175,False
0.08,1.2071298349591673,0.0,0.0,0.0,14.991067812974606,0.0,0.3815058470148556,-0.00023541359957426317,0.0001654151556815929,0.0,0.0,0.31399567565390574,0.31399567565390574,0.3161151311840625,0.3161151311840625,3520.951356140741,3520.951356140741,3054.6711395062575,3054.6711395062575,0.9854196383250622,0.9854196383250622,73.77443376250677,73.77443376250677,-0.0,-0.0,-0.0,-0.0,1.6662674064531037e-05,1.6662674064531037e-05,0.001413919903537514,0.001413919903537514,0.0,0.0,0.0,0.0,0.0,0.0,0.0,0.0,45.42823516439834,45.42823516439834,45.491709036759545,45.491709036759545,False
0.09,1.3570351443879567,0.0,0.0,0.0,14.989994068318273,0.0,0.38150385820158916,-0.0001597651867454454,0.00014289815199424125,0.0,0.0,0.31403946580849873,0.31403946580849873,0.31607072262661307,0.31607072262661307,3511.3175221302827,3511.3175221302827,3064.441022145129,3064.441022145129,0.9854775909063384,0.9854775909063384,73.76794643230954,73.76794643230954,-0.0,-0.0,-0.0,-0.0,1.670344532881888e-05,1.670344532881888e-05,0.0014097851799049971,0.0014097851799049971,0.0,0.0,0.0,0.0,0.0,0.0,0.0,0.0,45.424983190499006,45.424983190499006,45.48826284788682,45.48826284788682,False
0.1,1.506929716337093,0.0,0.0,0.0,14.988920327184246,0.0,0.38150268120726527,-7.508360173525881e-05,0.0001076247330305462,0.0,0.0,0.31407859308668007,0.31407859308668007,0.3160327350349511,0.3160327350349511,3502.7095209303884,3502.7095209303884,3072.7982923107597,3072.7982923107597,0.9855206323141192,0.9855206323141192,73.75964274792285,73.75964274792285,-0.0,-0.0,-0.0,-0.0,1.6739919412842277e-05,1.6739919412842277e-05,0.0014062168431322533,0.0014062168431322533,0.0,0.0,0.0,0.0,0.0,0.0,0.0,0.0,45.421731031826084,45.421731031826084,45.484842422450605,45.484842422450605,False
0.11,1.6568135511339328,0.0,0.0,0.0,14.987846646050247,0.0,0.38150235444352404,9.134604977346337e-06,6.214187172662097e-05,0.0,0.0,0.3141125092076559,0.3141125092076559,0.3160005735057537,0.3160005735057537,3495.2479743157105,3495.2479743157105,3079.8738287341844,3079.8738287341844,0.9855158352754837,0.9855158352754837,73.75259425936419,73.75259425936419,-0.0,-0.0,-0.0,-0.0,1.6770966875733997e-05,1.6770966875733997e-05,0.0014032106984638926,0.0014032106984638926,0.0,0.0,0.0,0.0,0.0,0.0,0.0,0.0,45.41847880827238,45.41847880827238,45.48144773579067,45.48144773579067,False
0.12,1.8066866495890452,0.0,0.0,0.0,14.98677306355832,0.0,0.3815028461703741,8.813806674844461e-05,8.770292101515731e-06,0.0,0.0,0.31414206230001623,0.31414206230001623,0.31597280541705003,0.31597280541705003,3488.746293996432,3488.746293996432,3085.982808248997,3085.982808248997,0.9854688847634645,0.9854688847634645,73.74736507173222,73.74736507173222,-0.0,-0.0,-0.0,-0.0,1.6797401691613164e-05,1.6797401691613164e-05,0.0014006426712386678,0.0014006426712386678,0.0,0.0,0.0,0.0,0.0,0.0,0.0,0.0,45.41522667395615,45.41522667395615,45.47807326489488,45.47807326489488,False
0.13,1.9565490128023804,0.0,0.0,0.0,14.985699599889914,0.0,0.3815040942610633,0.00016030656574878122,-5.0461515601265876e-05,0.0,0.0,0.31416828565290006,0.31416828565290006,0.3159482275807302,0.3159482275807302,3482.9771563619906,3482.9771563619906,3091.3899322393568,3091.3899322393568,0.9853949764743326,0.9853949764743326,73.74350312970236,73.74350312970236,-0.0,-0.0,-0.0,-0.0,1.6820392217977756e-05,1.6820392217977756e-05,0.0013983927736364074,0.0013983927736364074,0.0,0.0,0.0,0.0,0.0,0.0,0.0,0.0,45.41197474313589,45.41197474313589,45.4747136179342,45.4747136179342,False
0.14,2.1064006420139556,0.0,0.0,0.0,14.98462626423582,0.0,0.3815060291287911,0.0002255344785953819,-0.00011378999606898183,0.0,0.0,0.31419192282521197,0.31419192282521197,0.3159261432897058,0.3159261432897058,3477.7769784533707,3477.7769784533707,3096.248476264726,3096.248476264726,0.9853063360608258,0.9853063360608258,73.74037672072102,73.74037672072102,-0.0,-0.0,-0.0,-0.0,1.684080612976199e-05,1.684080612976199e-05,0.0013963844250579084,0.0013963844250579084,0.0,0.0,0.0,0.0,0.0,0.0,0.0,0.0,45.40872308309594,45.40872308309594,45.47136534232276,45.47136534232276,False
0.15,2.256241538531105,0.0,0.0,0.0,14.983553061790493,0.0,0.38150858284796135,0.0002841256279542921,-0.000179667817625523,0.0,0.0,0.3142133594808887,0.3142133594808887,0.31590627639838126,0.31590627639838126,3473.0609142044923,3473.0609142044923,3100.6191923561264,3100.6191923561264,0.985209598037797,0.985209598037797,73.73751739471913,73.73751739471913,-0.0,-0.0,-0.0,-0.0,1.6859094246163898e-05,1.6859094246163898e-05,0.001394582278298637,0.001394582278298637,0.0,0.0,0.0,0.0,0.0,0.0,0.0,0.0,45.40547173007183,45.40547173007183,45.468026846534585,45.468026846534585,False
0.16,2.4060717037104773,0.0,0.0,0.0,14.982479997594233,0.0,0.3815116901297935,0.00033625373633741775,-0.0002467246681769711,0.0,0.0,0.3142327207489426,0.3142327207489426,0.31588858921118207,0.31588858921118207,3468.8014352326322,3468.8014352326322,3104.510373539948,3104.510373539948,0.9851072550241937,0.9851072550241937,73.73468266847742,73.73468266847742,-0.0,-0.0,-0.0,-0.0,1.687539945108597e-05,1.687539945108597e-05,0.0013929767074632583,0.0013929767074632583,0.0,0.0,0.0,0.0,0.0,0.0,0.0,0.0,45.40222070584533,45.40222070584533,45.46469770682096,45.46469770682096,False
0.17,2.5558911389635433,0.0,0.0,0.0,14.981407077578886,0.0,0.38151528610184865,0.000381829157994885,-0.00031374447152465924,0.0,0.0,0.3142499973839773,0.3142499973839773,0.3158731281934529,0.3158731281934529,3465.000575524998,3465.000575524998,3107.9117974403603,3107.9117974403603,0.9849998189398487,0.9849998189398487,73.73180185120708,73.73180185120708,-0.0,-0.0,-0.0,-0.0,1.688970780206187e-05,1.688970780206187e-05,0.0013915689405235236,0.0013915689405235236,0.0,0.0,0.0,0.0,0.0,0.0,0.0,0.0,45.398970027778454,45.398970027778454,45.46137799501025,45.46137799501025,False
0.18,2.705699845763837,0.0,0.0,0.0,14.980334308079623,0.0,0.3815193039532794,0.0004205751266693628,-0.0003796554394895268,0.0,0.0,0.3142651428065925,0.3142651428065925,0.3158599314594116,0.3158599314594116,3461.6685825496506,3461.6685825496506,3110.815078929451,3110.815078929451,0.9848873530475526,0.9848873530475526,73.72889921689689,73.72889921689689,-0.0,-0.0,-0.0,-0.0,1.6901964156174353e-05,1.6901964156174353e-05,0.0013903614312212877,0.0013903614312212877,0.0,0.0,0.0,0.0,0.0,0.0,0.0,0.0,45.39571971258529,45.39571971258529,45.45806783978296,45.45806783978296,False
0.19,2.855497825646367,0.0,0.0,0.0,14.979261694905075,0.0,0.38152367374248874,0.0004521649791258347,-0.000443526923014764,0.0,0.0,0.3142781289457417,0.3142781289457417,0.3158489896302787,0.3158489896302787,3458.81163193683,3458.81163193683,3113.2222813386925,3113.2222813386925,0.984770183949662,0.984770183949662,73.72603447840245,73.72603447840245,-0.0,-0.0,-0.0,-0.0,1.6912136567413265e-05,1.6912136567413265e-05,0.001389353334594084,0.001389353334594084,0.0,0.0,0.0,0.0,0.0,0.0,0.0,0.0,45.39246977643799,45.39246977643799,45.45476721845651,45.45476721845651,False
0.2,3.005285080198271,0.0,0.0,0.0,14.978189242572535,0.0,0.38152832251897334,0.00047633942187027785,-0.000504568166210036,0.0,0.0,0.31428896897638064,0.31428896897638064,0.3158402396816912,0.3158402396816912,3456.4268251962617,3456.4268251962617,3115.1472700279337,3115.1472700279337,0.9846490481764316,0.9846490481764316,73.72326873384725,73.72326873384725,-0.0,-0.0,-0.0,-0.0,1.6920240450710745e-05,1.6920240450710745e-05,0.0013885393635314988,0.0013885393635314988,0.0,0.0,0.0,0.0,0.0,0.0,0.0,0.0,45.38922023374556,45.38922023374556,45.451475902819,45.451475902819,False
0.21,3.1550616110435534,0.0,0.0,0.0,14.977116953900383,0.0,0.3815331753875854,0.0004929764064245644,-0.0005621261069917875,0.0,0.0,0.3142977198929605,0.3142977198929605,0.3158335738799318,0.3158335738799318,3454.50162354869,3454.50162354869,3116.6137464150133,3116.6137464150133,0.9845249779591979,0.9845249779591979,73.72065040646171,73.72065040646171,-0.0,-0.0,-0.0,-0.0,1.6926339338514655e-05,1.6926339338514655e-05,0.0013879103201255368,0.0013879103201255368,0.0,0.0,0.0,0.0,0.0,0.0,0.0,0.0,45.38597109595229,45.38597109595229,45.448193482080086,45.448193482080086,False
0.22,3.304827419825429,0.0,0.0,0.0,14.97604482991734,0.0,0.3815381570402403,0.0005021166731328604,-0.0006156810779194259,0.0,0.0,0.31430447572144843,0.31430447572144843,0.31582885259170085,0.31582885259170085,3453.0153412813493,3453.0153412813493,3117.652429825817,3117.652429825817,0.9843991310475118,0.9843991310475118,73.71821278227223,73.71821278227223,-0.0,-0.0,-0.0,-0.0,1.6930535689465817e-05,1.6930535689465817e-05,0.001387454158572651,0.001387454158572651,0.0,0.0,0.0,0.0,0.0,0.0,0.0,0.0,45.38272237084491,45.38272237084491,45.44491941089569,45.44491941089569,False
0.23,3.4545825081888526,0.0,0.0,0.0,14.974972869970497,0.0,0.38154319338063203,0.0005039594665184796,-0.0006648403131914663,0.0,0.0,0.3143093581579059,0.3143093581579059,0.31582591571413987,0.31582591571413987,3451.9412052607067,3451.9412052607067,3118.2985428892316,3118.2985428892316,0.9842726581906399,0.9842726581906399,73.71597648379688,73.71597648379688,-0.0,-0.0,-0.0,-0.0,1.6932959725194623e-05,1.6932959725194623e-05,0.001387157002940743,0.001387157002940743,0.0,0.0,0.0,0.0,0.0,0.0,0.0,0.0,45.379474062372694,45.379474062372694,45.44165305592704,45.44165305592704,False
0.24,3.6043268777646476,0.0,0.0,0.0,14.973901071923574,0.0,0.3815482130195893,0.0004988430847562022,-0.0007093296536682968,0.0,0.0,0.31431250793750254,0.31431250793750254,0.31582459123898954,0.31582459123898954,3451.2482537494448,3451.2482537494448,3118.589927422305,3118.589927422305,0.9841466272945781,0.9841466272945781,73.71395298348885,73.71395298348885,-0.0,-0.0,-0.0,-0.0,1.6933759788626243e-05,1.6933759788626243e-05,0.0013870039257280575,0.0013870039257280575,0.0,0.0,0.0,0.0,0.0,0.0,0.0,0.0,45.37622617081038,45.37622617081038,45.43839373179938,45.43839373179938,False
0.25,3.7540605301557757,0.0,0.0,0.0,14.972829432376615,0.0,0.38155314854503186,0.0004872205340040788,-0.0007489839705199638,0.0,0.0,0.3143140779929931,0.3143140779929931,0.31582470124473655,0.31582470124473655,3450.902841541521,3450.902841541521,3118.5657261579627,3118.5657261579627,0.9840219914860838,0.9840219914860838,73.71214747815512,73.71214747815512,-0.0,-0.0,-0.0,-0.0,1.6933095067210003e-05,1.6933095067210003e-05,0.0013869794877918603,0.0013869794877918603,0.0,0.0,0.0,0.0,0.0,0.0,0.0,0.0,45.37297869309339,45.37297869309339,45.435140726283414,45.435140726283414,False
0.26,3.9037834669257627,0.0,0.0,0.0,14.971757946875858,0.0,0.38155793754842643,0.0004696357419210742,-0.0007837367846064864,0.0,0.0,0.31431422833868883,0.31431422833868883,0.31582606612469827,0.31582606612469827,3450.8697654884613,3450.8697654884613,3118.2654525663843,3118.2654525663843,0.9838995807278944,0.9838995807278944,73.71056075280134,73.71056075280134,-0.0,-0.0,-0.0,-0.0,1.6931130321252715e-05,1.6931130321252715e-05,0.001387068106971637,0.001387068106971637,0.0,0.0,0.0,0.0,0.0,0.0,0.0,0.0,45.36973162321453,45.36973162321453,45.431893317664446,45.431893317664446,False
0.27,4.0534956895891385,0.0,0.0,0.0,14.97068661010629,0.0,0.3815625234254129,0.00044670230633419623,-0.0008136094613963329,0.0,0.0,0.31431312223447716,0.31431312223447716,0.31582850777042404,0.31582850777042404,3451.1131084150284,3451.1131084150284,3117.728290506715,3117.728290506715,0.983780102537157,0.983780102537157,73.70919023253526,73.70919023253526,-0.0,-0.0,-0.0,-0.0,1.6928031982021237e-05,1.6928031982021237e-05,0.0013872543239069632,0.0013872543239069632,0.0,0.0,0.0,0.0,0.0,0.0,0.0,0.0,45.36648495263036,45.36648495263036,45.42865078738792,45.42865078738792,False
0.28,4.2031971996037205,0.0,0.0,0.0,14.969615416069793,0.0,0.3815668559774393,0.00041908488110748663,-0.0008387002681813716,0.0,0.0,0.31431092318372883,0.31431092318372883,0.31583185216463977,0.31583185216463977,3451.5968995796607,3451.5968995796607,3116.992523779254,3116.992523779254,0.9836641439572346,0.9836641439572346,73.70803055207267,73.70803055207267,-0.0,-0.0,-0.0,-0.0,1.6923965083936862e-05,1.6923965083936862e-05,0.0013875230118774748,0.0013875230118774748,0.0,0.0,0.0,0.0,0.0,0.0,0.0,0.0,45.36323867066186,45.36323867066186,45.4254124301168,45.4254124301168,False
0.29,4.35288799836464,0.0,0.0,0.0,14.968544358253805,0.0,0.3815708918381279,0.00038748262747123705,-0.0008591735104220508,0.0,0.0,0.31430779245404705,0.31430779245404705,0.3158359316008535,0.3158359316008535,3452.285660109652,3452.285660109652,3116.095047812235,3116.095047812235,0.9835521727250257,0.9835521727250257,73.70707390924063,73.70707390924063,-0.0,-0.0,-0.0,-0.0,1.6919090713707286e-05,1.6919090713707286e-05,0.001387859555077922,0.001387859555077922,0.0,0.0,0.0,0.0,0.0,0.0,0.0,0.0,45.35999276488986,45.35999276488986,45.422177562324286,45.422177562324286,False
0.3,4.502568087200004,0.0,0.0,0.0,14.96747342979332,0.0,0.3815745947419728,0.0003526141489023053,-0.000875248916634851,0.0,0.0,0.31430388695148365,0.31430388695148365,0.31584058659878883,0.31584058659878883,3453.1448706736014,3453.1448706736014,3115.0709482664606,3115.0709482664606,0.9834445382087224,0.9834445382087224,73.70631036060944,73.70631036060944,-0.0,-0.0,-0.0,-0.0,1.691356383257389e-05,1.691356383257389e-05,0.0013882500044464464,0.0013882500044464464,0.0,0.0,0.0,0.0,0.0,0.0,0.0,0.0,45.35674722154723,45.35674722154723,45.41894552984479,45.41894552984479,False
0.31,4.65223746736816,0.0,0.0,0.0,14.966402623626673,0.0,0.3815779356482524,0.00031520356414235133,-0.0008871914092032333,0.0,0.0,0.3142993573786066,0.3142993573786066,0.31584566751759646,0.31584566751759646,3454.1413767065533,3454.1413767065533,3113.9531461287816,3113.9531461287816,0.9833414731286344,0.9833414731286344,73.70572812695674,73.70572812695674,-0.0,-0.0,-0.0,-0.0,1.6907531425453924e-05,1.6907531425453924e-05,0.0013886812123162378,0.0013886812123162378,0.0,0.0,0.0,0.0,0.0,0.0,0.0,0.0,45.35350202590714,45.35350202590714,45.41571571444261,45.41571571444261,False
0.32,4.801896140056474,0.0,0.0,0.0,14.965331932643544,0.0,0.3815808927308631,0.0002759676178522908,-0.0008953013748103724,0.0,0.0,0.31429434666001027,0.31429434666001027,0.3158510358526452,0.3158510358526452,3455.243734797744,3455.243734797744,3112.772112418064,3112.772112418064,0.9832430971187758,0.9832430971187758,73.70531392318,73.70531392318,-0.0,-0.0,-0.0,-0.0,1.6901130978567957e-05,1.6901130978567957e-05,0.0013891409445139712,0.0013891409445139712,0.0,0.0,0.0,0.0,0.0,0.0,0.0,0.0,45.35025716266265,45.35025716266265,45.41248753933158,45.41248753933158,False
0.33,4.95154410638155,0.0,0.0,0.0,14.964261349822916,0.0,0.381583451244653,0.0002356038879524791,-0.0008999055281327655,0.0,0.0,0.3142889886381131,0.3142889886381131,0.3158565652093919,0.3158565652093919,3456.4224996151192,3456.4224996151192,3111.5556539337795,3111.5556539337795,0.9831494224682255,0.9831494224682255,73.70505330275888,73.70505330275888,-0.0,-0.0,-0.0,-0.0,1.6894489290468203e-05,1.6894489290468203e-05,0.0013896179685544355,0.0013896179685544355,0.0,0.0,0.0,0.0,0.0,0.0,0.0,0.0,45.347012616290996,45.347012616290996,45.4092604735781,45.4092604735781,False
0.34,5.101181367390751,0.0,0.0,0.0,14.963190868358744,0.0,0.38158560327982505,0.00019478021437198645,-0.000901348443633277,0.0,0.0,0.3142834070424168,0.3142834070424168,0.3158621419619022,0.3158621419619022,3457.650450668306,3457.650450668306,3110.3287683815174,3110.3287683815174,0.9830603618735482,0.9830603618735482,73.70493100081427,73.70493100081427,-0.0,-0.0,-0.0,-0.0,1.6887721611176533e-05,1.6887721611176533e-05,0.0013901021175770905,0.0013901021175770905,0.0,0.0,0.0,0.0,0.0,0.0,0.0,0.0,45.34376837139558,45.34376837139558,45.40603403536533,45.40603403536533,False
0.35,5.250807924064932,0.0,0.0,0.0,14.962120481771514,0.0,0.3815873474172615,0.00015412547268423083,-0.0008999848120018314,0.0,0.0,0.31427771472814175,0.31427771472814175,0.315867665615733,0.315867665615733,3458.9027598088173,3458.9027598088173,3109.1135645387467,3109.1135645387467,0.982975737942618,0.982975737942618,73.70493126294345,73.70493126294345,-0.0,-0.0,-0.0,-0.0,1.6880931094639297e-05,1.6880931094639297e-05,0.0013905843307392828,0.0013905843307392828,0.0,0.0,0.0,0.0,0.0,0.0,0.0,0.0,45.34052441301938,45.34052441301938,45.40280779414575,45.40280779414575,False
0.36,5.40042377732219,0.0,0.0,0.0,14.961050184004458,0.0,0.3815886882986926,0.00011422178003660381,-0.0008961724600995525,0.0,0.0,0.31427201317188447,0.31427201317188447,0.3158730489026194,0.3158730489026194,3460.1571021854206,3460.1571021854206,3107.9292414237325,3107.9292414237325,0.9828952938815936,0.9828952938815936,73.705038150527,73.705038150527,-0.0,-0.0,-0.0,-0.0,1.6874208536161373e-05,1.6874208536161373e-05,0.0013910566715318517,0.0013910566715318517,0.0,0.0,0.0,0.0,0.0,0.0,0.0,0.0,45.337280726924796,45.337280726924796,45.399581371745576,45.399581371745576,False
0.37,5.550028928022512,0.0,0.0,0.0,14.959979969503912,0.0,0.3815896361262733,7.559817395472178e-05,-0.0008902661565447373,0.0,0.0,0.31426639220551433,0.31426639220551433,0.3158782176381553,0.3158782176381553,3461.39371478685,3461.39371478685,3106.7921196058323,3106.7921196058323,0.9828187049904743,0.9828187049904743,73.70523581769116,73.70523581769116,-0.0,-0.0,-0.0,-0.0,1.6867632363852545e-05,1.6867632363852545e-05,0.0013915123259512212,0.0013915123259512212,0.0,0.0,0.0,0.0,0.0,0.0,0.0,0.0,45.33403729983699,45.33403729983699,45.39635444250745,45.39635444250745,False
0.38,5.699623376973134,0.0,0.0,0.0,14.958909833283581,0.0,0.38159020610631555,3.872576048572295e-05,-0.0008826122097098301,0.0,0.0,0.3142609299655528,0.3142609299655528,0.3158831103746879,0.3158831103746879,3462.5954075783816,3462.5954075783816,3105.715717568662,3105.715717568662,0.9827455905237424,0.9827455905237424,73.70550875768298,73.70550875768298,-0.0,-0.0,-0.0,-0.0,1.686126884870731e-05,1.686126884870731e-05,0.0013919455826891523,0.0013919455826891523,0.0,0.0,0.0,0.0,0.0,0.0,0.0,0.0,45.330794119648374,45.330794119648374,45.393126732569286,45.393126732569286,False
0.39,5.849207124934477,0.0,0.0,0.0,14.957839770973004,0.0,0.3815904178516959,4.0142920547521805e-06,-0.0008735438511355117,0.0,0.0,0.3142556930333768,0.3142556930333768,0.3158876778811347,0.3158876778811347,3463.7475326571066,3463.7475326571066,3104.71086615037,3104.71086615037,0.9826755257850673,0.9826755257850673,73.70584201754606,73.70584201754606,-0.0,-0.0,-0.0,-0.0,1.6855172502312545e-05,1.6855172502312545e-05,0.0013923517975851659,0.0013923517975851659,0.0,0.0,0.0,0.0,0.0,0.0,0.0,0.0,45.32755117558365,45.32755117558365,45.38989801838215,45.38989801838215,False
0.4,5.99878017262648,0.0,0.0,0.0,14.956769778850779,0.0,0.38159029475691947,-2.8189892111800316e-05,-0.0008633773853421594,0.0,0.0,0.3142507367411105,0.3142507367411105,0.3158918824801646,0.3158918824801646,3464.8379169556974,3464.8379169556974,3103.785854363794,3103.785854363794,0.982608053781681,0.982608053781681,73.70622138105435,73.70622138105435,-0.0,-0.0,-0.0,-0.0,1.684938662237058e-05,1.684938662237058e-05,0.001392727344611196,0.001392727344611196,0.0,0.0,0.0,0.0,0.0,0.0,0.0,0.0,45.32430845832547,45.32430845832547,45.38666812457224,45.38666812457224,False
0.41,6.1483425207351985,0.0,0.0,0.0,14.955699853863312,0.0,0.3815898633590436,-5.760465050645589e-05,-0.0008524090767615443,0.0,0.0,0.3142461056184507,0.3142461056184507,0.3158956972715641,0.3158956972715641,3465.8567639408543,3465.8567639408543,3102.9466002559057,3102.9466002559057,0.9825426967684886,0.9825426967684886,73.70663352007439,73.70663352007439,-0.0,-0.0,-0.0,-0.0,1.684394396484997e-05,1.684394396484997e-05,0.0013930695556339954,0.0013930695556339954,0.0,0.0,0.0,0.0,0.0,0.0,0.0,0.0,45.32106596010183,45.32106596010183,45.383436921251295,45.383436921251295,False
0.42,6.297894169919519,0.0,0.0,0.0,14.954629993630048,0.0,0.3815891526967099,-8.401165125406276e-05,-0.000840912735988441,0.0,0.0,0.31424183395653355,0.31424183395653355,0.3158991052688045,0.3158991052688045,3466.7965295626236,3466.7965295626236,3102.196840863015,3102.196840863015,0.9824789670392943,0.9824789670392943,73.70706611516356,73.70706611516356,-0.0,-0.0,-0.0,-0.0,1.6838867506715904e-05,1.6838867506715904e-05,0.0013933766511607642,0.0013933766511607642,0.0,0.0,0.0,0.0,0.0,0.0,0.0,0.0,45.31782367473674,45.31782367473674,45.38020432087855,45.38020432087855,False
0.43,6.447435120817859,0.0,0.0,0.0,14.953560196436271,0.0,0.3815881936784511,-0.00010725492472943434,-0.0008291379606892693,0.0,0.0,0.31423794646608916,0.31423794646608916,0.3159020984738972,0.3159020984738972,3467.651777460389,3467.651777460389,3101.5383357426153,3101.5383357426153,0.9824163769722326,0.9824163769722326,73.70750794633096,73.70750794633096,-0.0,-0.0,-0.0,-0.0,1.6834171276357458e-05,1.6834171276357458e-05,0.0013936476641998618,0.0013936476641998618,0.0,0.0,0.0,0.0,0.0,0.0,0.0,0.0,45.314581597666084,45.314581597666084,45.37697027477426,45.37697027477426,False
0.44,6.59696537405475,0.0,0.0,0.0,14.952490461214724,0.0,0.38158701847026766,-0.00012723847782084824,-0.0008173089812073003,0.0,0.0,0.3142344590084367,0.3142344590084367,0.3159046769135737,0.3159046769135737,3468.4190181439258,3468.4190181439258,3100.971079013787,3100.971079013787,0.9823544482711843,0.9823544482711843,73.70794895526203,73.70794895526203,-0.0,-0.0,-0.0,-0.0,1.6829861229765906e-05,1.6829861229765906e-05,0.0013938823592734516,0.0013938823592734516,0.0,0.0,0.0,0.0,0.0,0.0,0.0,0.0,45.3113397259219,45.3113397259219,45.37373476938126,45.37373476938126,False
0.45,6.7464849302471706,0.0,0.0,0.0,14.951420787517343,0.0,0.3815856599112302,-0.00014392309562527952,-0.0008056240570627082,0.0,0.0,0.3142313793793209,0.3142313793793209,0.3159068476576804,0.3159068476576804,3469.0965365494085,3469.0965365494085,3100.493515310315,3100.493515310315,0.9822927203283018,0.9822927203283018,73.70838028103942,73.70838028103942,-0.0,-0.0,-0.0,-0.0,1.682593615228804e-05,1.682593615228804e-05,0.0013940811485050656,0.0013940811485050656,0.0,0.0,0.0,0.0,0.0,0.0,0.0,0.0,45.30809805808757,45.30809805808757,45.370497822365415,45.370497822365415,False
0.46,6.895993790010565,0.0,0.0,0.0,14.95035117547843,0.0,0.38158415096459414,-0.0001573224586804646,-0.000794255368044003,0.0,0.0,0.314228708127126,0.314228708127126,0.31590862383844326,0.31590862383844326,3469.6842120322835,3469.6842120322835,3100.1027555424866,3100.1027555424866,0.9822307573283516,0.9822307573283516,73.70879427129545,73.70879427129545,-0.0,-0.0,-0.0,-0.0,1.6822388562558644e-05,1.6822388562558644e-05,0.0013942450065507715,0.0013942450065507715,0.0,0.0,0.0,0.0,0.0,0.0,0.0,0.0,45.304856594227424,45.304856594227424,45.367259478639454,45.367259478639454,False
0.47,7.045491953964455,0.0,0.0,0.0,14.949281625770713,0.0,0.3815825242106303,-0.00016749870377386617,-0.0007833493423027487,0.0,0.0,0.3142264393886474,0.3142264393886474,0.31591002368699594,0.31591002368699594,3470.183334497572,3470.183334497572,3099.7947888608956,3099.7947888608956,0.9821681545306407,0.9821681545306407,73.70918447116614,73.70918447116614,-0.0,-0.0,-0.0,-0.0,1.6819205611125568e-05,1.6819205611125568e-05,0.0013943753859801081,0.0013943753859801081,0.0,0.0,0.0,0.0,0.0,0.0,0.0,0.0,45.30161533579429,45.30161533579429,45.364019806387184,45.364019806387184,False
0.48,7.194979422737572,0.0,0.0,0.0,14.948212139555595,0.0,0.38158081138610467,-0.00017455755412269818,-0.0007730273636698896,0.0,0.0,0.3142245617272916,0.3142245617272916,0.3159110696012858,0.3159110696012858,3470.596419995857,3470.596419995857,3099.5646877171303,3099.5646877171303,0.9821045432234173,0.9821045432234173,73.70954559289682,73.70954559289682,-0.0,-0.0,-0.0,-0.0,1.681636995201652e-05,1.681636995201652e-05,0.001394474134535522,0.001394474134535522,0.0,0.0,0.0,0.0,0.0,0.0,0.0,0.0,45.29837428551835,45.29837428551835,45.360778893156834,45.360778893156834,False
0.49,7.344456196972485,0.0,0.0,0.0,14.94714271842908,0.0,0.38157904297409967,-0.00017864314048906112,-0.0007633868011814848,0.0,0.0,0.3142230589603129,0.3142230589603129,0.3159117872572365,0.3159117872572365,3470.927028731169,3470.927028731169,3099.4068034079714,3099.4068034079714,0.9820395947889229,0.9820395947889229,73.70987346858429,73.70987346858429,-0.0,-0.0,-0.0,-0.0,1.6813860583429446e-05,1.6813860583429446e-05,0.0013945434154976864,0.0013945434154976864,0.0,0.0,0.0,0.0,0.0,0.0,0.0,0.0,45.295133447281415,45.295133447281415,45.35753684208354,45.35753684208354,False
0.5,7.4939222773296565,0.0,0.0,0.0,14.946073364364523,0.0,0.38157724784668573,-0.00017993262882936206,-0.0007545023054061446,0.0,0.0,0.3142219109634352,0.3142219109634352,0.31591220477287824,0.31591220477287824,3471.1795880442564,3471.1795880442564,3099.3149499667916,3099.3149499667916,0.9819730235394221,0.9819730235394221,73.710164988834,73.710164988834,-0.0,-0.0,-0.0,-0.0,1.681165364207892e-05,1.681165364207892e-05,0.0013945856321917966,0.0013945856321917966,0.0,0.0,0.0,0.0,0.0,0.0,0.0,0.0,45.291892825979495,45.291892825979495,45.35429376829136,45.35429376829136,False
0.51,7.6433776644909255,0.0,0.0,0.0,14.945004079653636,0.0,0.38157545296182943,-0.00017863076265010774,-0.0007464273184797107,0.0,0.0,0.3142210944429291,0.3142210944429291,0.3159123519330845,0.3159123519330845,3471.3592225555976,3471.3592225555976,3099.2825747214183,3099.2825747214183,0.981904588613819,0.981904588613819,73.71041803031204,73.71041803031204,-0.0,-0.0,-0.0,-0.0,1.6809723148083544e-05,1.6809723148083544e-05,0.00139460335747784,0.00139460335747784,0.0,0.0,0.0,0.0,0.0,0.0,0.0,0.0,45.28865242737776,45.28865242737776,45.35104979551709,45.35104979551709,False
0.52,7.792822359162388,0.0,0.0,0.0,14.943934866846787,0.0,0.3815736831148859,-0.0001749644196263877,-0.000739195747652042,0.0,0.0,0.3142205836668902,0.3142205836668902,0.3159122594806119,0.3159122594806119,3471.4715932841577,3471.4715932841577,3099.3029142653827,3099.3029142653827,0.9818340949235106,0.9818340949235106,73.71063137459755,73.71063137459755,-0.0,-0.0,-0.0,-0.0,1.6808041693592744e-05,1.6808041693592744e-05,0.0013945992688679367,0.0013945992688679367,0.0,0.0,0.0,0.0,0.0,0.0,0.0,0.0,45.28541225796089,45.28541225796089,45.347805052988186,45.347805052988186,False
0.53,7.942256362076691,0.0,0.0,0.0,14.942865728693771,0.0,0.38157196074407385,-0.00016917727251387893,-0.0007328237555185947,0.0,0.0,0.31422035114907554,0.31422035114907554,0.31591195847732806,0.31591195847732806,3471.522747203385,3471.522747203385,3099.3691349878304,3099.3691349878304,0.9817613930282738,0.9817613930282738,73.71080462084296,73.71080462084296,-0.0,-0.0,-0.0,-0.0,1.6806581067872107e-05,1.6806581067872107e-05,0.0013945760897363672,0.0013945760897363672,0.0,0.0,0.0,0.0,0.0,0.0,0.0,0.0,45.2821723247819,45.2821723247819,45.34455967257924,45.34455967257924,False
0.54,8.091679673994735,0.0,0.0,0.0,14.941796668085944,0.0,0.38157030578848405,-0.0001615246342119806,-0.0007273116238347052,0.0,0.0,0.31422036828017735,0.31422036828017735,0.3159114797378651,0.3159114797378651,3471.518978360986,3471.518978360986,3099.474457669682,3099.474457669682,0.9816863784436519,0.9816863784436519,73.71093809484925,73.71093809484925,-0.0,-0.0,-0.0,-0.0,1.6805312823450807e-05,1.6805312823450807e-05,0.001394536536924495,0.001394536536924495,0.0,0.0,0.0,0.0,0.0,0.0,0.0,0.0,45.27893263531241,45.27893263531241,45.34131378626329,45.34131378626329,False
0.55,8.241092295706808,0.0,0.0,0.0,14.940727688000685,0.0,0.3815687355964224,-0.00015226855626323345,-0.0007226456517894702,0.0,0.0,0.3142206059028398,0.3142206059028398,0.3159108533364438,0.3159108533364438,3471.4667013752496,3471.4667013752496,3099.6122659823654,3099.6122659823654,0.981608989987329,0.981608989987329,73.71103275628967,73.71103275628967,-0.0,-0.0,-0.0,-0.0,1.6804208773789093e-05,1.6804208773789093e-05,0.001394483274875429,0.001394483274875429,0.0,0.0,0.0,0.0,0.0,0.0,0.0,0.0,45.275693197296924,45.275693197296924,45.338067523866876,45.338067523866876,False
0.56,8.390494228033191,0.0,0.0,0.0,14.939658791448826,0.0,0.3815672648812523,-0.00014167323932417987,-0.0007188000537536194,0.0,0.0,0.31422103482803737,0.31422103482803737,0.31591010818629356,0.31591010818629356,3471.372337831782,3471.372337831782,3099.7761990154204,3099.7761990154204,0.9815292076197919,0.9815292076197919,73.7110901062169,73.7110901062169,-0.0,-0.0,-0.0,-0.0,1.680324142849473e-05,1.680324142849473e-05,0.0013944188763077097,0.0013944188763077097,0.0,0.0,0.0,0.0,0.0,0.0,0.0,0.0,45.2724540186132,45.2724540186132,45.33482101113096,45.33482101113096,False
0.57,8.539885471824222,0.0,0.0,0.0,14.938589981425801,0.0,0.38156590572136967,-0.00013000080342704304,-0.000715738825725338,0.0,0.0,0.31422162629163347,0.31422162629163347,0.31590927168994004,0.31590927168994004,3471.24221584064,3471.24221584064,3099.9602282131946,3099.9602282131946,0.9814470497270948,0.9814470497270948,73.71111209651751,73.71111209651751,-0.0,-0.0,-0.0,-0.0,1.6802384364391537e-05,1.6802384364391537e-05,0.0013943457893123123,0.0013943457893123123,0.0,0.0,0.0,0.0,0.0,0.0,0.0,0.0,45.269215107141,45.269215107141,45.33157436807474,45.33157436807474,False
0.58,8.689266027959931,0.0,0.0,0.0,14.937521260866884,0.0,0.38156466760051605,-0.00011750745534864854,-0.0007134175539024613,0.0,0.0,0.3142223523510093,0.3142223523510093,0.31590836945765405,0.31590836945765405,3471.0824827779543,3471.0824827779543,3100.158719316113,3100.158719316113,0.981362569868188,0.981362569868188,73.71110104241707,73.71110104241707,-0.0,-0.0,-0.0,-0.0,1.680161253288305e-05,1.680161253288305e-05,0.0013942663106491409,0.0013942663106491409,0.0,0.0,0.0,0.0,0.0,0.0,0.0,0.0,45.26597647064033,45.26597647064033,45.328327707653074,45.328327707653074,False
0.59,8.83863589734924,0.0,0.0,0.0,14.936452632607065,0.0,0.38156355748431475,-0.00010444008027731371,-0.0007117851429409822,0.0,0.0,0.31422318622260514,0.31422318622260514,0.31590742509053016,0.31590742509053016,3470.899031026872,3470.899031026872,3100.3664800833685,3100.3664800833685,0.9812758533323889,0.9812758533323889,73.71105953959731,73.71105953959731,-0.0,-0.0,-0.0,-0.0,1.680090251035767e-05,1.680090251035767e-05,0.0013941825649469676,0.0013941825649469676,0.0,0.0,0.0,0.0,0.0,0.0,0.0,0.0,45.262738116641195,45.262738116641195,45.32508113469576,45.32508113469576,False
0.6,8.987995080928757,0.0,0.0,0.0,14.935384099345734,0.0,0.38156257992869247,-9.103327535637275e-05,-0.0007107854454599423,0.0,0.0,0.31422410256203714,0.31422410256203714,0.31590646002400985,0.31590646002400985,3470.6974363518316,3470.6974363518316,3100.5787947178364,3100.5787947178364,0.9811870132298426,0.9811870132298426,73.710990386472,73.710990386472,-0.0,-0.0,-0.0,-0.0,1.680023268839522e-05,1.680023268839522e-05,0.0013940964894285702,0.0013940964894285702,0.0,0.0,0.0,0.0,0.0,0.0,0.0,0.0,45.25950005234513,45.25950005234513,45.321834745111815,45.321834745111815,False
0.61,9.137343579661284,0.0,0.0,0.0,14.93431566361641,0.0,0.3815617372157164,-7.75068336917344e-05,-0.0007103587781721791,0.0,0.0,0.31422507768915653,0.31422507768915653,0.31590549342714974,0.31590549342714974,3470.482908385567,3470.482908385567,3100.7914460270604,3100.7914460270604,0.9810961865953692,0.9810961865953692,73.71089651248285,73.71089651248285,-0.0,-0.0,-0.0,-0.0,1.6799583414092694e-05,1.6799583414092694e-05,0.0013940098237407348,0.0013940098237407348,0.0,0.0,0.0,0.0,0.0,0.0,0.0,0.0,45.256262284539794,45.256262284539794,45.31858862534041,45.31858862534041,False
0.62,9.28668139453402,0.0,0.0,0.0,14.933247327761526,0.0,0.38156102951233467,-6.406367914276751e-05,-0.0007104433136187109,0.0,0.0,0.31422608976099886,0.31422608976099886,0.31590454215256863,0.31590454215256863,3470.260252580254,3470.260252580254,3101.0007264349038,3101.0007264349038,0.9810035304015408,0.9810035304015408,73.71078091306097,73.71078091306097,-0.0,-0.0,-0.0,-0.0,1.679893708131675e-05,1.679893708131675e-05,0.001393924104431805,0.001393924104431805,0.0,0.0,0.0,0.0,0.0,0.0,0.0,0.0,45.25302481952668,45.25302481952668,45.315342852027676,45.315342852027676,False
0.63,9.436008526556552,0.0,0.0,0.0,14.932179093912325,0.0,0.3815604550475408,-5.088824473739175e-05,-0.0007109763398297222,0.0,0.0,0.31422711889603605,0.31422711889603605,0.31590362073176675,0.31590362073176675,3470.0338428720725,3470.0338428720725,3101.2034390113176,3101.2034390113176,0.9809092173947562,0.9809092173947562,73.71064659124406,73.71064659124406,-0.0,-0.0,-0.0,-0.0,1.679827817440485e-05,1.679827817440485e-05,0.0013938406635869644,0.0013938406635869644,0.0,0.0,0.0,0.0,0.0,0.0,0.0,0.0,45.2497876630621,45.2497876630621,45.31209749190722,45.31209749190722,False
0.64,9.585324976758663,0.0,0.0,0.0,14.931110963973708,0.0,0.3815600103035926,-3.8145280906655075e-05,-0.0007118953833032123,0.0,0.0,0.3142281472535042,0.3142281472535042,0.31590274141038993,0.31590274141038993,3469.807604229085,3469.807604229085,3101.3968897142186,3101.3968897142186,0.980813432204777,0.980813432204777,73.71049650631518,73.71049650631518,-0.0,-0.0,-0.0,-0.0,1.6797593275355585e-05,1.6797593275355585e-05,0.0013937606311303352,0.0013937606311303352,0.0,0.0,0.0,0.0,0.0,0.0,0.0,0.0,45.246550820311604,45.246550820311604,45.30885260186162,45.30885260186162,False
0.65,9.73463074618799,0.0,0.0,0.0,14.930042939613877,0.0,0.3815596902170773,-2.5979073961343556e-05,-0.000713139193466779,0.0,0.0,0.314229159071835,0.314229159071835,0.3159019142179949,0.3159019142179949,3469.5850041962995,3469.5850041962995,3101.578872041124,3101.578872041124,0.9807163675042362,0.9807163675042362,73.71033352951918,73.71033352951918,-0.0,-0.0,-0.0,-0.0,1.6796871034252084e-05,1.6796871034252084e-05,0.0013936849402987751,0.0013936849402987751,0.0,0.0,0.0,0.0,0.0,0.0,0.0,0.0,45.24331429581718,45.24331429581718,45.30560822914191,45.30560822914191,False
0.66,9.883925835907656,0.0,0.0,0.0,14.92897502225854,0.0,0.3815594883858425,-1.4513050336371828e-05,-0.0007146485892588869,0.0,0.0,0.3142301406703859,0.3142301406703859,0.3159011470669506,0.3159011470669506,3469.3690525151046,3469.3690525151046,3101.74764527087,3101.74764527087,0.9806182202904189,0.9806182202904189,73.71016040640343,73.71016040640343,-0.0,-0.0,-0.0,-0.0,1.6796102107897827e-05,1.6796102107897827e-05,0.0013936143357931616,0.0013936143357931616,0.0,0.0,0.0,0.0,0.0,0.0,0.0,0.0,45.2400780934769,45.2400780934769,45.30236441172199,45.30236441172199,False
0.67,10.033210246993814,0.0,0.0,0.0,14.927907213089332,0.0,0.38155939727807203,-3.8497381093232225e-06,-0.0007163671706296321,0.0,0.0,0.3142310804187385,0.3142310804187385,0.3159004458752702,0.3159004458752702,3469.162307877537,3469.162307877537,3101.901907440555,3101.901907440555,0.9805191884952701,0.9805191884952701,73.70997972615699,73.70997972615699,-0.0,-0.0,-0.0,-0.0,1.6795279074027045e-05,1.6795279074027045e-05,0.0013935493841463593,0.0013935493841463593,0.0,0.0,0.0,0.0,0.0,0.0,0.0,0.0,45.23684221653626,45.23684221653626,45.29912117876584,45.29912117876584,False
0.68,10.182483980533224,0.0,0.0,0.0,14.926839513046202,0.0,0.38155940844009034,5.928945860830616e-06,-0.0007182418996191711,0.0,0.0,0.3142319686778413,0.3142319686778413,0.31589981470839146,0.31589981470839146,3468.966890874915,3468.966890874915,3102.0407641538827,3102.0407641538827,0.9804194678431446,0.9804194678431446,73.7097938969417,73.7097938969417,-0.0,-0.0,-0.0,-0.0,1.679439632357687e-05,1.679439632357687e-05,0.0013934904858440556,0.0013934904858440556,0.0,0.0,0.0,0.0,0.0,0.0,0.0,0.0,45.23360666759043,45.23360666759043,45.295878551185915,45.295878551185915,False
0.69,10.331747037620863,0.0,0.0,0.0,14.925771922833283,0.0,0.3815595126998109,1.4761117167835735e-05,-0.0007202235572311854,0.0,0.0,0.3142327977172069,0.3142327977172069,0.3158992559352129,0.3158992559352129,3468.7845022144825,3468.7845022144825,3102.163694253166,3102.163694253166,0.980319248933426,0.980319248933426,73.7096051274262,73.7096051274262,-0.0,-0.0,-0.0,-0.0,1.6793449934462114e-05,1.6793449934462114e-05,0.0013934378887864084,0.0013934378887864084,0.0,0.0,0.0,0.0,0.0,0.0,0.0,0.0,45.230371448596365,45.230371448596365,45.292636542272554,45.292636542272554,False
0.7,10.480999419357605,0.0,0.0,0.0,14.924704442927906,0.0,0.3815597003630839,2.2604089009861533e-05,-0.0007222670835895559,0.0,0.0,0.31423356161225324,0.31423356161225324,0.3158987703940136,0.3158987703940136,3468.61644530429,3468.61644530429,3102.2705133170125,3102.2705133170125,0.9802187147803747,0.9802187147803747,73.70941541385534,73.70941541385534,-0.0,-0.0,-0.0,-0.0,1.6792437534580247e-05,1.6792437534580247e-05,0.0013933917026926095,0.0013933917026926095,0.0,0.0,0.0,0.0,0.0,0.0,0.0,0.0,45.227136560893896,45.227136560893896,45.289395158375214,45.289395158375214,False
0.71,10.630241126848007,0.0,0.0,0.0,14.923637073592355,0.0,0.3815599614005668,2.9433317624779838e-05,-0.0007243318098628265,0.0,0.0,0.31423425612570427,0.31423425612570427,0.31589835756425244,0.31589835756425244,3468.463652345064,3468.463652345064,3102.3613358644666,3102.3613358644666,0.9801180385922995,0.9801180385922995,73.70922653196193,73.70922653196193,-0.0,-0.0,-0.0,-0.0,1.6791358153922602e-05,1.6791358153922602e-05,0.00139335191408464,0.00139335191408464,0.0,0.0,0.0,0.0,0.0,0.0,0.0,0.0,45.22390200523459,45.22390200523459,45.28615439961803,45.28615439961803,False
0.72,10.779472161198239,0.0,0.0,0.0,14.922569814887895,0.0,0.38156028562310473,3.5241164518559146e-05,-0.000726381591179841,0.0,0.0,0.31423487857675547,0.31423487857675547,0.3158980157406253,0.3158980157406253,3468.3267131137995,3468.3267131137995,3102.436537062434,3102.436537062434,0.9800173818394201,0.9800173818394201,73.70904003383524,73.70904003383524,-0.0,-0.0,-0.0,-0.0,1.6790212070072275e-05,1.6790212070072275e-05,0.0013933184015368792,0.0013933184015368792,0.0,0.0,0.0,0.0,0.0,0.0,0.0,0.0,45.220667781817326,45.220667781817326,45.28291426063393,45.28291426063393,False
0.73,10.928692523514139,0.0,0.0,0.0,14.921502666690674,0.0,0.38156066284396517,4.003551153483024e-05,-0.0007283848502601057,0.0,0.0,0.3142354277014621,0.3142354277014621,0.31589774220615807,0.31589774220615807,3468.2059056783364,3468.2059056783364,3102.4967146452277,3102.4967146452277,0.9799168928321892,0.9799168928321892,73.70885724855532,73.70885724855532,-0.0,-0.0,-0.0,-0.0,1.6789000654109618e-05,1.6789000654109618e-05,0.0013932909508898408,0.0013932909508898408,0.0,0.0,0.0,0.0,0.0,0.0,0.0,0.0,45.21743389032941,45.21743389032941,45.279674731302585,45.279674731302585,False
0.74,11.077902214899453,0.0,0.0,0.0,14.920435628709077,0.0,0.3815610830266359,4.383826380708022e-05,-0.0007303145417645185,0.0,0.0,0.3142359035075424,0.3142359035075424,0.31589753340152027,0.31589753340152027,3468.10122834068,3468.10122834068,3102.5426516655443,3102.5426516655443,0.9798167055315244,0.9798167055315244,73.70867928672152,73.70867928672152,-0.0,-0.0,-0.0,-0.0,1.6787726215140266e-05,1.6787726215140266e-05,0.0013932692701875537,0.0013932692701875537,0.0,0.0,0.0,0.0,0.0,0.0,0.0,0.0,45.21420032999219,45.21420032999219,45.276435797479905,45.276435797479905,False
0.75,11.22710123645425,0.0,0.0,0.0,14.91936870050215,0.0,0.3815615364172318,4.6683774149594025e-05,-0.0007321480474577256,0.0,0.0,0.3142363071264928,0.3142363071264928,0.31589738508814924,0.31589738508814924,3468.0124321715857,3468.0124321715857,3102.5752806071705,3102.5752806071705,0.9797169386336139,0.9797169386336139,73.7085070477336,73.7085070477336,-0.0,-0.0,-0.0,-0.0,1.678639184689825e-05,1.678639184689825e-05,0.0013932530041098885,0.0013932530041098885,0.0,0.0,0.0,0.0,0.0,0.0,0.0,0.0,45.21096709960989,45.21096709960989,45.273197441707715,45.273197441707715,False
0.76,11.376289589273517,0.0,0.0,0.0,14.918301881498671,0.0,0.3815620136608852,4.8617220564640905e-05,-0.0007338670121847776,0.0,0.0,0.3142366406656215,0.3142366406656215,0.3158972925031662,0.3158972925031662,3467.9390535632706,3467.9390535632706,3102.5956493034337,3102.5956493034337,0.9796176951405492,0.9796176951405492,73.70834122996683,73.70834122996683,-0.0,-0.0,-0.0,-0.0,1.678500128249844e-05,1.678500128249844e-05,0.0013932417477296908,0.0013932417477296908,0.0,0.0,0.0,0.0,0.0,0.0,0.0,0.0,45.20773419762086,45.20773419762086,45.26995964389457,45.26995964389457,False
0.77,11.525467274445967,0.0,0.0,0.0,14.917235171016571,0.0,0.3815625059018017,4.969296632614605e-05,-0.0007354571304243201,0.0,0.0,0.3142369070622939,0.3142369070622939,0.31589725050445533,0.31589725050445533,3467.880446295345,3467.880446295345,3102.604889019831,3102.604889019831,0.9795190620125008,0.9795190620125008,73.7081823428902,73.7081823428902,-0.0,-0.0,-0.0,-0.0,1.6783558752579587e-05,1.6783558752579587e-05,0.0013932350594377033,0.0013932350594377033,0.0,0.0,0.0,0.0,0.0,0.0,0.0,0.0,45.20450162214997,45.20450162214997,45.266722381959724,45.266722381959724,False
0.78,11.674634293053014,0.0,0.0,0.0,14.916168568282318,0.0,0.3815630048669421,4.9972929622273144e-05,-0.0007369078928104601,0.0,0.0,0.31423710994238696,0.31423710994238696,0.31589725370463073,0.31589725370463073,3467.835812674872,3467.835812674872,3102.6041849812423,3102.6041849812423,0.9794211102778562,0.9794211102778562,73.70803072088844,73.70803072088844,-0.0,-0.0,-0.0,-0.0,1.678206885517627e-05,1.678206885517627e-05,0.0013932324729223498,0.0013932324729223498,0.0,0.0,0.0,0.0,0.0,0.0,0.0,0.0,45.20126937106147,45.20126937106147,45.26348563243403,45.26348563243403,False
0.79,11.823790646167959,0.0,0.0,0.0,14.915102072449963,0.0,0.38156350293355146,4.952498706481898e-05,-0.0007382123015372849,0.0,0.0,0.31423725348464476,0.31423725348464476,0.31589729659296617,0.31589729659296617,3467.8042333781555,3467.8042333781555,3102.594749547446,3102.594749547446,0.9793238952647949,0.9793238952647949,73.70788653841734,73.70788653841734,-0.0,-0.0,-0.0,-0.0,1.6780536433157645e-05,1.6780536433157645e-05,0.0013932335081189027,0.0013932335081189027,0.0,0.0,0.0,0.0,0.0,0.0,0.0,0.0,45.19803744201119,45.19803744201119,45.260249371013074,45.260249371013074,False
0.8,11.972936334855357,0.0,0.0,0.0,14.914035682619668,0.0,0.3815639931809836,4.842143256116687e-05,-0.0007393665629945249,0.0,0.0,0.31423734229233913,0.31423734229233913,0.3158973736446735,0.3158973736446735,3467.7846956853955,3467.7846956853955,3102.5777981718293,3102.5777981718293,0.9792274571271067,0.9792274571271067,73.70774982585833,73.70774982585833,-0.0,-0.0,-0.0,-0.0,1.6778966463524815e-05,1.6778966463524815e-05,0.001393237681064402,0.001393237681064402,0.0,0.0,0.0,0.0,0.0,0.0,0.0,0.0,45.19480583249764,45.19480583249764,45.257013573058885,45.257013573058885,False
0.81,12.122071360170573,0.0,0.0,0.0,14.912969397855344,0.0,0.3815644694274697,4.673751016025015e-05,-0.0007403697653497852,0.0,0.0,0.3142373812733618,0.3142373812733618,0.315897479417202,0.315897479417202,3467.776119860404,3467.776119860404,3102.5545282155686,3102.5545282155686,0.979131821491084,0.979131821491084,73.707620486055,73.707620486055,-0.0,-0.0,-0.0,-0.0,1.677736395666732e-05,1.677736395666732e-05,0.0013932445126306565,0.0013932445126306565,0.0,0.0,0.0,0.0,0.0,0.0,0.0,0.0,45.191574539910924,45.191574539910924,45.25377821404828,45.25377821404828,False
0.82,12.271195723159499,0.0,0.0,0.0,14.911903217201322,0.0,0.38156492625265126,4.4550036579131826e-05,-0.0007412235481104723,0.0,0.0,0.314237375529611,0.314237375529611,0.31589760863349453,0.31589760863349453,3467.777383485582,3467.777383485582,3102.5261006312066,3102.5261006312066,0.9790370003985944,0.9790370003985944,73.70749831082153,73.70749831082153,-0.0,-0.0,-0.0,-0.0,1.6775733869395853e-05,1.6775733869395853e-05,0.001393253536117258,0.001393253536117258,0.0,0.0,0.0,0.0,0.0,0.0,0.0,0.0,45.18834356157933,45.18834356157933,45.25054326996644,45.25054326996644,False
0.83,12.420309424858434,0.0,0.0,0.0,14.910837139697824,0.0,0.381565359006843,4.193612623509339e-05,-0.0007419317699840602,0.0,0.0,0.3142373302562885,0.3142373302562885,0.3158977562523608,0.3158977562523608,3467.7873436165273,3467.7873436165273,3102.4936244806336,3102.4936244806336,0.9789429931720759,0.9789429931720759,73.70738299749874,73.70738299749874,-0.0,-0.0,-0.0,-0.0,1.677408102592083e-05,1.677408102592083e-05,0.0013932643037203798,0.0013932643037203798,0.0,0.0,0.0,0.0,0.0,0.0,0.0,0.0,45.18511289481263,45.18511289481263,45.247308717645915,45.247308717645915,False
0.84,12.569412466294121,0.0,0.0,0.0,14.90977116439512,0.0,0.3815657638080992,3.897202880583025e-05,-0.0007425001806241527,0.0,0.0,0.3142372506515031,0.3142372506515031,0.315897917526327,0.315897917526327,3467.804856669322,3467.804856669322,3102.458144208061,3102.458144208061,0.978849787631979,0.978849787631979,73.70727416500861,73.70727416500861,-0.0,-0.0,-0.0,-0.0,1.677241005452514e-05,1.677241005452514e-05,0.0013932763918986099,0.0013932763918986099,0.0,0.0,0.0,0.0,0.0,0.0,0.0,0.0,45.18188253694215,45.18188253694215,45.244074535051766,45.244074535051766,False
0.85,12.718504848483914,0.0,0.0,0.0,14.908705290366287,0.0,0.3815661375282522,3.57320866388838e-05,-0.0007429361011157665,0.0,0.0,0.3142371418363635,0.3142371418363635,0.3158980880474922,0.3158980880474922,3467.828796000039,3467.828796000039,3102.4206295517197,3102.4206295517197,0.9787573612121364,0.9787573612121364,73.70717136942146,73.70717136942146,-0.0,-0.0,-0.0,-0.0,1.6770725332313418e-05,1.6770725332313418e-05,0.0013932894056820988,0.0013932894056820988,0.0,0.0,0.0,0.0,0.0,0.0,0.0,0.0,45.178652485356885,45.178652485356885,45.240840701514514,45.240840701514514,False
0.86,12.867586572436046,0.0,0.0,0.0,14.907639516718444,0.0,0.3815664777691431,3.228781677974299e-05,-0.0007432481173286648,0.0,0.0,0.31423700878556665,0.31423700878556665,0.3158982637820561,0.3158982637820561,3467.8580671753402,3467.8580671753402,3102.3819679476615,3102.3819679476615,0.9786656822097131,0.9786656822097131,73.70707411865058,73.70707411865058,-0.0,-0.0,-0.0,-0.0,1.6769030942093487e-05,1.6769030942093487e-05,0.001393302981975622,0.001393302981975622,0.0,0.0,0.0,0.0,0.0,0.0,0.0,0.0,45.175422737535676,45.175422737535676,45.23760719791304,45.23760719791304,False
0.87,13.016657639150045,0.0,0.0,0.0,14.906573842602551,0.0,0.3815667828303086,2.8707120002651938e-05,-0.0007434457895630386,0.0,0.0,0.3142368562683189,0.3142368562683189,0.3158984410943004,0.3158984410943004,3467.891620969851,3467.891620969851,3102.342959253921,3102.342959253921,0.9785747110680376,0.9785747110680376,73.70698188619279,73.70698188619279,-0.0,-0.0,-0.0,-0.0,1.6767330639489177e-05,1.6767330639489177e-05,0.0013933167919217796,0.0013933167919217796,0.0,0.0,0.0,0.0,0.0,0.0,0.0,0.0,45.17219329107537,45.17219329107537,45.23437400681052,45.23437400681052,False
0.88,13.165718049617203,0.0,0.0,0.0,14.90550826722159,0.0,0.38156705166939303,2.5053617035008797e-05,-0.0007435393812364108,0.0,0.0,0.31423668879929295,0.31423668879929295,0.31589861676088415,0.31589861676088415,3467.928464155554,3467.928464155554,3102.3043126054895,3102.3043126054895,0.9784844016396893,0.9784844016396893,73.70689412403758,73.70689412403758,-0.0,-0.0,-0.0,-0.0,1.676562782909821e-05,1.676562782909821e-05,0.0013933305424014596,0.0013933305424014596,0.0,0.0,0.0,0.0,0.0,0.0,0.0,0.0,45.16896414371455,45.16896414371455,45.231141112546446,45.231141112546446,False
0.89,13.314767804821125,0.0,0.0,0.0,14.904442789837288,0.0,0.381567283856553,2.1386110178729098e-05,-0.0007435396087217811,0.0,0.0,0.3142365105991985,0.3142365105991985,0.3158987879763799,0.3158987879763799,3467.967668176335,3467.967668176335,3102.2666451964296,3102.2666451964296,0.9783947024049883,0.9783947024049883,73.70681027411648,73.70681027411648,-0.0,-0.0,-0.0,-0.0,1.6763925548865135e-05,1.6763925548865135e-05,0.001393343976740129,0.001393343976740129,0.0,0.0,0.0,0.0,0.0,0.0,0.0,0.0,45.16573529335322,45.16573529335322,45.22790850128841,45.22790850128841,False
0.9,13.463806905738352,0.0,0.0,0.0,14.903377409775352,0.0,0.38156747952409126,1.77581667647903e-05,-0.0007434574138507102,0.0,0.0,0.31423632556444875,0.31423632556444875,0.3158989523510065,0.3158989523510065,3468.0083758212786,3468.0083758212786,3102.2304827785706,3102.2304827785706,0.9783055578278176,0.9783055578278176,73.70672977880561,73.70672977880561,-0.0,-0.0,-0.0,-0.0,1.6762226465295745e-05,1.6762226465295745e-05,0.0013933568747128784,0.0013933568747128784,0.0,0.0,0.0,0.0,0.0,0.0,0.0,0.0,45.16250673806846,45.16250673806846,45.22467616104758,45.22467616104758,False
0.91,13.612835353339012,0.0,0.0,0.0,14.902312126429255,0.0,0.3815676393125124,1.4217819339153193e-05,-0.0007433037600458511,0.0,0.0,0.31423613724532495,0.31423613724532495,0.31589910790154013,0.31589910790154013,3468.0498060285136,3468.0498060285136,3102.196261661174,3102.196261661174,0.9782169094022047,0.9782169094022047,73.706652090103,73.706652090103,-0.0,-0.0,-0.0,-0.0,1.6760532871293466e-05,1.6760532871293466e-05,0.0013933690519264267,0.0013933690519264267,0.0,0.0,0.0,0.0,0.0,0.0,0.0,0.0,45.15927847612578,45.15927847612578,45.22144408166172,45.22144408166172,False
0.92,13.761853148587527,0.0,0.0,0.0,14.901246939262705,0.0,0.3815677643141392,1.0807376163622561e-05,-0.0007430894525485703,0.0,0.0,0.3142359488319803,0.3142359488319803,0.3158992530363774,0.3158992530363774,3468.0912569643365,3468.0912569643365,3102.164331996977,3102.164331996977,0.9781286968434529,0.9781286968434529,73.70657667761274,73.70657667761274,-0.0,-0.0,-0.0,-0.0,1.6758846693771502e-05,1.6758846693771502e-05,0.0013933803586656112,0.0013933803586656112,0.0,0.0,0.0,0.0,0.0,0.0,0.0,0.0,45.15605050598699,45.15605050598699,45.21821225475,45.21821225475,False
0.93,13.910860292443308,0.0,0.0,0.0,14.900181847810842,0.0,0.38156785601535337,7.56333452375661e-06,-0.0007428249827608722,0.0,0.0,0.3142357631475807,0.3142357631475807,0.31589938653570643,0.31589938653570643,3468.1321075322435,3468.1321075322435,3102.1349621445893,3102.1349621445893,0.9780408591427168,0.9780408591427168,73.70650303523242,73.70650303523242,-0.0,-0.0,-0.0,-0.0,1.6757169505561496e-05,1.6757169505561496e-05,0.0013933906782857585,0.0013933906782857585,0.0,0.0,0.0,0.0,0.0,0.0,0.0,0.0,45.15282282631433,45.15282282631433,45.21498067364347,45.21498067364347,False
0.94,14.059856785861474,0.0,0.0,0.0,14.899116851680247,0.0,0.3815679162384504,4.516388479401874e-06,-0.0007425203963277592,0.0,0.0,0.3142355826478543,0.3142355826478543,0.31589950752771084,0.31589950752771084,3468.171817472061,3468.171817472061,3102.108343903618,3102.108343903618,0.9779533354903114,0.9779533354903114,73.70643068679274,73.70643068679274,-0.0,-0.0,-0.0,-0.0,1.6755502541024664e-05,1.6755502541024664e-05,0.0013933999252365447,0.0013933999252365447,0.0,0.0,0.0,0.0,0.0,0.0,0.0,0.0,45.14959543597126,45.14959543597126,45.21174933329536,45.21174933329536,False
0.95,14.208842629793562,0.0,0.0,0.0,14.898051950547913,0.0,0.38156794708400493,1.6915220355600787e-06,-0.0007421851842463611,0.0,0.0,0.31423540942630496,0.31423540942630496,0.3158996154616904,0.3158996154616904,3468.2099262129127,3468.2099262129127,3102.084598428121,3102.084598428121,0.9778660662477936,0.9778660662477936,73.70635919034454,73.70635919034454,-0.0,-0.0,-0.0,-0.0,1.6753846717751797e-05,1.6753846717751797e-05,0.0013934080427889237,0.0013934080427889237,0.0,0.0,0.0,0.0,0.0,0.0,0.0,0.0,45.14636833402026,45.14636833402026,45.208518230174825,45.208518230174825,False
0.96,14.35781782518823,0.0,0.0,0.0,14.896987144159274,0.0,0.3815679508745569,-8.918217325617437e-07,-0.0007418281960008095,0.0,0.0,0.314235245224351,0.314235245224351,0.31589971007892226,0.31589971007892226,3468.2460506427883,3468.2460506427883,3102.0637826371067,3102.0637826371067,0.9777789935918492,0.9777789935918492,73.70628814156066,73.70628814156066,-0.0,-0.0,-0.0,-0.0,1.6752202657200444e-05,1.6752202657200444e-05,0.0013934150005461695,0.0013934150005461695,0.0,0.0,0.0,0.0,0.0,0.0,0.0,0.0,45.14314151971786,45.14314151971786,45.20528736214815,45.20528736214815,False
0.97,14.50678237299192,0.0,0.0,0.0,14.895922432325385,0.0,0.38156793010032847,-3.219505329786095e-06,-0.0007414575734852581,0.0,0.0,0.31423509144565454,0.31423509144565454,0.3158997913820311,0.3158997913820311,3468.2798819560057,3468.2798819560057,3102.0458959531584,3102.0458959531584,0.9776920622527403,0.9776920622527403,73.70621717603362,73.70621717603362,-0.0,-0.0,-0.0,-0.0,1.6750570710827498e-05,1.6750570710827498e-05,0.0013934207918022427,0.0013934207918022427,0.0,0.0,0.0,0.0,0.0,0.0,0.0,0.0,45.139914992507244,45.139914992507244,45.202056728350485,45.202056728350485,False
0.98,14.655736274149488,0.0,0.0,0.0,14.894857814919414,0.0,0.3815678873675832,-5.282405069795414e-06,-0.0007410807042893404,0.0,0.0,0.3142349491739355,0.3142349491739355,0.3158998596035684,0.3158998596035684,3468.311181734189,3468.311181734189,3102.0308872149503,3102.0308872149503,0.9776052201841329,0.9776052201841329,73.70614597065764,73.70614597065764,-0.0,-0.0,-0.0,-0.0,1.674895098826122e-05,1.674895098826122e-05,0.001393425430812622,0.001393425430812622,0.0,0.0,0.0,0.0,0.0,0.0,0.0,0.0,45.13668875200889,45.13668875200889,45.1988263290517,45.1988263290517,False
0.99,14.804679529604833,0.0,0.0,0.0,14.893793291872525,0.0,0.38156782535014583,-7.076072617263686e-06,-0.0007407041927780169,0.0,0.0,0.31423481919358803,0.31423481919358803,0.3158999151744288,0.3158999151744288,3468.339777410636,3468.339777410636,3102.018661625672,3102.018661625672,0.9775184189229136,0.9775184189229136,73.70607424415513,73.70607424415513,-0.0,-0.0,-0.0,-0.0,1.6747343382742848e-05,1.6747343382742848e-05,0.0013934289500338443,0.0013934289500338443,0.0,0.0,0.0,0.0,0.0,0.0,0.0,0.0,45.133462798009255,45.133462798009255,45.19559616551891,45.19559616551891,False
1.0,14.953612191294832,8.01299880221718e-09,6.187410658121542e-09,2.856714935626377e-05,14.892925018816378,3.69129487872049e-05,0.38156774674389715,-8.603895628856468e-06,-0.000740324315243368,7.191670321876616e-09,0.1,0.31423470190754527,0.3142347017340832,0.31589995900170514,0.31589995882597477,3468.3655803400447,3468.365618501702,3102.0090196248716,3102.009058285554,236.5229441925281,236.36158733019366,73.14733492076023,73.00140998793707,45.14952695210362,45.14958629330129,1.960996048285349e-05,1.960996051912034e-05,0.004059615888074131,0.0040568362320918035,0.001382865177535624,0.0013801052536775759,-0.09999521963376518,-0.09999521964825304,-1.109725130821785e-07,-1.1097218101475525e-07,-0.0012272519912714414,-0.0012272535925863786,-5.88052976154642e-10,-5.880529707379946e-10,45.08686219958427,45.08687402518009,45.192417009171294,45.19242768486665,False
1.01,15.10253990044443,2.554585096629532e-05,1.961659139565836e-05,0.0053659720863629525,14.891965704735172,0.006703098081618639,0.38156765293700345,-1.0048893466290113e-05,-0.0007389525654443031,2.117563695388847e-05,0.1,0.31423789751273096,0.3142303516603834,0.31590432735280966,0.3158967335603892,3467.662547199193,3469.32263471566,3101.047982381879,3102.718616714375,8.774530342540697,-2.3093220354557564,79.73444030308104,69.03425376209327,829.3338072219665,829.8218839207279,0.09053411992909995,0.09057529250523094,0.00015035571067404692,-3.955470761974336e-05,0.0015078708011053914,0.001304811270720754,-0.09911724190427013,-0.09911774432938979,-3.633612437691365e-05,-3.631570523254188e-05,-0.022766180383500166,-0.022770148043597623,-2.7156353096723823e-06,-2.7155720122265703e-06,44.899665065403724,44.91670169478138,45.18251241101452,45.19875099663736,False
1.02,15.251446478497469,0.0001736608010722266,0.00013308180818864107,0.018419235657838335,14.889203999419525,0.022080784107569345,0.3815675481581792,-1.0816724695801745e-05,-0.0007395451525940762,0.00013453816570805152,0.1,0.3142725688356836,0.31419524789947834,0.3159392515692328,0.31586208343828415,3460.03485614961,3477.0454621147696,3093.3646547687867,3110.341643577491,10.231072638935528,-11.068467285792998,85.85196061928266,65.04068806426383,1397.3955142965665,1404.0920043658466,0.8202512369238707,0.8241223625123268,0.00017565163266444276,-0.00018921714011963902,0.0016272068606492664,0.0012266285561196944,-0.09702959541092453,-0.09703539565197926,-0.0001872413122097535,-0.0001868803119389845,-0.03924661150873487,-0.0392677062300744,-2.4658258158156355e-05,-2.465458535957122e-05,44.87076667164498,44.94212949149919,45.14861040126273,45.21773378488897,False
1.03,15.40032148730942,0.0005308598204250284,0.00040624997868170796,0.0369632047774635,14.885719260055975,0.042324838968463646,0.38156743863791376,-1.0940521513440302e-05,-0.0007437732725658721,0.0003855201705032132,0.1,0.3143721399044336,0.31410022400931226,0.3160323917961391,0.31576356720731547,3438.129221024616,3497.950717951307,3072.8738048493965,3132.015214390601,13.427911338829446,-15.018140798457411,89.94671053852922,62.12012236973431,1780.8866730294717,1809.4554433798774,3.0973376391005,3.1488171522421253,0.00023181916380592013,-0.00025540024269744886,0.0017149669029552718,0.0011643378437768601,-0.09416554409171092,-0.09418838936383223,-0.0005098972843309916,-0.000507925921018106,-0.05156132970397013,-0.05161210320630443,-9.366296176141285e-05,-9.362233265979867e-05,44.83145476675976,44.98566330515197,45.09808191352252,45.248230713400226,False
1.04,15.549158838702713,0.0011575150615786471,0.0008845525757966572,0.05918530572889195,14.881764329992983,0.06446396994776693,0.3815673338505321,-9.704467412415439e-06,-0.0007524612695909615,0.0007861913540952686,0.1,0.3145443503115996,0.3139393627387697,0.31618764085675266,0.31559546319559934,3400.2429314480896,3533.3401974706667,3038.719011514418,3168.9980969681496,15.673355597122027,-17.492073939192647,92.60690011892896,60.18851476499191,2021.505040517574,2092.892961523669,7.904391350367039,8.19696732572695,0.0002732198501998615,-0.00029487760544970424,0.0017833734481772334,0.0011164535700033873,-0.09086737461655484,-0.09092457855470742,-0.0010404828542641409,-0.0010340474837812975,-0.06049557695345857,-0.06058363009186932,-0.00024141548088846607,-0.00024119661074337018,44.78320430195974,45.03964327389144,45.036536988728585,45.28665214527112,False
1.05,15.697954394715508,0.0020943539862275534,0.0015977050824121858,0.0837447466782455,14.877520750714524,0.08641321068956269,0.38156725245945533,-6.107414107985462e-06,-0.0007659472409182667,0.0013224931484212962,0.1,0.31477099831376354,0.31373044030701225,0.31638598541755564,0.3153775311337113,3350.3803709720246,3579.303132457309,2995.083208137763,3216.9431505835155,17.191794219708967,-18.9182738014141,94.25546090266006,58.964382460813475,2159.6935963884293,2291.382796226924,16.1117932698259,17.13945052799363,0.00030359503557863415,-0.00031535946766594994,0.0018387021876179615,0.001079317836323562,-0.08738151282912492,-0.08749322974207852,-0.0017986638627643535,-0.001782938594534288,-0.0667270242019862,-0.06685556639542592,-0.0004984691844179465,-0.000497683068867728,44.72880816321407,45.09996222159753,44.96798506839396,45.33021129892463,False
1.06,15.846705350348502,0.0033683920509483354,0.0025640021296426223,0.10967950434013946,14.873118672895849,0.10678158582029852,0.3815672219106539,5.31619674829443e-07,-0.0007841433297731589,0.00196084613368704,0.1,0.31501958788443163,0.31350427011149345,0.31659698110921664,0.31514228192688937,3295.690665425045,3629.0605754714434,2948.6641559723435,3268.697976084343,18.18694826220662,-19.59790576711409,95.20902124863314,58.23638490145737,2228.937444699276,2428.9047898777353,28.412740384654736,31.05683038374657,0.00032584646501295563,-0.00032280260013845495,0.0018834177395238593,0.0010510885597456222,-0.08387875484002971,-0.08406547121872911,-0.002791915203790916,-0.0027599809229938792,-0.0708295557457051,-0.07099951696661497,-0.0008913894645199744,-0.0008892124908738036,44.67031177346396,45.1636858875226,44.89521160196451,45.376944156988884,False
1.07,15.995409789689399,0.004997413572574422,0.0037935564332705384,0.13629873959584068,14.868649938137093,0.12467572237978757,0.38156727363536214,1.0315452894547206e-05,-0.0008066215506665144,0.002655084542736582,0.1,0.31525530720161377,0.3132936058335965,0.31678974513509417,0.3149229449976661,3243.832415644975,3675.4067166087734,2906.256070279286,3316.9521005134616,18.80188393224788,-19.745226975801685,95.68173749458671,57.864747796901796,2254.6770195268064,2519.8135296695104,45.351087359775306,50.81607566562577,0.0003416024955378208,-0.00032167947114812893,0.0019174821349789402,0.0010309986822526634,-0.08047570671931256,-0.0807563863918253,-0.004018825541758659,-0.003961763769235904,-0.07328156070376725,-0.07349363391738128,-0.0014413836867750503,-0.001436351301675505,44.609190842648175,45.2287252545018,44.82013163202842,45.42546097604623,False
1.08,16.144066379328805,0.006993109691595907,0.005290562587803298,0.16309785547182568,14.864178502117179,0.13954861680377972,0.38156743731312415,2.2816110162448675e-05,-0.000832712721026229,0.003353324563819236,0.1,0.31544903802026536,0.3131256778821327,0.3169396990522031,0.3147461353765852,3201.211635541624,3712.3508659308113,2873.266208515323,3355.850217151262,19.133097782156973,-19.508809743983207,95.81049714725056,57.759726247661035,2255.1508857028157,2572.991575670794,67.38662805847748,76.97396880311447,0.0003517020168747368,-0.00031509609506702555,0.0019398213364188444,0.0010186446231615857,-0.07725139641366896,-0.07764225962003271,-0.005471458940248712,-0.005378599619425333,-0.07447690444914147,-0.07473293245413323,-0.0021638554151488993,-0.002153665972484905,44.54653029833412,45.29358392354148,44.74408863184825,45.47474464582378,False
1.09,16.29267416027178,0.009363226464957793,0.007054847430869061,0.1897000734892701,14.85974776570666,0.15109484494826167,0.3815677364810509,3.726980745747577e-05,-0.0008616023653334515,0.004004034447181023,0.1,0.31558099090478503,0.3130187936562952,0.3170311404402138,0.31462907069088586,3172.1820009472967,3735.865395615059,2853.1491031529677,3381.6044480051146,19.245626156100787,-18.99156434580917,95.68082260681973,57.86246762356562,2242.7483764898966,2594.7614969272668,94.95030575019958,109.72801444339805,0.00035663116008066205,-0.0003050770375072356,0.0019494518300264658,0.0010136395064233206,-0.07425871885933079,-0.07477252484099481,-0.007137032993674665,-0.006996304853677629,-0.074736674785676,-0.07504030756890742,-0.0030684930506884793,-0.0030498468646064287,44.483152232425034,45.357175590605976,44.66806550957391,45.52401889291032,False
1.1,16.44123240470584,0.012113041579212945,0.009082943522793503,0.21581826721197095,14.855385587489923,0.15918014907672884,0.3815681862435486,5.278488417398731e-05,-0.0008924130509240306,0.00456076475236173,0.1,0.3156411166156813,0.31298196061062655,0.3170570351460902,0.3145797904705932,3158.9543445501213,3743.9686656621616,2847.4522678601634,3392.446096469499,19.184466671690068,-18.265772768358666,95.34699808911539,58.132437508126316,2225.3842179580647,2590.4539558910906,128.4656174069186,148.919206165578,0.00035681477971305004,-0.00029287087857504223,0.0019461355273137934,0.001015518280448907,-0.07153202206228816,-0.07217772861188125,-0.008999150104921371,-0.008797492763081807,-0.0743204518453747,-0.07467720817083097,-0.004159648501107524,-0.004128139812019505,44.4196997865531,45.41869957234563,44.592819162674175,45.572668794275906,False
1.11,16.58974051427216,0.015246395001697369,0.011368853862443901,0.24123041016917127,14.851107793526737,0.16379384343973716,0.38156879281238953,6.849383935103476e-05,-0.0009242689233551593,0.004985337663033416,0.1,0.3156277006252941,0.31301622999660383,0.3170174371788872,0.3145988379098944,3161.9058624353,3736.42940074716,2856.16382064482,3388.255659823235,18.982410934859363,-17.383544820920775,94.84620888851093,58.53998830360798,2207.7374690019765,2565.060001133773,168.33441597412863,194.0768716716229,0.0003527648881360256,-0.00027920933144998187,0.0019306008361614706,0.00102374717326861,-0.0690921261205091,-0.06987482683925414,-0.011038751191028429,-0.010762556105974265,-0.07343646835846472,-0.07385339047391679,-0.005436862041079651,-0.005386933858025546,44.35668948625964,45.47755808152215,44.51895870729169,45.62019370019279,False
1.12,16.73819794486783,0.018766420543434532,0.013904618286191344,0.2657638134027267,14.846920753470199,0.1650158567933311,0.38156955421612626,8.363620499494234e-05,-0.0009563427490532938,0.005249580584472794,0.1,0.3155452545830766,0.3131167173106375,0.31691751284361896,0.3146813481481474,3180.0439917231547,3714.322191659752,2878.1471744038313,3370.1034074075733,18.665142377466346,-16.383871741916668,94.20762966941429,59.062049906880794,2192.2899193367616,2523.384167970278,214.8978900793168,244.49007440609836,0.00034511777699513857,-0.0002645017682108348,0.0019044400389934778,0.0010377530913089363,-0.06694969624945339,-0.06787076142958584,-0.013234900345424138,-0.012870453393680236,-0.07225043188248083,-0.0727355104751535,-0.00689545258127964,-0.006820417335255482,44.294542467413585,45.53330208224213,44.44698565752109,45.66617905352549,False
1.13,16.886604148599456,0.022676072095805463,0.01668075235688033,0.289284960026691,14.842823372244638,0.16299311566212174,0.38157046155345914,9.758824948634684e-05,-0.0009878880547360125,0.005335855049352955,0.1,0.3154023989043083,0.31327464024753,0.3167656982839454,0.31481898048848767,3211.472241052172,3679.5791455434055,2911.546377532014,3339.824292532717,18.254328850571188,-15.297265354580855,93.45747781638681,59.67959448445633,2180.1379924514945,2469.979197412667,268.3871909686775,299.2906739410536,0.0003346010975548293,-0.0002489702247127883,0.001869823301128792,0.0010569427110493246,-0.06510757039011214,-0.06616493571956701,-0.015565463814898674,-0.015099366655031416,-0.07089300666829458,-0.0714545175615692,-0.008527129577942246,-0.008419252679221337,44.23360236394446,45.58559620648848,44.377311058326725,45.7102792302772,False
1.14,17.034958527044992,0.026978504314795673,0.019686603505965527,0.3116928394894221,14.838808703533758,0.15792191819780815,0.3815715003751548,0.0001098626556320356,-0.0010182595276714203,0.005236688629350543,0.1,0.3152100744812625,0.31347904732319964,0.31657220231265387,0.3150014769966799,3253.7836141222574,3634.6095888960817,2954.1154912161514,3299.675060730424,17.76928844165432,-14.148702514859849,92.62112358005604,60.3761389622564,2171.5825097030374,2409.0205662725966,328.8764714091214,357.5364493365384,0.00032197076785347274,-0.00023273792168613535,0.0018291619375832638,0.0010807076063084106,-0.06356242725231986,-0.06475098653324057,-0.018007715409372602,-0.017427266838900647,-0.06946606501244404,-0.07011191944452994,-0.010320603073196946,-0.010171241946913415,44.174145489459725,45.63419601627985,44.310261109704804,45.75220689045908,False
1.15,17.183260392232587,0.03167734608086474,0.0229106519879381,0.33291438824199304,14.834865306407503,0.15003419700872883,0.38157265199264107,0.0001200965797717116,-0.0010469244974730379,0.004953803116148108,0.1,0.31498018386991133,0.3137181356519279,0.3163478872595146,0.3152178210319611,3304.35954861951,3582.010156575863,3003.4648029067857,3252.0793729685593,17.227717205992217,-12.959400151887627,91.72337216837533,61.13688824083927,2166.5238407663087,2344.1966439996345,396.24725074662706,418.28626202995696,0.0003079477854646318,-0.00021588466319324555,0.0017848157307725437,0.0011084204019234847,-0.062306043083434334,-0.06361810870143866,-0.020538880310740113,-0.01983240307232337,-0.06804786450291526,-0.06878503934387001,-0.012262178437966035,-0.01206196641019807,44.11638719276579,45.67893292916193,44.246079138450156,45.79172613242328,False
1.16,17.331508933217645,0.03677689161783345,0.026340772785202287,0.352901117220296,14.830978415880551,0.1395863775539292,0.38157389465544544,0.0001280384535528241,-0.0010734676755602144,0.004496783452545997,0.1,0.3147246338094703,0.31398018057284327,0.3161034804162292,0.31545705175423716,3360.5805619165376,3524.360273974484,3057.234308429577,3199.448614067828,16.645878376453197,-11.747812438844651,90.78787656189861,61.94828177813044,2164.7025736029045,2278.642350187998,470.16898952546836,480.6621820428134,0.00029317159084802855,-0.00019847995188676347,0.00173889044645406,0.001139427877590874,-0.061326294814958514,-0.06275209472078203,-0.023136617739695834,-0.022293720839794112,-0.06669731781636748,-0.06753140336260502,-0.014336326761392808,-0.014075389220781432,44.06048679600428,45.71970362518231,44.18492830045535,45.828647756850785,False
1.17,17.479703187110875,0.04228222590151185,0.029964467176406415,0.3716263423443156,14.827130966985626,0.12685006643371843,0.38157520460786676,0.00013353724193595478,-0.0010975907273558278,0.003881574221480964,0.1,0.3144546998798145,0.31425415088148095,0.3158490455267671,0.31570881188902655,3419.9660264408126,3464.0868060741936,3113.209984111236,3144.0613844141617,16.038543208277794,-10.530140956902034,89.8363453997733,62.79778424115739,2165.8282916600006,2214.9193092903242,550.0973966016379,543.8957712138373,0.00027817476266313215,-0.000180601638177332,0.00169313102266795,0.0011730456151916031,-0.06060800559436033,-0.0621361896044251,-0.025779437904128025,-0.024791209286123456,-0.06545751257141928,-0.06639239374893395,-0.016526223422800787,-0.016194412894532353,44.00655238221051,45.7564618730081,44.12689669680289,45.86282558790594,False
1.18,17.627842014034606,0.04819929611992508,0.03376906811744181,0.3890826754634352,14.823304492419156,0.11210414120027425,0.3815765570509503,0.0001365340536273227,-0.001119107821143059,0.00312893772752,0.1,0.31418062801025176,0.3145300911308731,0.3155936475333019,0.31596369944775377,3480.261837744616,3403.379951207921,3169.3975426735897,3087.986121494175,15.418863810811336,-9.32056692123225,88.88790145203069,63.6738089665257,2169.6345459893478,2155.0343803532714,635.2895133044877,607.3575102032362,0.0002633763694401786,-0.0001623453078530711,0.0016488921173805203,0.0012085572332651132,-0.060133686860643146,-0.0617518190989986,-0.02844704806294337,-0.02730617707250116,-0.06435862011694406,-0.06539629122968624,-0.018814247992022172,-0.018401384998715627,43.95464592639242,45.7892115334288,44.0720049160928,45.89415324096249,False
1.19,17.775924075853656,0.054534938216742296,0.03774192105405775,0.4052796014310227,14.819479902321499,0.09562801630256416,0.3815779270262742,0.00013705462401086068,-0.0011379380365282431,0.002262965162405915,0.1,0.3139114018205899,0.3147993399439771,0.3153451569527198,0.31621347867377286,3539.4915994702237,3344.145212325047,3224.0654704016456,3033.0346917699735,14.798270999522586,-8.131347489122149,87.9587139184914,64.56570001990038,2175.890291960828,2100.484898201738,724.8329638287393,670.5698356117794,0.0002490882837625836,-0.00014382765621512864,0.0016071598127655755,0.0012452199497316665,-0.05988420388620641,-0.06157922255593675,-0.031120624581510745,-0.02982145770206694,-0.0634203100523819,-0.0645608125864549,-0.021182439205188967,-0.020678546879154092,43.90478882123265,45.818000073866735,44.02021525291358,45.92256103032653,False
1.2,17.923947818710335,0.061296866080280184,0.04187054063572136,0.4202410772367682,14.815638149163073,0.07769596966590572,0.38157929022285436,0.00013520126894726373,-0.0011540953746227243,0.0013097004791177745,0.1,0.3136546242070373,0.315054635128414,0.31511015431289024,0.316451190084169,3595.982674451792,3287.980271748929,3275.7660511641498,2980.7381814828236,14.186433226405754,-6.972865256617941,87.06189545229353,65.46372919086343,2184.389657042985,2052.3192652471776,817.6857916968353,733.2054760146141,0.00023552871447126217,-0.00012518578197680776,0.0015686004886090474,0.001282277101039231,-0.05983937535298086,-0.06159800570347103,-0.03378301105447448,-0.03232154759197287,-0.06265376535530043,-0.0638952317778604,-0.02361289975950284,-0.023008421905168153,43.856967643638576,45.8429123050293,43.97144168993375,45.94801290315669,False
1.21,18.071911459447424,0.0684936301348789,0.04614274351974704,0.4340031547908042,14.811760779295243,0.05857246372260301,0.3815806236974829,0.00013114355134080324,-0.0011676770361910456,0.0002959136710704512,0.1,0.3134164786641263,0.3152901400343844,0.31489390670346284,0.3166711872631747,3648.374693892216,3236.1691924354395,3323.3405252381776,2932.338802101564,13.59128142017369,-5.853680673996145,86.20760121875814,66.35908817765335,2194.9344576431304,2011.2035452654009,912.7228797701557,795.0737189417606,0.00022283851853129684,-0.0001065735567585682,0.0015336192865016717,0.001318977199643597,-0.05997850892614026,-0.06178762001454685,-0.03641884586958677,-0.03479268248218638,-0.06206337324056728,-0.0634021563156608,-0.026088147109668832,-0.025374141567920103,43.81113994680383,45.86406427635497,43.92555986661179,45.970503388466106,False
1.22,18.219812975974197,0.07613455157381392,0.05054675766005599,0.4466116624145693,14.807830373904379,0.03850840845259562,0.3815819064946582,0.0001251075609801365,-0.001178850582101854,-0.0007519561146595554,0.1,0.313201748077574,0.31550141365384626,0.3147003969516529,0.3168691194847648,3695.6154229337226,3189.6889961538254,3365.912670636362,2888.793713351744,13.01909034631385,-4.780609803072783,85.40325947897212,67.24387275225551,2207.3179909490273,1977.4872580356762,1008.7849552178164,856.0978560509036,0.00021109742356983585,-8.815585452859959e-05,0.0015024173184995913,0.001354598099940049,-0.060280871304667465,-0.06212777161742744,-0.03901462533751477,-0.037222859529546626,-0.06164815020667711,-0.06307901631780657,-0.028591408191246608,-0.02775970970581063,43.76723987347558,45.88159738290564,43.88241648572453,45.990054585871924,False
1.23,18.367650101557185,0.08422963803332874,0.05507130889900793,0.4581199919732886,14.803830884521009,0.01773830990016586,0.3815831201536928,0.00011736415075035462,-0.001187840539074684,-0.0018086788301576032,0.1,0.31301387632570254,0.31568533939781457,0.31453239156786233,0.3170418737038082,3736.9472083454434,3149.2253324807984,3402.8738550702897,2850.7877851621975,12.474602333515039,-3.7588325272357075,84.65387495787434,68.11106468353358,2221.3143353389464,1951.264037389967,1104.7265088545457,916.2873073316504,0.00020033860336891922,-7.01013232529702e-05,0.0014750420831079784,0.0013884739456759328,-0.060726090806067064,-0.06259876173648711,-0.04155871042239096,-0.03960181345198727,-0.06140294633013492,-0.06291931199730849,-0.03110685783743123,-0.030150206966398842,43.725183426766165,45.895672779349226,43.84183782496743,46.00671321249801,False
1.24,18.515420322924427,0.09278948604854184,0.0597056861516339,0.4685870372691466,14.799747870868027,-0.003521762960283809,0.38158424909519684,0.00010821667194384325,-0.001194914953518395,-0.0028509328313550504,0.1,0.3128550622153349,0.3158400232194219,0.314391537116812,0.31718748610385744,3771.8863126263304,3115.1948917271866,3433.8618343013627,2818.753057151366,11.961179038475962,-2.7920267583022276,83.96236258034389,68.95451938191519,2236.6744877231017,1932.4248929248529,1199.459521193433,975.7078220224396,0.00019056096096695818,-5.257441779913861e-05,0.0014514290807588225,0.0014200219428869216,-0.0612944917059014,-0.0631817610979165,-0.044041286136226696,-0.041920955389797,-0.0613194635165839,-0.06291365617465815,-0.03361980240210801,-0.03253193919132674,43.684873282651715,45.90646619593308,43.80363718782005,46.02054770207983,False
1.25,18.663120881977783,0.10182517512412846,0.06443978688972235,0.4780753209205193,14.795568651040039,-0.025075470886344667,0.38158528088478044,9.798877215806183e-05,-0.0012003723263974342,-0.0038578312434457743,0.1,0.31272637738291953,0.3159646695295257,0.31427847676869036,0.3173050314377891,3800.196975757707,3087.7727035043545,3458.7351108881235,2792.893083686402,11.480968684725031,-1.8825201991426197,83.3298835488384,69.76896428757252,2253.1288608501413,1920.7033894663996,1291.9906040300855,1034.4527427517562,0.00018173902853176835,-3.572747514294747e-05,0.0014314346558336533,0.001448765800130251,-0.06196736133591567,-0.06385902172523772,-0.04645428292294159,-0.04417328288220179,-0.061387114668096626,-0.06305064137910164,-0.036116811609816724,-0.0348925346303731,43.64620307297725,45.91416322881473,43.767621243174474,46.03164532778643,False
1.26,18.810748771557382,0.11134820456844613,0.06926417903977718,0.4866821840828571,14.791276581846954,-0.04670165348814844,0.3815862138192788,9.586691711598086e-05,-0.0012045365921126258,-0.00481126093511883,0.1,0.31262790365159243,0.3160619330124382,0.3141929816112907,0.31739449531467295,3821.8611966496687,3145.9926022273266,3477.5440455160447,2773.2110307719536,11.101363740667216,-1.1163341759175258,82.8415626388064,70.50461174442891,2270.3899795466896,1959.4697611202187,1381.4498577665963,1092.6177569806498,0.00017487487785258643,-2.0838299021145517e-05,0.0014163218547458309,0.0014734036583639424,-0.06272120616189707,-0.06460850939074052,-0.048791316839835605,-0.04635315272427442,-0.061593599804370146,-0.06331741401671939,-0.03858580332653992,-0.037220992922513074,43.609036504080976,45.918988953879726,43.73356373826107,46.040125843397966,False
1.27,18.95829950659026,0.12137655044320715,0.07417461430781566,0.49573815262167326,14.78664366566751,-0.06656785948817259,0.3815899920607067,0.0011024529061159855,-0.0012103238699935502,-0.005696995552540605,0.1,0.31257490770794083,0.3164004487511507,0.3141339309901269,0.31745655988770743,4022.8163339237867,3917.9859255426363,3490.535182172091,2759.556824704368,12.295170154918242,-2.0401159429929625,84.16001309798901,70.17756646122174,2381.7656869845146,2382.8859109869286,1467.133893597038,1150.2839820642973,0.00018539319914959087,-3.1461139379290894e-05,0.0014342012721034168,0.0014731043668428602,-0.06331500418135382,-0.06520654340363365,-0.05105392999523906,-0.04845600104498836,-0.06190745855149237,-0.06368268919876084,-0.041016400866825,-0.039507578427953695,43.57122544820907,45.92338069007131,43.698849572462215,46.04748881156503,False
1.28,19.105761555627595,0.13196127057632476,0.07919222061650488,0.5087100914731091,14.781094497174315,-0.08045686651070788,0.38162872323772373,0.008359879657664828,-0.001245525529728445,-0.006517280147473949,0.1,0.3129948747036259,0.3180575321321673,0.3140942632499873,0.3174947392104778,4905.358095374798,5313.392186143243,3499.262085002799,2751.1573736948812,16.050647526861276,-6.103476806714162,88.61799655727509,67.84249562141127,2819.207551596426,3076.3680425585517,1549.1109029973943,1207.3783428151264,0.00020527721239851796,-7.322449989550004e-05,0.0015069247997926472,0.0014279859422041167,-0.06315824711017765,-0.06510696254003415,-0.053286511119812405,-0.05050524998711378,-0.06220789149760469,-0.06402881511996568,-0.04340456127043927,-0.041746442712514625,43.5249588686647,45.93613631321071,43.65447480353339,46.05927933256344,False
1.29,19.25311411744468,0.14319372234838093,0.08436999637695655,0.5279520968471149,14.774238846740198,-0.08616920746664737,0.3818056080327685,0.030078591715401864,-0.0013974111482513976,-0.007284200514554662,0.1,0.3150211672092275,0.32232099788630575,0.31405539783175884,0.3175144486949383,6247.7408520683075,7023.658315039878,3507.812477013058,2746.821287113582,20.71171292441443,-11.291882584899843,94.54653736709848,64.48367263577522,3407.2733850604272,3798.424700761764,1629.093003502243,1263.883568295887,0.00021940855879911737,-0.00010989694316763422,0.0016043780282241388,0.0013591901359382849,-0.0618929889885179,-0.06398360567376134,-0.05556732094399494,-0.0525593683582795,-0.062290354441087666,-0.06415837175327768,-0.04576071554264909,-0.04394307974179424,43.46431270157244,45.96486871867229,43.59236057057111,46.080855151720044,False
1.3,19.40033192572693,0.15517873004229477,0.08977226834913044,0.5534436821678566,14.76606301721178,-0.08473655153094704,0.38230134290222395,0.07299593114440782,-0.0018169092181030725,-0.008009026870676306,0.1,0.3198176741170497,0.33014509534644404,0.313994099371276,0.3175144896928808,7764.954339713918,8801.538921288551,3521.298138319288,2746.812267566223,24.83362992197139,-15.599080217873485,100.0280441945501,61.38850301745871,3954.773290491834,4387.336196009646,1709.976772814227,1320.6389575868823,0.0002256942984594076,-0.00013100080796985317,0.0016917882919095075,0.0012939289544591998,-0.05958637988012813,-0.061908517195152495,-0.05796927789754828,-0.054682846808124526,-0.06196729752293916,-0.06389288551583158,-0.04810946506394553,-0.046116098440847325,43.3888845001809,46.009649192118616,43.510992958207346,46.113375445127154,False
1.31,19.547390412692355,0.16800915059534555,0.09545450085891215,0.5836070406654643,14.756796411067203,-0.0790076961932784,0.38334816029694296,0.14059891155668394,-0.00269600215844677,-0.00870725670891096,0.1,0.32817415385949844,0.34204566272662623,0.31388848220047,0.3174880482200331,9243.137806588835,10484.437962493566,3544.533915896604,2752.629391592716,27.725132585229538,-18.16329693028349,103.96669942097246,59.32730024295891,4355.435445557902,4778.09601516262,1795.0917708922177,1379.243837499003,0.00022628223107451473,-0.00013872863764319244,0.001748410672257305,0.0012480847774133876,-0.056565404414183264,-0.059194234223144356,-0.060540003546461975,-0.05692480163866785,-0.06113845122263132,-0.0631407964962452,-0.050483096844361475,-0.048292815918372194,43.30178479571428,46.06587725525754,43.41390290774091,46.15453266902968,False
1.32,19.69426871660982,0.181753319020298,0.10145280999656466,0.6162960178440473,14.746757325882848,-0.07219337430625869,0.38519725706639557,0.2333093260179123,-0.004239930732170248,-0.009404978469231952,0.1,0.34044742728939764,0.35818200880716344,0.31371901938966346,0.3174315138402352,10553.953312612519,11976.7348757675,3581.8157342740433,2765.0669551482565,29.25660055778589,-18.8961798489788,106.06407026281374,58.52142440471717,4584.558391384519,4974.377287163691,1887.7910567813383,1441.0728751375875,0.0002227538456396118,-0.00013643115229879218,0.0017675593701210158,0.001226132520294887,-0.05323417185039591,-0.05621953814994867,-0.06329610389420418,-0.05930943591225997,-0.05980602404591401,-0.061911073011360264,-0.05291378585545176,-0.050502502000507,43.20740569701151,46.127498306651,43.306856109120886,46.20042155693109,False
1.33,19.840950611748042,0.19645348337966048,0.10778201990320778,0.6494803053083017,14.736247728575476,-0.06696299723196482,0.3880922313227357,0.3493412324021502,-0.006644650041273902,-0.010140515921237261,0.1,0.35665377611677845,0.37847419460247905,0.31346837078337303,0.31735140480973767,11635.857869345944,13224.577268004718,3636.958427657937,2782.690941857716,29.607655101832556,-18.109653825893485,106.51665046732862,58.83935990241299,4665.205238999854,5015.3795609365,1991.2146018566748,1506.3153252612358,0.00021609036311413978,-0.00012688649664057097,0.0017517435780985099,0.001225760166738921,-0.04995355643261792,-0.053316281968611164,-0.06622657863071485,-0.0618361189717118,-0.05805396178504711,-0.06029157873492503,-0.055427331853209694,-0.05277023063503541,43.10999364177233,46.18891627119888,43.19569634501436,46.247049805202884,False
1.34,19.987424114538317,0.2121304168156531,0.11443871248163616,0.6815712795143193,14.725503912975602,-0.0650964691884867,0.3922514515470317,0.485560975435363,-0.010081976690547004,-0.010960909494403672,0.1,0.37659338715454965,0.40269412111179786,0.3131227131741442,0.317264802620702,12468.21049327037,14196.760872114935,3713.0031016882804,2801.7434234455627,29.07569666521671,-16.2504901264028,105.72692332566112,59.99642061500069,4637.534763769826,4951.723539224823,2107.983110404546,1573.6376432432344,0.00020709914841500753,-0.00011232372002998,0.001707921476354215,0.0012422194420394694,-0.04698805693835307,-0.05072180790240882,-0.0693002990342259,-0.06448471933997157,-0.056013963209446044,-0.05841473418012315,-0.058039492953032026,-0.05511281531590249,43.012966366999976,46.24584303481112,43.08521316533728,46.29115822395468,False
1.35,20.133680496604878,0.2287901243927282,0.1214061812164529,0.7114985730554076,14.714686507545252,-0.06749330569826179,0.39785792092903804,0.6381108338700338,-0.014691265532886142,-0.011914969559466571,0.1,0.3999516573396067,0.43051954711010504,0.31267458236220486,0.31719441630258166,13050.263015957064,14874.06840101991,3811.591880314935,2817.228413432038,27.961854931771327,-13.750075396403355,104.11992935992785,61.68594312770442,4541.068470490389,4831.041367591164,2239.766072868916,1640.5128771713555,0.0001965694906030953,-9.460344182437662e-05,0.0016444333185719575,0.0012708970672767916,-0.04449802342154905,-0.04857475123312321,-0.07247431635329016,-0.06722269678822196,-0.053833262394334766,-0.0564254082488335,-0.060754826915333356,-0.05753710160043772,42.918732079686414,46.29546736970746,42.97879494545108,46.330489559962736,False
1.36,20.279713191463106,0.2464302045233592,0.1286594048838886,0.7386538485945815,14.703891607975292,-0.07435343383640407,0.4050540976778745,0.8027849866549092,-0.020575503907562846,-0.013045166659785374,0.1,0.4263629316095621,0.4615605851009544,0.3121258529770261,0.3171617914207231,13388.22609290162,15244.90212888593,3932.31234505426,2824.405887440923,26.51567363760615,-10.956523031433166,102.05349564518673,63.64668301059991,4407.362395207202,4690.378253607559,2386.830232541901,1703.9311909287637,0.00018525141182130266,-7.53180572099075e-05,0.0015693279390278335,0.0013083124980114392,-0.04255542566372587,-0.04693229248918225,-0.07570130437470121,-0.07001190267994997,-0.05165084926292784,-0.05445763971261512,-0.06356744997684026,-0.06004022912771589,42.82878097116482,46.33627502612772,42.87852322936149,46.36373539178001,False
1.37,20.425516862261894,0.265044732067629,0.136169131052538,0.7627783710919187,14.693170313575791,-0.08541296052387946,0.41393952967309816,0.9752306028934341,-0.027799992239978526,-0.014380382720740416,0.1,0.4554421186676926,0.4953716808946254,0.3114894810227122,0.3171817985569672,13489.273046207441,15304.273811780573,4072.314175003324,2820.0043174672173,24.91436421668785,-8.11278437474248,99.78519493587505,65.68938221636455,4258.235398554525,4553.004261672065,2547.729282427593,1761.1507739615956,0.00017377617755309958,-5.5767769826422494e-05,0.0014894542370502437,0.0013522133093337792,-0.0411689471670689,-0.04579492485371382,-0.07893535559842745,-0.0728141175707334,-0.04958346654555996,-0.05262139406520009,-0.06646300906714733,-0.06261123521050228,42.74389649558599,46.367729089006616,42.78546003815601,46.39033413925113,False
1.38,20.571086758623267,0.2846273058984421,0.14390473820812894,0.7838359991161375,14.682549337712226,-0.10017384272294051,0.424569964879038,1.1510536507026135,-0.03639241711168321,-0.015930924244608163,0.1,0.4867956371080831,0.5314587352355115,0.3107893204556425,0.31725998771666886,13360.02805164645,15053.957806500488,4226.349499758652,2802.802702332855,23.260379155912567,-5.357308271868735,97.4678064165592,67.70106719415402,4106.274601641088,4428.143753209218,2719.2558931625376,1810.2485356893583,0.0001625858543067727,-3.683855064465057e-05,0.0014099696509345778,0.0014013322499418115,-0.04031060345813456,-0.04513149362831379,-0.08213584602379016,-0.07559497332803954,-0.04772018559969446,-0.050997978526650826,-0.0694212228066747,-0.06523336654018622,42.66440160854846,46.38991993410481,42.69999140330155,46.41022215260366,False
1.39,20.716418411437427,0.30517231011340334,0.1518358485619024,0.8018927544500374,14.672048965974618,-0.11809860078784704,0.4369572916636688,1.3258862234627862,-0.04634369613657348,-0.017686443633941475,0.1,0.5200221227463956,0.5692865082051369,0.31005808542731267,0.31739288416937883,13007.29651736143,14502.619437062376,4387.221205991216,2773.5654827366607,21.588418505299398,-2.735161698188719,95.1581966136572,69.63825291252654,3956.098561789266,4312.5526936609085,2896.686963594396,1850.367750991844,0.00015189535000260498,-1.8856941330605804e-05,0.001334169745321046,0.001455122374409255,-0.03993986558904924,-0.0449011255280144,-0.08526937561499405,-0.07832622947158413,-0.046123475151279576,-0.049641854843388816,-0.07241846856216116,-0.06788656412825672,42.5903956985079,46.40323683299928,42.62216099913732,46.42359116910239,False
1.4,20.861507668898657,0.3266746378944068,0.15993281543954493,0.8170131678754091,14.661696902077217,-0.1387587617717522,0.45106945882002625,1.4950791429166046,-0.05760882005920201,-0.019615330720418447,0.1,0.5547099530432607,0.6083058386720056,0.30933417831874505,0.31757024613418167,12439.51582767165,13661.577638880995,4546.480769876093,2734.5458504800367,19.876247838688712,-0.21367838629092983,92.83166705420408,71.51578791901045,3805.830099346424,4192.808062986041,3074.2433422870176,1881.6888332424985,0.00014167652457930098,-1.4865024141299687e-06,0.0012635903556572564,0.0015135893072249884,-0.0400233866760157,-0.04507069727386222,-0.08830998654928132,-0.08098655172899832,-0.04483457699452193,-0.04858654004813798,-0.0754300316233784,-0.07054972077221455,42.52196016614329,46.408085179542354,42.55196291323976,46.430677351953655,False
1.41,21.00635107591339,0.3491281561636296,0.1681662382691488,0.8291641586195987,14.651542762874765,-0.16195387921759669,0.46682180159591474,1.6533474466363287,-0.07010055008596588,-0.02164686058730042,0.1,0.5904344081353947,0.6482180958940048,0.30866439339370993,0.3177726846280482,11668.315472387047,12488.33719999153,4693.833453383818,2690.0093818294004,18.034498058012677,2.316730150374884,90.36729382714229,73.41484894631141,3648.628991640396,4041.733069038539,3244.8643573501677,1905.9719479791913,0.00013148178973596117,1.6493076175048883e-05,0.0011981695682764405,0.001577026486461875,-0.040552183745777785,-0.045629790728566134,-0.0912379039825394,-0.08356108889825431,-0.04388141928597978,-0.047852765291964014,-0.07843176580990595,-0.07320245170221482,42.45935281142309,46.40464059147551,42.48962072119371,46.43156550423531,False
1.42,21.150946703921413,0.3725228750412222,0.17650543624270035,0.8381081571616966,14.641672909182237,-0.18782742484982204,0.48409059465437704,1.7978371110831355,-0.08370152816788805,-0.02370279705408022,0.1,0.6267573190809079,0.6885319600623173,0.3081006732010836,0.31797446577973243,10709.564631489646,10985.742827304539,4817.851895761614,2645.617528458869,15.921765931520216,5.036054485933426,87.5730018870582,75.46814372116773,3474.2501511713463,3820.8209242711655,3400.671646426287,1926.3695711285238,0.00012039471644010574,3.7644398981724795e-05,0.0011366408016438953,0.0016457641204024659,-0.041559634598012846,-0.04660632500572774,-0.09403683408705034,-0.08604002426262924,-0.043288586314889424,-0.047458373418311835,-0.08140099581099787,-0.0758262449219551,42.4032313102738,46.39258633565618,42.43590248377415,46.42596935698648,False
1.43,21.2952951927482,0.39684177198096365,0.18491566259188316,0.8431052712413184,14.632202463984676,-0.21654990149137365,0.5027212395180102,1.9251902278979955,-0.09827149942471596,-0.025714256050844708,0.1,0.663232401706154,0.7283719196197049,0.3076790615415563,0.3181872421106602,9583.177515875512,9245.648967374906,4910.606460857623,2852.7329825584334,12.823345972685802,8.679899989077473,83.76966444829982,81.48779737195112,3270.3035637233806,3497.9286829370185,3535.6138304319816,2111.355167636163,0.00010257337308199818,7.083081692523964e-05,0.0010705630899588978,0.001660300620749094,-0.04312542193256102,-0.04806849339001874,-0.09664131571395462,-0.08837337501978386,-0.043087596798052366,-0.04742819587242981,-0.08431455119109432,-0.07840295091941707,42.35513771631838,46.37059711603408,42.392548552543666,46.40972812359648,False
1.44,21.43939803975442,0.42207139871113436,0.19334367934713942,0.8409761647458512,14.623234166918117,-0.2457151811480683,0.5225321302705469,2.0339928595229293,-0.11363849634024219,-0.027616049063813618,0.1,0.6994097865616553,0.766807060446259,0.30742433380331163,0.31897712996626415,8313.419214521085,7377.638832682558,4966.646563271444,3843.2036247061465,6.975905201195402,15.013689071855842,77.0872333667097,89.96063360599852,3023.0042834996375,3055.9192336601272,3643.6835721047505,2802.4668194127685,6.066877542670273e-05,0.00014122266950864683,0.0009761498147166396,0.0014106686018289392,-0.04536114269917733,-0.05010189813696455,-0.09855600822383508,-0.09014155497153876,-0.0433240827545044,-0.04779925338060218,-0.08709921580306648,-0.08086825767742045,42.32179553722501,46.33214655904611,42.36638457312599,46.36590744508887,False
1.45,21.583253846567874,0.44821801305490677,0.2016996606810556,0.8281654500427257,14.614848747089024,-0.27232764789314623,0.5433453839467247,2.1261267899807796,-0.12957946601610423,-0.029390068687687818,0.1,0.7348307395264838,0.8030198278776323,0.30739467669494946,0.3216969818251299,6931.196735213057,5472.906135263041,5194.7474926652085,5332.879197053077,-1.0370923415934867,23.150818312055367,68.71088230845079,96.60785193954608,2717.6838749438725,2489.943234662609,3843.8339181841134,3739.4997498812436,-1.0188169452061893e-05,0.00027135866186933286,0.0008393018334650738,0.0011558454403540227,-0.04836685124693053,-0.05278472748054175,-0.09920529814141105,-0.09085510986965313,-0.04405708170308045,-0.048618264582792385,-0.08957513073893175,-0.08305963339436592,42.31132681547446,46.26965668892625,42.36546606786682,46.29835437815267,False
1.46,21.726858917293836,0.4753013104184811,0.2098599478033245,0.8013218815129938,14.607166743079137,-0.29338435797505785,0.5650116840067887,2.205410442594534,-0.14581175725608933,-0.031084597513850367,0.1,0.7690184250935799,0.8363692755152895,0.30813574370598384,0.32761616556718864,5476.060031532901,3592.1540249104455,6018.211116719679,7005.306068668595,-11.045571948818068,31.975601664551476,57.37262658912008,105.39770157924404,2339.763759115512,1798.6059593249481,4364.710625671375,4649.053531773922,-0.00012940974394991093,0.0005313755060581284,0.0006251024969514107,0.001027779699970124,-0.0522193022173878,-0.05618340073394035,-0.09803655503238716,-0.0900363133691692,-0.04535246030163288,-0.04993675480435237,-0.09148528013780902,-0.0847456557978739,42.3309422521039,46.17841090116311,42.396593767946875,46.205615619257564,False
1.47,21.87020900441648,0.5033456722966162,0.2176727551785793,0.7585394344090162,14.600363937450394,-0.30740740861161725,0.5874253001493058,2.2758652555964014,-0.16199068841591277,-0.03274897848322129,0.1,0.8015086999360307,0.8664124068622391,0.3108599482848612,0.337502472473166,3989.0245841058136,1762.6386869274825,7183.876076286782,8638.053268656744,-21.203701471300228,35.64136831136487,44.33241118371832,115.3081449310918,1874.1235856307699,973.249514406038,4997.391756686644,5374.262306807256,-0.0003220233143425838,0.0011307826750605187,0.00042472351108170344,0.0009794629089140453,-0.05697002143392465,-0.060359238791291604,-0.09475881885230533,-0.08741707870029106,-0.04727672951337018,-0.05180716832174133,-0.09253058715791745,-0.08565899325240713,42.38438951471022,46.063722919885514,42.46864546730631,46.081529457547724,False
1.48,22.01330529776335,0.532354380738131,0.22497698368717295,0.6996363706065815,14.594609267063609,-0.3156227611784839,0.6105032657453967,2.3386622962894705,-0.17771100998438005,-0.034365174550750104,0.1,0.8318932961789308,0.893284559656109,0.3167136343482135,0.35162076291482236,2502.1253291745647,0.0,8419.76652041224,10104.326348661483,-29.215760583934703,0.0,31.377276555691786,125.3316170058296,1302.3404952937003,0.0,5546.142586582961,5864.299973958696,-0.0006700572235347269,0.003360929782169809,0.00027072852302548086,0.0009750151516550591,-0.0627046150571509,-0.0654241140521714,-0.08945677556428948,-0.08303877816458961,-0.04989687948458268,-0.05428649096973594,-0.09245374037644956,-0.08557355869451937,42.468652821098146,45.984199524057836,42.58392828489361,45.92450813040293,False
1.49,22.156154503887116,0.5623022982496483,0.23162545851957547,0.6286440406079224,14.589615663097055,-0.31629892144806504,0.6341846419054262,2.3976111911757045,-0.192553754554809,-0.03589087363224896,0.1,0.8598327560213443,0.9177622394220069,0.3264140071425782,0.36988216959337816,1034.3911964443641,0.0,9540.318848252497,11342.737370755285,-26.588604516338677,0.0,24.008357874621534,130.90163755756703,599.6937532700618,0.0,5915.040054962757,6128.776902677102,-0.0014022495883320378,0.007982627968014655,0.0001925137334015889,0.0009652981706315991,-0.06892547215298739,-0.07097018662848495,-0.08243886389286056,-0.07709962669055065,-0.05324467980753392,-0.05740408262878772,-0.09109063146523143,-0.08434722846188378,42.56542597054466,45.984199524057836,42.73329580353426,45.74095354744271,False
1.5,22.298759337211195,0.593172978442483,0.2375243839598042,0.5501562485459824,14.585475202915944,-0.3083094817561322,0.6584639083452656,2.4588737218675156,-0.20615931899237672,-0.03736065178569404,0.1,0.8850759406871502,0.9417506079341487,0.3402026023672075,0.39202339015589,0.0,0.0,10455.858911237221,12321.834893512401,0.0,0.0,18.72655807088548,134.18415147304242,0.0,0.0,6088.23079243548,6199.423453188877,-0.003930056856701579,0.012990219131643416,0.00014321890648533265,0.0009594918422114797,-0.07513891574715444,-0.07657714025228003,-0.07410776164848978,-0.06988591029940074,-0.057204864215243255,-0.0610547772261659,-0.08838626083141239,-0.08192741320915185,42.605490180306596,45.984199524057836,42.90418420149601,45.54243472785174,False
1.51,22.44112365784995,0.6249451099649791,0.24262370509730524,0.4698083102554412,14.581754949467536,-0.28973944332303053,0.6833827858466816,2.5263478535303863,-0.21825172569048423,-0.03888324198044241,0.1,0.9082846624619978,0.9660544478465506,0.3579423457934301,0.41773139424198275,0.0,0.0,11151.222485131895,13015.79998136179,0.0,0.0,18.798459396753774,133.5994932888906,0.0,0.0,6086.739276625978,6110.028146839352,-0.007563945461871548,0.01806219845068455,0.00013960695842875088,0.0009399295419405455,-0.08071886852100739,-0.08167580917816791,-0.06490770000109748,-0.06173360360808555,-0.061594938111761956,-0.06507514791044883,-0.08438380333146013,-0.07834335389496119,42.605490180306596,45.984199524057836,43.082694008751915,45.340168761669126,False
1.52,22.583244541611514,0.6576070470155971,0.2469257197631186,0.3910010587472215,14.578242471406744,-0.2613075799632248,0.7090217492396578,2.6029346071356425,-0.2286498566355272,-0.040481262117279614,0.1,0.9308055985244342,0.9907888581222362,0.3793285522222464,0.44662181457292843,0.0,0.0,11639.003113530198,13412.24805912181,0.0,0.0,20.19595904998589,131.66227198385056,0.0,0.0,5935.275240982885,5889.880329511503,-0.011182876018219686,0.023006783575737964,0.0001473835689870599,0.0009195704393028196,-0.08543178496473244,-0.08603625198203908,-0.05523309046639355,-0.052973786004786416,-0.06615469840576346,-0.06923038474512833,-0.07920986124028204,-0.07369258067272104,42.605490180306596,45.984199524057836,43.2586826964434,45.142149907318945,False
1.53,22.72512397957049,0.6911304150265324,0.25045456636791724,0.31543930533116915,14.574981088151794,-0.2253442347954097,0.7354674577603849,2.6872646084728737,-0.2372467915696562,-0.04211962671751251,0.1,0.9531540330328143,1.0158398245914373,0.404034669775572,0.478217426341924,0.0,0.0,11928.688518835248,13518.477161180457,0.0,0.0,22.723611116177565,128.5783117396063,0.0,0.0,5651.647902301368,5559.2685367168915,-0.01469537772307973,0.027725205254442508,0.00016430395275184834,0.0008964895183201466,-0.08930759437063263,-0.08966705079021459,-0.04541435886223139,-0.04390848889022033,-0.07066881783714576,-0.07332984806954873,-0.07304153841937938,-0.06811819596399873,42.605490180306596,45.984199524057836,43.42815979156445,44.95245648105893,False
1.54,22.866769950618412,0.725469304741137,0.2532503466501892,0.24462506269684567,14.57198449614072,-0.1841771287400282,0.7627825196806906,2.7762246381486158,-0.24398605636273674,-0.043745533975262395,0.1,0.975462318929909,1.041032443371667,0.4317360373822999,0.5119922792161236,0.0,0.0,12022.394183065911,13353.327716316375,0.0,0.0,26.275612569329056,124.4678385249542,0.0,0.0,5249.552372103274,5129.721537406641,-0.01801980482244583,0.032130359510408484,0.000189453644372215,0.0008701780225792259,-0.09239356801124295,-0.0925926731473915,-0.0357551908920245,-0.034831683953961766,-0.07497354039592154,-0.07723073748069373,-0.06608816459952603,-0.061794538683805994,42.605490180306596,45.984199524057836,43.587580344303625,44.77466152192049,False
1.55,23.008195957118698,0.7605622108882708,0.25536741446898503,0.17990940777343337,14.569247445670452,-0.14016618053362306,0.7909953865861066,2.866215364487088,-0.24885170135603754,-0.04530289126546551,0.1,0.997732506280046,1.06618681330302,0.4620936953483148,0.5474150818318465,0.0,0.0,11919.384274210259,12938.935906219904,0.0,0.0,30.75407340518739,119.43234395882529,0.0,0.0,4743.494948332403,4609.515477987868,-0.021081947308781063,0.03614406019908432,0.00022243221057376413,0.0008415679493581949,-0.09475124497637422,-0.09485266091759006,-0.026540724256812222,-0.026034558342007443,-0.07894988976631642,-0.08083003109706596,-0.05858019508490914,-0.054918943652838254,42.605490180306596,45.984199524057836,43.73371989017587,44.61198755182892,False
1.56,23.149420510041384,0.7963337636303357,0.25687282268882466,0.12247179508374152,14.566755924304964,-0.09565684700036262,0.8200981397001574,2.953604642386126,-0.25186364105591624,-0.0467394835377769,0.1,1.0199258293587397,1.0911358579647692,0.49473819287097603,0.5839719924403752,0.0,0.0,11620.650195003147,12296.660283108748,0.0,0.0,36.015835362337505,113.6062616216278,0.0,0.0,4152.788073426784,4010.547826601553,-0.0238164268039971,0.03969828114482516,0.0002629947215950436,0.0008128725122015126,-0.0964541063795679,-0.09650089900406694,-0.018033402492149474,-0.017798469286518872,-0.08251768060113927,-0.08405819480845814,-0.05076047600251435,-0.047705415880713434,42.605490180306596,45.984199524057836,43.86373872938998,44.46728027890478,False
1.57,23.2904663917379,0.8326970251805264,0.2578442446310823,0.07324178298265326,14.564496431025987,-0.0528593113297857,0.8500443749023572,3.034059064331393,-0.25307739829301745,-0.04800522331752291,0.1,1.0419936196547184,1.1157300542022526,0.5292633143348002,0.6212562010244991,0.0,0.0,11131.349310770296,11427.945829860317,0.0,0.0,41.84315463025855,107.163725866402,0.0,0.0,3503.7199290315034,3351.2062736459648,-0.02617101105549476,0.042739670334101136,0.00031098940186880767,0.0007878039519319523,-0.09758519056022451,-0.09760430140107028,-0.01045883631923819,-0.010377114141781338,-0.08563020286957732,-0.08687420825149965,-0.0428749239811343,-0.04037715261133541,42.605490180306596,45.984199524057836,43.975392357414734,44.34286059311594,False
1.58,23.431359655336806,0.8695566841923208,0.25836708319395574,0.03282461269467954,14.562467126457086,-0.013720423985781825,0.8807451876621232,3.104220389718203,-0.25258715147357336,-0.049042338317311196,0.1,1.0638942706209071,1.1398316397495585,0.5652266215564241,0.6590845538853168,0.0,0.0,10461.776967923275,10288.908384757922,0.0,0.0,47.955902554180504,100.31089167917067,0.0,0.0,2829.367941328389,2653.9469262578896,-0.02811081448076041,0.045233658067155,0.0003666666405368841,0.0007732786280714659,-0.09823416767733095,-0.0982404453351749,-0.0039921501026159234,-0.003978137182937184,-0.08826933307698104,-0.0892614324665577,-0.03516175174304642,-0.0331568854301937,42.605490180306596,45.984199524057836,44.06725488368443,44.24045747686535,False
1.59,23.57212837679537,0.9068131947300295,0.25853073334254434,0.0013868357265433,14.560678838041763,0.020263024454471108,0.912086544251687,3.161700706001282,-0.25050934607012443,-0.0498173560767671,0.1,1.0855890469707052,1.1633201517872078,0.6021599942518799,0.6968964157159268,0.0,0.0,9626.163802211457,8922.579049687456,0.0,0.0,53.96821938250942,93.39469184422634,0.0,0.0,2166.82526666576,1960.8282640914294,-0.029624007104961284,0.04717137516263346,0.0004306480233256233,0.0007780447548146878,-0.09849396714245258,-0.09849419376420784,0.0012631384171258285,0.0012629507508586568,-0.0904408556633459,-0.09122391706639113,-0.027839407411485793,-0.026255088766033226,42.605490180306596,45.984199524057836,44.13899141784621,44.16087961012349,False
1.6,23.7128009333108,0.9443684248512527,0.25842347740557736,-0.021473170036967814,14.559146548992125,0.048268323155888304,0.9439276170087076,3.203719003744102,-0.24698431423218056,-0.05030793571446769,0.1,1.1070357596325533,1.1860975587751483,0.6395826663639127,0.7339301242862697,0.0,0.0,8640.939515271684,7419.8997976578785,0.0,0.0,59.42975636745289,86.78705162879643,0.0,0.0,1552.6126075469583,1325.8726978882848,-0.03072792581706187,0.04857779753998976,0.0005046726855889122,0.0008132255459364593,-0.09845634392892551,-0.09845274251113888,0.005300283512489193,0.0053124923886767855,-0.092169795193465,-0.09278277356357618,-0.02109147544629563,-0.019854324120717907,42.605490180306596,45.984199524057836,44.19167175154299,44.1037082590613,False
1.61,23.853404046154385,0.9821320752292155,0.25812668352142354,-0.036723726970798676,14.557884484576139,0.07022932172021219,0.9761014690010431,3.2279297385163677,-0.24217567326987208,-0.050494026832581626,0.1,1.1281936264221306,1.2080827209458314,0.677012028345692,0.7694624880485117,0.0,0.0,7523.491487309672,5866.850221339885,0.0,0.0,63.918836865816914,80.7186713346244,0.0,0.0,1017.8553015316003,796.7800616061652,-0.031468897428362196,0.04951173269677808,0.0005933189928207879,0.0008966936574628131,-0.09820655327244444,-0.09819939085777143,0.008213308265771905,0.008245692000063577,-0.09349551984497492,-0.09397226053198277,-0.015051639077238489,-0.014092863170365283,42.605490180306596,45.984199524057836,44.2278286554649,44.06747956022585,False
1.62,23.993961074621932,1.0200272927281446,0.25770973019530313,-0.04576346669491394,14.556902346894104,0.08675190611355067,1.008421145165556,3.2326496658736015,-0.23626467693948083,-0.05035859738369909,0.1,1.1490263313304687,1.2292074289751778,0.7139621778794234,0.8028910475233895,0.0,0.0,6293.6038604933265,4326.380177111808,0.0,0.0,67.09414951075145,75.04830327431057,0.0,0.0,584.8914108117771,401.7537458780828,-0.03191537530254661,0.05005760110457796,0.0007069423985355452,0.0010644741750585563,-0.09781843524088574,-0.09780757214283879,0.010178273837469574,0.010228310083255957,-0.09446663993758424,-0.0948355086616685,-0.009793946729484776,-0.009053071039457263,42.605490180306596,45.984199524057836,44.251254475884025,44.050497856203,False
1.63,24.134490881384615,1.0579942960839683,0.25722671134348635,-0.05021463378353062,14.556199639177292,0.09892107395911888,1.040685685661169,3.216630591245401,-0.22944454342479845,-0.049900863968302685,0.1,1.1694990793167077,1.2494181928082215,0.7499635446939188,0.833745484805129,0.0,0.0,4970.2240819431245,2836.267176548517,0.0,0.0,68.63235753390607,68.64390153698929,0.0,0.0,265.4100356117104,146.40703481779454,-0.03214737322570845,0.05031317068168482,0.0008685625711850321,0.0014057738235615574,-0.09735107087781485,-0.0973365934016676,0.01142167781648502,0.011483304512584499,-0.09513602452908013,-0.09542013647137726,-0.005331222058193579,-0.004757823175683617,42.605490180306596,45.984199524057836,44.266800130496506,44.05284814764727,False
1.64,24.27500730062795,1.0959916191126595,0.256715230503306,-0.051724920621215136,14.555747722125187,0.10807973266160216,1.0726754479815825,3.1774160521119676,-0.221924969174908,-0.04911270268066716,0.1,1.1895773005134251,1.2686768488297835,0.7845574245991513,0.861974937981736,0.0,0.0,3573.6934108504006,1346.6114801683227,0.0,0.0,67.90422548264245,54.78340641656006,0.0,0.0,61.21498117743578,18.092082816840705,-0.03224536335880864,0.05037885032141766,0.0011336254695288302,0.002243723758969984,-0.09684792056189467,-0.09683017304605625,0.012188163226430529,0.01225591025418906,-0.09555640452857121,-0.095774205337432,-0.0016212117202147995,-0.001174972422378625,42.605490180306596,45.984199524057836,44.28072625203565,44.08476011217075,False
1.65,24.415518615055376,1.133995277578971,0.25619665799724306,-0.051906387543432866,14.555354811142026,0.11568026681930965,1.104156502820668,3.1149155121357617,-0.21392829405159858,-0.04796785927575608,0.0,1.209243864971763,1.2869439772658455,0.8173038928084668,0.8877361669424855,0.0,0.0,2124.953669445244,0.0,0.0,0.0,62.502650324291125,0.0,0.0,0.0,-33.65644831224521,0.0,-0.03675910064471796,0.04550235691936389,0.0016660481322540901,0.005478473606602829,0.003657922967980018,0.0036785915644330738,0.01272580678437134,0.012796792401207383,-0.09456834790307186,-0.0947410719353862,0.001422951281243298,0.0017733175324514802,42.605490180306596,45.984199524057836,44.30351263146823,44.22541560352084,False
1.66,24.556026608079126,1.1719960520837558,0.2556778239135141,-0.051850179208652585,14.554868641217304,0.12293360751117312,1.1349030962430888,3.031498881682239,-0.20566858356994538,-0.04646841950048982,0.0,1.22848766484332,1.3041882568405487,0.8477925766758023,0.9116032045699223,0.0,0.0,644.0333630496431,0.0,0.0,0.0,37.589438189921346,0.0,0.0,0.0,-29.544148362247448,0.0,-0.036724085776943145,0.04553417927460171,0.003145358322793123,0.010965755944773304,0.004159615528653393,0.004183094072141024,0.013217950822591485,0.013291603430919601,-0.07330123323068094,-0.0735376762331501,0.003918953447943283,0.004197342191266982,42.605490180306596,45.984199524057836,44.367331110255094,44.465415603520846,False
1.67,24.696530226248825,1.209993707205028,0.2551594098944482,-0.05184005790069145,14.554186912485324,0.13042630998711785,1.1647374413145275,2.933415019133363,-0.19731444990538582,-0.0447225841525801,0.0,1.2472647587542607,1.3204199519261617,0.8757607259711475,0.9351845104845827,0.0,0.0,0.0,0.0,0.0,0.0,0.0,0.0,0.0,0.0,0.0,0.0,-0.03667856411454315,0.04558271503230199,0.007921592060367098,0.0164695860393752,0.004674003889245315,0.004700381841625784,0.013730933956512854,0.013807432897080953,-0.05651744622136108,-0.05678098708900926,0.005984115886962695,0.006208701620446964,42.605490180306596,45.984199524057836,44.5764690928968,44.705415603520855,True
1.68,24.83702745444883,1.2479896142991993,0.2546410093154411,-0.05184005790069145,14.553446279849052,0.13797101710334395,1.1935477399469043,2.8280512749235953,-0.18897260883589623,-0.04288260292450625,0.0,1.2654694307561338,1.3357129026736776,0.9023542754575569,0.9590811743641345,0.0,0.0,0.0,0.0,0.0,0.0,0.0,0.0,0.0,0.0,0.0,0.0,-0.03662967774043559,0.04563607545095643,0.013399675426253818,0.021978631016886307,0.005191187540662829,0.005220485637006194,0.014248506931581096,0.014327892696678213,-0.04324679858610019,-0.04351356649594716,0.007714906125365396,0.007899507206803887,42.605490180306596,45.984199524057836,44.81646909289681,44.945415603520864,True
1.69,24.9775181887332,1.2859838310827716,0.254122608736434,-0.05184005790069145,14.552701804607235,0.1455153392791544,1.2212928607980391,2.7208950073348688,-0.18068381491961288,-0.04101695207792149,0.0,1.2829918924353183,1.3501417542860805,0.9287663026619614,0.9833636678702784,0.0,0.0,0.0,0.0,0.0,0.0,0.0,0.0,0.0,0.0,0.0,0.0,-0.03658053272971067,0.045689718207266805,0.018878583127575187,0.02748851036350157,0.005708396035673529,0.005740614691179352,0.014766102322240958,0.014848375267385201,-0.03273036839041437,-0.03298538597166721,0.009183681240081402,0.00933879288182278,42.605490180306596,45.984199524057836,45.05646909289682,45.18541560352087,True
1.7,25.118002428891028,1.3239763610950064,0.2536042081574269,-0.05184005790069145,14.551953487310742,0.15305927452268286,1.2479661301751377,2.6138472487335185,-0.17245676302740331,-0.03914689670795701,0.0,1.2997559248010295,1.3637439761009706,0.9553361366021718,1.0079427262728176,0.0,0.0,0.0,0.0,0.0,0.0,0.0,0.0,0.0,0.0,0.0,0.0,-0.03653112904033178,0.04574364334760466,0.024358319580102605,0.032999228545420645,0.006225629373196222,0.006260769002285762,0.015283720126419625,0.015368880606335525,-0.024373263312612307,-0.024607720631050545,0.010447037167245037,0.010580621970750803,42.605490180306596,45.984199524057836,45.29646909289683,45.42541560352088,True
1.71,25.2584801747167,1.3619672078758103,0.2530858075784198,-0.05184005790069145,14.551201328511372,0.16060282084234906,1.2735721585743318,2.5074921201456646,-0.16428959953141073,-0.037278702339829106,0.0,1.3157134751273787,1.3765284672216445,0.9820900990447265,1.0326921348240141,0.0,0.0,0.0,0.0,0.0,0.0,0.0,0.0,0.0,0.0,0.0,0.0,-0.036481466629913965,0.04579785091872446,0.029838889200926654,0.03851079003019097,0.006742887552105046,0.006780948568420179,0.01580136034200019,0.015889408710617694,-0.017709102769607667,-0.0179183948908924,0.011549344076678056,0.011667436254784627,42.605490180306596,45.984199524057836,45.53646909289684,45.66541560352089,True
1.72,25.39895142600994,1.399956374965726,0.2525674069994127,-0.05184005790069145,14.550445328761857,0.1681459762468588,1.2981187330737347,2.4019607788956625,-0.15617736849871744,-0.03541395762540459,0.0,1.3308334817107057,1.3884891303463927,1.0089530492163628,1.057486295509013,0.0,0.0,0.0,0.0,0.0,0.0,0.0,0.0,0.0,0.0,0.0,0.0,-0.03643154545572404,0.045852340967763396,0.03532029640846774,0.044023199286717996,0.007260170571229446,0.007301153387631594,0.016319022966821622,0.01640995957727509,-0.012372251874406442,-0.01255457584385349,0.012525387768825086,0.0126325545464418,42.605490180306596,45.984199524057836,45.776469092896846,45.9054156035209,True
1.73,25.539416182575767,1.4379438659059303,0.2520490064204056,-0.05184005790069145,14.549685488615847,0.1756887387452049,1.3216140592042303,2.2972336680346364,-0.1481145265814899,-0.033552829758561865,0.0,1.3450942972918887,1.3996135537298469,1.0358227613771485,1.082210274903156,0.0,0.0,0.0,0.0,0.0,0.0,0.0,0.0,0.0,0.0,0.0,0.0,-0.03638136547467937,0.045907113542242826,0.0408025456224864,0.04953646078527691,0.0077774784293542015,0.00782138345792325,0.016836707998678823,0.016930533203306015,-0.00807605538395473,-0.008231416631549564,0.013402440307602653,0.013502134001534095,42.605490180306596,45.984199524057836,46.016469092896855,46.14541560352091,True
1.74,25.679874444224538,1.4759296842382217,0.2515306058413985,-0.05184005790069145,14.548921808627918,0.18323110634666723,1.3440658710481586,2.1932457087107857,-0.14009575777804933,-0.031695081865226384,0.0,1.3584795335172075,1.4098874703539712,1.0625956039379976,1.106761423238993,0.0,0.0,0.0,0.0,0.0,0.0,0.0,0.0,0.0,0.0,0.0,0.0,-0.03633092664334848,0.04596216869006754,0.04628564126409284,0.0550505789975211,0.008294811125219393,0.008341638777252627,0.01735441543532258,0.01745112958566366,-0.004595774902628023,-0.004725291755758676,0.014201883240433285,0.014296709711594007,42.605490180306596,45.984199524057836,46.256469092896864,46.38541560352092,True
1.75,25.820326210771917,1.5139138335050182,0.25101220526239143,-0.05184005790069145,14.548154289353574,0.19077307706081353,1.3654811885364457,2.0899224092788766,-0.13211620620156886,-0.029840385716866757,0.0,1.3709759484425634,1.4192967856329115,1.0891748875207214,1.1310486566254039,0.0,0.0,0.0,0.0,0.0,0.0,0.0,0.0,0.0,0.0,0.0,0.0,-0.036280228917950796,0.04601750645952605,0.051769587755757365,0.06056555839649345,0.00881216865752043,0.008861919343531447,0.017872145274459607,0.017971748721256123,-0.0017552129010165159,-0.0018606368562702445,0.014940480094701843,0.015032403268120649,42.605490180306596,45.984199524057836,46.496469092896874,46.62541560352093,True
1.76,25.9607714820389,1.5518963172493496,0.25049380468338434,-0.05184005790069145,14.54738293134925,0.19831464889749964,1.385866294185696,1.9871918072343817,-0.12417151314620213,-0.027988414407432584,0.0,1.382572387660587,1.427828393945906,1.1154730663837065,1.1549912458457892,0.0,0.0,0.0,0.0,0.0,0.0,0.0,0.0,0.0,0.0,0.0,0.0,-0.03622927225435721,0.04607312689928998,0.05725438952131881,0.06608140345663484,0.009329551024908008,0.009382225154625654,0.01838989751375248,0.01849239060694638,0.0005837731912620973,0.0005003821345094248,0.0156313739415751,0.01572187148384467,42.605490180306596,45.984199524057836,46.73646909289688,46.86541560352094,True
1.77,26.101210257851807,1.5898771390148487,0.24997540410437724,-0.05184005790069145,14.546607735172294,0.20585581986687013,1.4052267799254794,1.8849880057230954,-0.11625779144663602,-0.02613886723250128,0.0,1.3932592344991988,1.4354704389232824,1.1414118010507106,1.17851761960959,0.0,0.0,0.0,0.0,0.0,0.0,0.0,0.0,0.0,0.0,0.0,0.0,-0.036178056608088295,0.04612903005841605,0.06274005098599726,0.07159811865379655,0.009846958225988158,0.009902556208355439,0.018907672150819725,0.019013055239552323,0.002529491354639157,0.0024659788532728254,0.016284869437403572,0.016375051146091835,42.605490180306596,45.984199524057836,46.97646909289689,47.105415603520946,True
1.78,26.241642538042267,1.6278563023457493,0.24945700352537015,-0.05184005790069145,14.54582870138098,0.21339658797935876,1.4235676123390075,1.7832518312471286,-0.10837158255124626,-0.02429147418499918,0.0,1.403028099994824,1.4422123344651574,1.1669213222224173,1.2015642941759808,0.0,0.0,0.0,0.0,0.0,0.0,0.0,0.0,0.0,0.0,0.0,0.0,-0.036126581934315526,0.04618521598634471,0.06822657657640172,0.07711570846524926,0.010364390259322212,0.010422912502495229,0.01942546918323576,0.019533742615846762,0.0041668593664094655,0.004121112936400927,0.016909045913079464,0.01699974366049658,42.605490180306596,45.984199524057836,47.2164690928969,47.345415603520955,True
1.79,26.382068322447218,1.6658338107868742,0.24893860294636305,-0.05184005790069145,14.545045830534503,0.22093695124568885,1.4408931988607816,1.681930545773292,-0.10050981150508123,-0.022445994649343506,0.0,1.4118716265266162,1.4480446910426001,1.1919396116238192,1.2240749353878702,0.0,0.0,0.0,0.0,0.0,0.0,0.0,0.0,0.0,0.0,0.0,0.0,-0.03607484818786059,0.046241684732900905,0.07371397072054106,0.08263417736969306,0.010881847123426805,0.010943294034773676,0.019943288608530917,0.020054452732557387,0.005562456958308596,0.005532487874004017,0.01751023801724908,0.017602074011275778,42.605490180306596,45.984199524057836,47.45646909289691,47.585415603520964,True
1.8,26.52248761090894,1.7038096678836328,0.24842020236735596,-0.05184005790069145,14.544259123192992,0.228476907676874,1.4572074494190215,1.5809772851183748,-0.09266974464854348,-0.020602214687773155,0.0,1.419783347683594,1.4529592104135656,1.2164115808285503,1.2459995369381325,0.0,0.0,0.0,0.0,0.0,0.0,0.0,0.0,0.0,0.0,0.0,0.0,-0.0360228553231961,0.04629843634829328,0.0792022378478335,0.08815352984726756,0.011399328816773885,0.011463700802873667,0.020461130424191436,0.020575185586366812,0.0067684865644693625,0.006752474532509589,0.01809341253018377,0.01818685106095812,42.605490180306596,45.984199524057836,47.69646909289692,47.82541560352097,True
1.81,26.66290040327501,1.7417838771820138,0.24790180178834886,-0.05184005790069145,14.54346857991749,0.23601645528421838,1.472513832138027,1.4803504531424267,-0.084848951298616,-0.018759944192899405,0.0,1.4267575784319975,1.4569485751759597,1.2402883076218454,1.2672936977687048,0.0,0.0,0.0,0.0,0.0,0.0,0.0,0.0,0.0,0.0,0.0,0.0,-0.03597060329444446,0.04635547088311548,0.08469138238911679,0.0936737703795624,0.011916835337790704,0.011984132804432321,0.02097899462765948,0.021095941173912554,0.007825878471427706,0.007822191318387316,0.018662463781136795,0.018757850401458095,42.605490180306596,45.984199524057836,47.93646909289693,48.06541560352098,True
1.82,26.803306699398345,1.7797564422285759,0.24738340120934177,-0.05184005790069145,14.542674201269957,0.24355559207931715,1.4868154231039974,1.3800131465665137,-0.07704526950236432,-0.016919014244160813,0.0,1.4327893237153588,1.4600063435484467,1.2635263455141748,1.2879179845130975,0.0,0.0,0.0,0.0,0.0,0.0,0.0,0.0,0.0,0.0,0.0,0.0,-0.035918092055377514,0.046412788388346456,0.09018140877665948,0.09919490344962806,0.012434366684859824,0.012504590037040988,0.021496881216333134,0.02161671949178706,0.008766725224353122,0.008773922290807158,0.019220445254565312,0.01931803640716144,42.605490180306596,45.984199524057836,48.17646909289694,48.30541560352099,True
1.83,26.94370649913717,1.8177273665704443,0.24686500063033467,-0.05184005790069145,14.541875987813288,0.2510943160740572,1.5001149506305966,1.2799326315067214,-0.06925677558597532,-0.015079274734106838,0.0,1.4378741998156717,1.4621268529541456,1.2860871064329789,1.3078373677244812,0.0,0.0,0.0,0.0,0.0,0.0,0.0,0.0,0.0,0.0,0.0,0.0,-0.03586532155941823,0.0464703889153487,0.09567232144416804,0.10471693354198436,0.0129519228563191,0.013025072498245239,0.022014790187566382,0.022137520536537655,0.009616190199414535,0.009633015546976228,0.019769751170774178,0.019869736560418974,42.605490180306596,45.984199524057836,48.416469092896946,48.545415603521,True
1.84,27.084099802355038,1.8556966537553028,0.24634660005132758,-0.05184005790069145,14.541073940111286,0.25863262528061726,1.5124148345635418,1.1800798745143386,-0.06148175713139011,-0.013240592256625995,0.0,1.4420083655298128,1.4633051331720106,1.307936311445657,1.3270207227004034,0.0,0.0,0.0,0.0,0.0,0.0,0.0,0.0,0.0,0.0,0.0,0.0,-0.03581229175963823,0.04652827251587091,0.10116412482679989,0.11023986514263254,0.0134695038504617,0.01354558018554488,0.022532721538669143,0.022658344304666615,0.010394003940572829,0.010419373603293512,0.020312258847897023,0.020414778309529587,42.605490180306596,45.984199524057836,48.656469092896955,48.78541560352101,True
1.85,27.224486608920817,1.8936643073313872,0.24582819947232049,-0.05184005790069145,14.540268058728676,0.2661705177114686,1.523717221156139,1.0804291249981,-0.0537186890123097,-0.011402848232392794,0.0,1.4451884614330406,1.463536828717283,1.329043502999995,1.3454403871851415,0.0,0.0,0.0,0.0,0.0,0.0,0.0,0.0,0.0,0.0,0.0,0.0,-0.0357590026087591,0.04658643924204656,0.10665682336117206,0.11576370273906439,0.01398710966553608,0.014066113096393933,0.023050675266907256,0.023179190792631112,0.011115637314182367,0.011148623475191672,0.020849440317179446,0.02095459651332554,42.605490180306596,45.984199524057836,48.896469092896965,49.02541560352102,True
1.86,27.364866918708696,1.9316303308474798,0.2453097988933134,-0.05184005790069145,14.539458344231102,0.2737079913793757,1.5340240140063752,0.9809575442878499,-0.04596621214884407,-0.009565937245377992,0.0,1.4474115560681822,1.4628181297233176,1.3493816121658666,1.3630717693186962,0.0,0.0,0.0,0.0,0.0,0.0,0.0,0.0,0.0,0.0,0.0,0.0,-0.03570545405915158,0.04664488914639477,0.1121504214853714,0.12128845082027277,0.014504740299746027,0.014586671228200667,0.0235686513695025,0.02370005999684327,0.011793221294028329,0.011833035303361428,0.021382449833144617,0.02149031779487056,42.605490180306596,45.984199524057836,49.136469092896974,49.26541560352103,True
1.87,27.505240731598168,1.9695947278529007,0.2447913983143063,-0.05184005790069145,14.538644797185139,0.28124504429739616,1.543336901497355,0.8816448764418298,-0.03822311467396957,-0.007729765566465368,0.0,1.4486750981845742,1.4611457105001107,1.368926574817777,1.3798930000540535,0.0,0.0,0.0,0.0,0.0,0.0,0.0,0.0,0.0,0.0,0.0,0.0,-0.03565164606283676,0.046703622281819075,0.11764492363896342,0.12681411387676136,0.015022395751250587,0.015107254578327551,0.024086649843632554,0.02422095191367009,0.012436268106428922,0.012482243573157465,0.02191219248535521,0.022022826767523748,42.605490180306596,45.984199524057836,49.37646909289698,49.50541560352104,True
1.88,27.64560804747405,2.007557501897501,0.2442729977352992,-0.05184005790069145,14.537827418158267,0.2887816744788818,1.5516573811352357,0.7824731562095846,-0.030488315238256843,-0.005894249842922534,0.0,1.448976874312743,1.4585166749627212,1.3876569912763597,1.3958846249658523,0.0,0.0,0.0,0.0,0.0,0.0,0.0,0.0,0.0,0.0,0.0,0.0,-0.035597578571483976,0.04676263870160965,0.12314033426300434,0.1323406964005556,0.01554007601816414,0.015627863144091293,0.024604670686431046,0.024741866539433537,0.013052236641204881,0.013103813355476631,0.022439377993658683,0.022552818029631574,42.605490180306596,45.984199524057836,49.61646909289699,49.745415603521046,True
1.89,27.785968866226497,2.0455186565316623,0.2437545971562921,-0.05184005790069145,14.537006207718887,0.2963178799374788,1.5589867811350695,0.6834264499953917,-0.02276084820994419,-0.004059315934966889,0.0,1.448314971066421,1.454928508181974,1.4055538245068144,1.4110293309701176,0.0,0.0,0.0,0.0,0.0,0.0,0.0,0.0,0.0,0.0,0.0,0.0,-0.03554325153641175,0.0468219384594423,0.12863665780005082,0.13786820288521273,0.016057781098556358,0.016148496922762837,0.025122713894987544,0.0252628038704105,0.013646975765308293,0.013703684876921007,0.022964562887013908,0.02308083698653509,42.605490180306596,45.984199524057836,49.856469092897,49.985415603521055,True
1.9,27.926323187750974,2.0834781953062813,0.243236196577285,-0.05184005790069145,14.536181166436318,0.30385365868712844,1.5653262795656275,0.5844906261067238,-0.01503985055492698,-0.0022248978828501766,0.0,1.4466877416415747,1.4503790333804472,1.4226001325121882,1.4253117039920031,0.0,0.0,0.0,0.0,0.0,0.0,0.0,0.0,0.0,0.0,0.0,0.0,-0.0354886649085876,0.046881521609378723,0.1341338986941686,0.14339663782583184,0.01657551099045223,0.016669155911567347,0.025640779466347564,0.025783763902832817,0.014225071909598624,0.01428652256744213,0.023488183574725475,0.023607311901084435,42.605490180306596,45.984199524057836,50.09646909289701,50.225415603521064,True
1.91,28.066671011948248,2.121436121772768,0.24271779599827792,-0.05184005790069145,14.535352294880798,0.31138900874206693,1.570676921329196,0.48565315098175843,-0.007324550205716003,-0.0003909369897868585,0.0,1.4440937760449537,1.4448663737669816,1.4387808310480237,1.438718014071955,0.0,0.0,0.0,0.0,0.0,0.0,0.0,0.0,0.0,0.0,0.0,0.0,-0.03543381863862797,0.046941388205866505,0.13963206139094345,0.14892600571906367,0.017093265691832015,0.017189840107684207,0.026158867397512532,0.026304746632887226,0.014790121602876719,0.014855989113267444,0.024010582276989094,0.024132579057715008,42.605490180306596,45.984199524057836,50.33646909289702,50.46541560352107,True
1.92,28.20701233872442,2.1593924394830397,0.24219939541927082,-0.05184005790069145,14.534519593623484,0.31892392811682657,1.575039633221166,0.3869029084600649,0.00038574424985361944,0.0014426189922814292,0.0,1.4405318746379794,1.438388918668489,1.4540824832219734,1.4512360248004041,0.0,0.0,0.0,0.0,0.0,0.0,0.0,0.0,0.0,0.0,0.0,0.0,-0.03537871267679798,0.047001538303739474,0.1451311503374911,0.1544563110631221,0.01761104520063128,0.017710549508247016,0.02667697768543982,0.02682575205671542,0.015344945161594155,0.01541496063077393,0.024532027356805593,0.024656902519963164,42.605490180306596,45.984199524057836,50.57646909289703,50.70541560352108,True
1.93,28.347347167990907,2.1973471519895136,0.24168099484026373,-0.05184005790069145,14.533683063236445,0.32645841482623605,1.5784152372865676,0.28823003949127035,0.008091652710120389,0.003275816585624601,0.0,1.4360010246281085,1.4309452934773617,1.4684931129309122,1.462854824324469,0.0,0.0,0.0,0.0,0.0,0.0,0.0,0.0,0.0,0.0,0.0,0.0,-0.03532334697301112,0.047061971958217985,0.15063116998246734,0.15998755835779302,0.018128849514740912,0.018231284110343617,0.02719511032704277,0.027346780170414045,0.015891754242720768,0.01596569561330803,0.025052729262254953,0.025180489643226136,42.605490180306596,45.984199524057836,50.81646909289704,50.94541560352109,True
1.94,28.487675499664448,2.2353002628450973,0.24116259426125664,-0.05184005790069145,14.532842704292662,0.3339924668854206,1.580804462666132,0.1896257999706713,0.01579373166419157,0.005108697228606764,0.0,1.430500379180648,1.4225343329862568,1.4820020394334588,1.473564675482979,0.0,0.0,0.0,0.0,0.0,0.0,0.0,0.0,0.0,0.0,0.0,0.0,-0.035267721476828835,0.047122689224909406,0.15613212477607927,0.16551975210444603,0.01864667863200708,0.018752043911016064,0.02771326531919065,0.02786783097003468,0.01643228322262038,0.016509967583833034,0.025572853027005137,0.025703503254872428,42.605490180306596,45.984199524057836,51.056469092897046,51.1854156035211,True
1.95,28.62799733366709,2.2732517756031867,0.24064419368224954,-0.05184005790069145,14.531998517366041,0.34152608230980325,1.5822079561027047,0.09108243465193178,0.02349248137740503,0.006941297845603116,0.0,1.42402923886017,1.4131550577297685,1.4945997306621972,1.4833568829032642,0.0,0.0,0.0,0.0,0.0,0.0,0.0,0.0,0.0,0.0,0.0,0.0,-0.035211836137461566,0.04718369015980697,0.16163401917009254,0.1710528968060429,0.01916453255023127,0.019272828907260668,0.028231442658708708,0.028388904451583877,0.01696789221304661,0.01704916925164216,0.02609252807221886,0.026226071217784912,42.605490180306596,45.984199524057836,51.296469092897055,51.42541560352111,True
1.96,28.76831266992619,2.311201693817657,0.24012579310324245,-0.05184005790069145,14.531150503031396,0.3490592591151042,1.5826262912595082,-0.007406934681227733,0.031188352262030428,0.008773651353021184,0.0,1.4165870351428222,1.4028066529950158,1.5062776731515892,1.4922236751387825,0.0,0.0,0.0,0.0,0.0,0.0,0.0,0.0,0.0,0.0,0.0,0.0,-0.03515569090376722,0.047244974819291435,0.16713685761784416,0.1765869969671493,0.019682411267170255,0.01979363909602793,0.028749642342378125,0.028910000611023116,0.01749964783843031,0.01758439429555552,0.026611855892527615,0.026748293939529974,42.605490180306596,45.984199524057836,51.536469092897065,51.66541560352112,True
1.97,28.908621508374445,2.3491500210428566,0.23960739252423535,-0.05184005790069145,14.530298661864457,0.35659199531734215,1.5820599769846146,-0.10584840839686725,0.03888175052571308,0.010605787108591115,0.0,1.40817331576942,1.3914884502010054,1.5170282566984226,1.5001581001443636,0.0,0.0,0.0,0.0,0.0,0.0,0.0,0.0,0.0,0.0,0.0,0.0,-0.03509928572425176,0.04730654326013048,0.17264064457425135,0.18212205709394527,0.02020031478053612,0.020314474474222594,0.029267864366936045,0.02943111944426884,0.01802838657607046,0.01811650158038588,0.02713091608291475,0.027270250268533795,42.605490180306596,45.984199524057836,51.776469092897074,51.90541560352113,True
1.98,29.04892384894987,2.3870967608336002,0.23908899194522826,-0.05184005790069145,14.52944299444186,0.36412428893283444,1.5805094646408082,-0.20424739698035443,0.046573043179646334,0.012437731310286113,0.0,1.3987877317346717,1.37919991038025,1.526844672085227,1.507153932578865,0.0,0.0,0.0,0.0,0.0,0.0,0.0,0.0,0.0,0.0,0.0,0.0,-0.03504262054706851,0.047368395539479434,0.1781453844958221,0.18765808169423454,0.020718243087996253,0.020835335038703644,0.0297861087290756,0.02995226094719247,0.01855476442394306,0.018646165580584628,0.02764977106469837,0.027792002123800518,42.605490180306596,45.984199524057836,52.01646909289708,52.14541560352114,True
1.99,29.18921969159577,2.4250419167451622,0.23857059136622116,-0.05184005790069145,14.528583501341162,0.3716561379781975,1.5779751546065193,-0.30260869905201127,0.05426256247914007,0.014269507350520749,0.0,1.3884300257305133,1.3659406095260158,1.5357208203863675,1.513205591596138,0.0,0.0,0.0,0.0,0.0,0.0,0.0,0.0,0.0,0.0,0.0,0.0,-0.03498569532001875,0.04743053171488066,0.18365108184066536,0.19319507527745503,0.02123619618717335,0.021356220786284276,0.03030437542544586,0.030473425115620387,0.019079295847896992,0.019173915974083695,0.028168469791460284,0.02831359813024531,42.605490180306596,45.984199524057836,52.25646909289709,52.385415603521146,True
2.0,29.329509036260788,2.4629854923332735,0.23805219078721407,-0.05184005790069145,14.527720183140833,0.37918754047034764,1.5744574020415862,-0.4009365705618711,0.0619506098609939,0.016101136130641448,0.0,1.3771000218817127,1.3517102255951177,1.543651232544392,1.5183080679369156,0.0,0.0,0.0,0.0,0.0,0.0,0.0,0.0,0.0,0.0,0.0,0.0,-0.034928509990551325,0.047492951844263935,0.1891577410685,0.19873304235468917,0.0217541740756454,0.021877131713731925,0.030822664452651888,0.03099461194533393,0.0196023843226343,0.019700168732718282,0.028687050655126323,0.02883507647325607,42.605490180306596,45.984199524057836,52.4964690928971,52.625415603521155,True
2.01,29.46979188289888,2.500927491154106,0.23753379020820697,-0.05184005790069145,14.52685304042026,0.386718494426501,1.569956522000973,-0.49923478615931194,0.06963745943476697,0.01793263634016127,0.0,1.364797616629815,1.336508526979751,1.550630998052981,1.5224568592687275,0.0,0.0,0.0,0.0,0.0,0.0,0.0,0.0,0.0,0.0,0.0,0.0,-0.03487106450576268,0.04755565598594647,0.19466536664066558,0.20427198743867364,0.022272176750945696,0.022398067817768243,0.031340975807254694,0.03151582143206941,0.020124346281150358,0.020225250535792945,0.029205543764858434,0.029356467140201428,42.605490180306596,45.984199524057836,52.73646909289711,52.865415603521164,True
2.02,29.610068231469302,2.5388679167642763,0.23701538962919988,-0.05184005790069145,14.525982073759726,0.39424899786417456,1.5644727939701852,-0.5975066936224975,0.07732336107855037,0.019764024704691772,0.0,1.3515227706374862,1.320335362282828,1.55665570171477,1.5256479128402118,0.0,0.0,0.0,0.0,0.0,0.0,0.0,0.0,0.0,0.0,0.0,0.0,-0.03481335881239529,0.04761864419863458,0.20017396302013404,0.20981191504381252,0.022790204210562864,0.02291902909506914,0.03185930948577131,0.03203705357151813,0.020645429895504105,0.020749417940935315,0.029723972734140968,0.02987779368056895,42.605490180306596,45.984199524057836,52.97646909289712,53.10541560352117,True
2.03,29.750338081936643,2.5768067727208352,0.23649698905019279,-0.05184005790069145,14.52510728374044,0.40177904880118614,1.558006465887787,-0.6957552621324761,0.08500854318410074,0.021595316206081495,0.0,1.3372755015994993,1.3031906512498588,1.5617213675592683,1.527877574621934,0.0,0.0,0.0,0.0,0.0,0.0,0.0,0.0,0.0,0.0,0.0,0.0,-0.034755392856839595,0.047681916541421634,0.20568353467151712,0.21535282968618355,0.023308256451940814,0.023440015542264745,0.03237766548467472,0.032558308359326375,0.02116582980459187,0.02127287243828468,0.030242356082215874,0.030399074588127028,42.605490180306596,45.984199524057836,53.21646909289713,53.34541560352118,True
2.04,29.890601434270817,2.614744062581255,0.2359785884711857,-0.05184005790069145,14.524228670944508,0.4093086452556552,1.5505577577130156,-0.7939831250880407,0.09269321509110053,0.023426524277877215,0.0,1.3220558778592353,1.2850743767269572,1.5658244091097728,1.529142544199571,0.0,0.0,0.0,0.0,0.0,0.0,0.0,0.0,0.0,0.0,0.0,0.0,-0.03469716658513215,0.047745473073790005,0.2111940860610793,0.22089473588355144,0.023826333472478776,0.023961027155939427,0.032896043800393904,0.03307958579109542,0.021685698663735622,0.021795772272164983,0.03076070833310399,0.030920324386292268,42.605490180306596,45.984199524057836,53.45646909289714,53.58541560352119,True
2.05,30.03085828844704,2.6526797899034342,0.2354601878921786,-0.05184005790069145,14.523346235954962,0.4168377852460033,1.542126864589943,-0.892192618078724,0.10037756924579512,0.025257660978874528,0.0,1.3058640127408236,1.2659865775292118,1.5689615852801009,1.5294398347684586,0.0,0.0,0.0,0.0,0.0,0.0,0.0,0.0,0.0,0.0,0.0,0.0,-0.034638679942956975,0.04780931385560965,0.21670562165674492,0.22643763815537624,0.024344435269531287,0.024482063932631786,0.03341444442931386,0.033600885862381524,0.022205156202043084,0.022318241724467607,0.031279040877481575,0.03144155448044491,42.605490180306596,45.984199524057836,53.696469092897146,53.8254156035212,True
2.06,30.17110864444583,2.6906139582456845,0.2349417873131715,-0.05184005790069145,14.522459979355723,0.42436646679095436,1.5327139596538082,-0.9903858125634848,0.10806178311525583,0.027088737147214246,0.0,1.2887000595170282,1.245927342116693,1.5711299612634833,1.5287667376522003,0.0,0.0,0.0,0.0,0.0,0.0,0.0,0.0,0.0,0.0,0.0,0.0,-0.03457993287564328,0.047873438947140586,0.2222181459281117,0.2319815410228259,0.02486256184040822,0.02500312586883469,0.033932867367775565,0.034122208568695966,0.022724296325419027,0.02284037840484928,0.03179736264859142,0.031962773827242434,42.605490180306596,45.984199524057836,53.936469092897156,54.06541560352121,True
2.07,30.31135250225303,2.728546571166723,0.2344233867341644,-0.05184005790069145,14.521569901731644,0.43189468790953506,1.5223191965199845,-1.0885645457407287,0.11574602088497188,0.02891976253720559,0.0,1.270564206941872,1.2248968029869287,1.5723268738481906,1.5271207908334123,0.0,0.0,0.0,0.0,0.0,0.0,0.0,0.0,0.0,0.0,0.0,0.0,-0.034520925328168174,0.04793784840902992,0.22773166334645722,0.23752644900878417,0.025380713182374715,0.02552421296099518,0.03445131261207598,0.03464355390550498,0.02324319268700097,0.02336225897576726,0.03231568065232122,0.03248398946023081,42.605490180306596,45.984199524057836,54.176469092897165,54.30541560352122,True
2.08,30.45158986185983,2.7664776322256683,0.2339049861551573,-0.05184005790069145,14.520676003668473,0.43942244662107594,1.510942711491478,-1.1867304470403708,0.12343043496432962,0.030750745940812656,0.0,1.251456675284903,1.2028951317029448,1.5725499006585655,1.5244997510426221,0.0,0.0,0.0,0.0,0.0,0.0,0.0,0.0,0.0,0.0,0.0,0.0,-0.034461657245154174,0.04800254230231459,0.23324617838475176,0.24307236663786236,0.025898889292651262,0.02604532520551461,0.03496978015846809,0.03516492186822983,0.023761903055752678,0.02388394364844308,0.032834000382919164,0.03300520690261225,42.605490180306596,45.984199524057836,54.416469092897174,54.54541560352123,True
2.09,30.591820723262686,2.804407144982033,0.23338658557615022,-0.05184005790069145,14.519778285752864,0.44694974094521095,1.4985846255167805,-1.2848849616199554,0.13111516732175182,0.03258169529552352,0.0,1.2313777128110266,1.1799225344850806,1.5717968328769119,1.520901569002744,0.0,0.0,0.0,0.0,0.0,0.0,0.0,0.0,0.0,0.0,0.0,0.0,-0.03440212857086931,0.04806752068842126,0.23876169551766896,0.24861929843641029,0.026417090168413673,0.026566462598748543,0.03548827000316091,0.03568631245224683,0.02428047274256337,0.024405479713663875,0.03335232614902441,0.0335264304913999,42.605490180306596,45.984199524057836,54.65646909289718,54.78541560352124,True
2.1,30.73204508646339,2.8423351129957184,0.23286818499714312,-0.05184005790069145,14.518876748572385,0.45447656890187876,1.4852450459263187,-1.3830293712036366,0.13880035066879953,0.03441261778012856,0.0,1.2103275926560781,1.1559792483028852,1.5700656510520679,1.5163243674721067,0.0,0.0,0.0,0.0,0.0,0.0,0.0,0.0,0.0,0.0,0.0,0.0,-0.03434233924922828,0.04813278362916501,0.2442782192215931,0.25416724893252474,0.02693531580679306,0.027087625137006795,0.03600678214231945,0.036207725652887254,0.02479893728722561,0.024926904314653008,0.03387066132936448,0.03404766363198648,42.605490180306596,45.984199524057836,54.89646909289719,55.025415603521246,True
2.11,30.872262951469043,2.8802615398270066,0.23234978441813603,-0.05184005790069145,14.517971392715504,0.46200292851132285,1.4709240679725228,-1.4811648125645092,0.14648610951034904,0.03624351989976325,0.0,1.1883066100538593,1.1310655374105738,1.5673545036451515,1.5107664217694403,0.0,0.0,0.0,0.0,0.0,0.0,0.0,0.0,0.0,0.0,0.0,0.0,-0.034282289223790716,0.04819833118675133,0.2497957539746321,0.25971622265606187,0.027453566204875896,0.027608812816553457,0.03652531657206477,0.036729161465437456,0.025317324565773132,0.02544824662473895,0.034389008573294806,0.03456890899806765,42.605490180306596,45.984199524057836,55.1364690928972,55.265415603521255,True
2.12,31.012474318292064,2.918186429036552,0.23183138383912893,-0.05184005790069145,14.517062218771605,0.4695288177940917,1.4556217761957417,-1.5792922939168024,0.15417256107601718,0.038074407561419304,0.0,1.1653150798753085,1.1051816902758913,1.5636616880025407,1.5042261425000465,0.0,0.0,0.0,0.0,0.0,0.0,0.0,0.0,0.0,0.0,0.0,0.0,-0.034221978437762514,0.048264163423774556,0.2553143042566256,0.26526622413864615,0.027971841359703927,0.02813002563360682,0.03704387328847392,0.03725061988513877,0.02583565644324203,0.02596952955760673,0.03490736995808096,0.03509016868865213,42.605490180306596,45.984199524057836,55.37646909289721,55.505415603521264,True
2.13,31.152679186950174,2.9561097841853785,0.23131298326012184,-0.05184005790069145,14.51614922733097,0.47705423477104,1.439338245635684,-1.6774127094543072,0.16185981614628492,0.03990528614099218,0.0,1.1413533344448534,1.0783280168579024,1.5589856334812904,1.496702060234164,0.0,0.0,0.0,0.0,0.0,0.0,0.0,0.0,0.0,0.0,0.0,0.0,-0.03416140683399444,0.04833028040321949,0.2608338745491565,0.2708172579136813,0.02849014126827426,0.028651263584339465,0.037562452287580025,0.037772100907187585,0.026353950069930597,0.026490771110477453,0.03542574711225619,0.03561144435137173,42.605490180306596,45.984199524057836,55.61646909289722,55.74541560352127,True
2.14,31.29287755746642,2.994031608834873,0.23079458268111475,-0.05184005790069145,14.515232418984791,0.48457917746332824,1.4220735429058624,-1.7755268522446732,0.1695479797852477,0.041736160542813996,0.0,1.1164217216028942,1.050504846194233,1.5533248864832796,1.4881928119167065,0.0,0.0,0.0,0.0,0.0,0.0,0.0,0.0,0.0,0.0,0.0,0.0,-0.03410057435498247,0.04839668218846098,0.26635446933556156,0.27636932851636087,0.029008465927539327,0.02917252666487823,0.038081053565372204,0.03829360452673534,0.02687221889806914,0.027011985419015137,0.03594414131237273,0.0361327372793257,42.605490180306596,45.984199524057836,55.85646909289723,55.98541560352128,True
2.15,31.433069429869153,3.0319519065467744,0.23027618210210765,-0.05184005790069145,14.514311794325161,0.49210364389242384,1.4038277346396308,-1.8736275842326084,0.17723714575492314,0.04356705178000864,0.0,1.0905203924468203,1.0217125243723462,1.5466780979387402,1.4786971279563619,0.0,0.0,0.0,0.0,0.0,0.0,0.0,0.0,0.0,0.0,0.0,0.0,-0.03403948094286763,0.048463368843264104,0.27187609310093996,0.2819224404836783,0.02952681533440688,0.029693814871304187,0.03859967711779566,0.038815130738888495,0.027390473479215558,0.02753318358584127,0.03646255355888658,0.036654048487140795,42.605490180306596,45.984199524057836,56.09646909289724,56.22541560352129,True
2.16,31.573254804192025,3.0698706808831715,0.22975778152310056,-0.05184005790069145,14.513387353945088,0.49962763208010125,1.384601237812055,-1.9716609283991446,0.18492710725664782,0.045398342033045644,0.0,1.0636421087326215,0.9919488050516736,1.5390441215369228,1.4682136894526698,0.0,0.0,0.0,0.0,0.0,0.0,0.0,0.0,0.0,0.0,0.0,0.0,-0.033978126539436236,0.04853034043178393,0.27739875033216416,0.28747659835443684,0.03004518948573999,0.030215128199652667,0.0391183229407516,0.03933667953870855,0.02790872208967822,0.02805437433125192,0.03698098463567689,0.03717537877070854,42.605490180306596,45.984199524057836,56.33646909289725,56.4654156035213,True
2.17,31.713433680474036,3.107787935406494,0.22923938094409346,-0.05184005790069145,14.512459098438468,0.5071511400484429,1.3643945655226326,-2.069672355138951,0.19261757156760384,0.04722964832851056,0.0,1.0357831600184226,0.961205120464097,1.5304217707078382,1.456741320539107,0.0,0.0,0.0,0.0,0.0,0.0,0.0,0.0,0.0,0.0,0.0,0.0,-0.03391651108611831,0.04859759701856723,0.28292244551789164,0.2930318066692623,0.03056358837835712,0.03073646664591331,0.03963699103009733,0.039858250921212125,0.028426971221061928,0.02857556450429951,0.03749943515672998,0.0376967287541032,42.605490180306596,45.984199524057836,56.576469092897256,56.70541560352131,True
2.18,31.853606058759453,3.145703673679508,0.22872098036508637,-0.05184005790069145,14.511527028400113,0.5146741658198389,1.343207813333216,-2.1676769898921266,0.20030858415168265,0.04906093501783164,0.0,1.0069435463042238,0.9294807708765204,1.5208098093412263,1.4442790632681646,0.0,0.0,0.0,0.0,0.0,0.0,0.0,0.0,0.0,0.0,0.0,0.0,-0.03385463452398925,0.048665138668550684,0.2884471831485725,0.29858806997061016,0.031082012009032017,0.03125783020602998,0.04015568138164621,0.04037984488137084,0.028945225965029645,0.029096759484208666,0.03801790560275647,0.03821809892643204,42.605490180306596,45.984199524057836,56.816469092897265,56.94541560352132,True
2.19,31.993771939097883,3.183617899265305,0.22820257978607927,-0.05184005790069145,14.510591144425733,0.5221967074169883,1.3210410469174805,-2.265675264313991,0.20800020654898174,0.05089221160632084,0.0,0.977123267590025,0.8967757562889439,1.510207150421528,1.4308259653149393,0.0,0.0,0.0,0.0,0.0,0.0,0.0,0.0,0.0,0.0,0.0,0.0,-0.03379249679376823,0.0487329654470626,0.29397296771646253,0.30414539280277847,0.0316004603744938,0.031779218875900815,0.04067439399116765,0.04090146141411142,0.029463490315095986,0.029617963495662394,0.03853639634991264,0.03873948967077849,42.605490180306596,45.984199524057836,57.056469092897274,57.18541560352133,True
2.2,32.133931321544225,3.2215306157273016,0.22768417920707218,-0.05184005790069145,14.50965144711194,0.5297187628628989,1.297894328071417,-2.3636675297568903,0.21569249666597992,0.05272348346470492,0.0,0.9463223238758263,0.8630900767013674,1.498612796432961,1.416381105267065,0.0,0.0,0.0,0.0,0.0,0.0,0.0,0.0,0.0,0.0,0.0,0.0,-0.03373009783581866,0.04880107741982242,0.29949980371563123,0.30970377971191737,0.03211893347142693,0.032300632651378246,0.04119312885438715,0.04142310051431564,0.029981767403346918,0.030139179856442336,0.03905490769232906,0.03926090128693532,42.605490180306596,45.984199524057836,57.29646909289728,57.42541560352134,True
2.21,32.2740842061587,3.259441826629226,0.22716577862806508,-0.05184005790069145,14.508707937056238,0.5372403301808883,1.2737677153453748,-2.461654087050247,0.22338550936779727,0.054554754295126684,0.0,0.9145407151616276,0.8284237321137908,1.486025812074579,1.4009436002831073,0.0,0.0,0.0,0.0,0.0,0.0,0.0,0.0,0.0,0.0,0.0,0.0,-0.03366743759014724,0.04886947465294178,0.305027695641974,0.3152632352460404,0.03263743129647124,0.032822071528269006,0.04171188596698632,0.04194476217682044,0.03050005968611956,0.030660411171939742,0.039573439859781845,0.039782334009260296,42.605490180306596,45.984199524057836,57.53646909289729,57.665415603521346,True
2.22,32.414230593006835,3.2973515355351215,0.226647378049058,-0.05184005790069145,14.50776061485706,0.5447614073945842,1.2486612644767148,-2.559635199425753,0.23107929688362083,0.056386027041402845,0.0,0.881778441447429,0.7927767225262141,1.4724453110934936,1.384512605824181,0.0,0.0,0.0,0.0,0.0,0.0,0.0,0.0,0.0,0.0,0.0,0.0,-0.03360451599640626,0.048938157212921995,0.3105566479932189,0.32082376395503237,0.033155953846221865,0.033343535502334036,0.04223066532460278,0.042466446396417716,0.031018369089649164,0.031181659487937646,0.040091993031554134,0.040303788020701316,42.605490180306596,45.984199524057836,57.7764690928973,57.905415603521355,True
2.23,32.55437048215945,3.3352597460093274,0.2261289774700509,-0.05184005790069145,14.506809481113715,0.5522819925279242,1.2225750287289592,-2.6576110992852473,0.23877390912450325,0.05821730423534733,0.0,0.8480355027332301,0.7561490479386377,1.4578704485655003,1.3670873128419867,0.0,0.0,0.0,0.0,0.0,0.0,0.0,0.0,0.0,0.0,0.0,0.0,-0.033541332993889804,0.04900712516665818,0.3160866652689415,0.3263853703906635,0.03367450111722933,0.03386502456928862,0.042749466922830305,0.04298815316785456,0.031536697124316004,0.03170292641061815,0.04061056734730926,0.040825263463812565,42.605490180306596,45.984199524057836,58.01646909289731,58.145415603521364,True
2.24,32.694503873692696,3.37316646161648,0.2256105768910438,-0.05184005790069145,14.505854536426417,0.5598020836051573,1.1955090591770055,-2.755581992568232,0.24646939395062836,0.060048588137488486,0.0,0.8133118990190314,0.7185407083510611,1.4423004154697132,1.3486669443474173,0.0,0.0,0.0,0.0,0.0,0.0,0.0,0.0,0.0,0.0,0.0,0.0,-0.03347788852153597,0.049076378581436854,0.3216177519705731,0.33194805910659747,0.034193073105999526,0.0343865387248023,0.043268290757218754,0.04350988248583314,0.032055044974263015,0.032224213200827204,0.04112916291561989,0.04134676044940775,42.605490180306596,45.984199524057836,58.25646909289732,58.38541560352137,True
2.25,32.834630767688026,3.4110716859215073,0.2250921763120367,-0.05184005790069145,14.504895781396293,0.5673216786508435,1.1674634049546195,-2.8535480620561517,0.2541657974032247,0.06187988080177579,0.0,0.7776076303048327,0.6799517037634848,1.4257344343875007,1.3292507520263879,0.0,0.0,0.0,0.0,0.0,0.0,0.0,0.0,0.0,0.0,0.0,0.0,-0.03341418251792661,0.04914591752493624,0.32714991260140913,0.3375118346584019,0.03471166980899366,0.034908077964498914,0.04378713682327406,0.0440316343450107,0.03257341356769474,0.03274552084811971,0.04164777982065876,0.041868279063356974,42.605490180306596,45.984199524057836,58.49646909289733,58.62541560352138,True
2.26,32.97475116423216,3.448975422489618,0.2245737757330296,-0.05184005790069145,14.50393321662535,0.5748407756898548,1.1384381134719812,-2.95150947010475,0.26186316390842035,0.06371118411126646,0.0,0.7409226965906341,0.6403820341759083,1.4081717558719267,1.3088380131149602,0.0,0.0,0.0,0.0,0.0,0.0,0.0,0.0,0.0,0.0,0.0,0.0,-0.03335021492128562,0.049215742065228094,0.33268315166662327,0.3430767016035604,0.03523029122262835,0.0354296422839566,0.04430600511645831,0.044553408739999655,0.03309180363202289,0.03326685012892293,0.04216641812744703,0.042389819371925874,42.605490180306596,45.984199524057836,58.73646909289734,58.86541560352139,True
2.27,33.11486506341722,3.4868776748862973,0.22405537515402252,-0.05184005790069145,14.502966842716507,0.582359372747376,1.1084332306079028,-3.049466360998424,0.2695615364573607,0.06554249980193606,0.0,0.7032570978764355,0.5998316995883319,1.3896116552946502,1.287428027583637,0.0,0.0,0.0,0.0,0.0,0.0,0.0,0.0,0.0,0.0,0.0,0.0,-0.033285985669480336,0.049285852270776226,0.3382174736732747,0.34864266450148235,0.0357489373432756,0.035951231678707805,0.04482489563218973,0.04507520566536754,0.03361021573712562,0.0337882016522256,0.04268507788597161,0.04291138142596956,42.605490180306596,45.984199524057836,58.97646909289735,59.1054156035214,True
2.28,33.25497246534054,3.5247784466772982,0.22353697457501542,-0.05184005790069145,14.501996660273576,0.589877467848904,1.077448800880002,-3.1474188630143556,0.277260956765672,0.06737382948096217,0.0,0.6646108341622371,0.5583007000007554,1.3700534300741993,1.2650201156247165,0.0,0.0,0.0,0.0,0.0,0.0,0.0,0.0,0.0,0.0,0.0,0.0,-0.03322149470002068,0.0493562482104374,0.34375288313031954,0.3542097279135124,0.03626760816726273,0.036472846144239277,0.04534380836584261,0.04559702511563698,0.03412865032928292,0.03430957589546804,0.04320375913441498,0.04343296526422703,42.605490180306596,45.984199524057836,59.216469092897356,59.34541560352141,True
2.29,33.395073370104804,3.56267774142864,0.22301857399600833,-0.05184005790069145,14.50102266990127,0.5973950590202495,1.045484867595476,-3.2453670902449296,0.28496146541474515,0.06920517464191285,0.0,0.6249839054480383,0.515789035413179,1.349496397227398,1.241613615418944,0.0,0.0,0.0,0.0,0.0,0.0,0.0,0.0,0.0,0.0,0.0,0.0,-0.033156741950059,0.04942692995346155,0.3492893845486217,0.3597778964029422,0.036786303690872504,0.036994485675992055,0.04586274331274744,0.04611886708528578,0.03464710775779816,0.03483097323273576,0.043722461901688964,0.04395457091590926,42.605490180306596,45.984199524057836,59.456469092897365,59.58541560352142,True
2.3,33.53516777781799,3.6005755627065943,0.22250017341700123,-0.05184005790069145,14.50004487220519,0.6049121442875361,1.012541472984718,-3.343311144211236,0.2926631019769439,0.07103653667784407,0.0,0.5843763117338397,0.4722967058256026,1.3279398912019804,1.2172078811537126,0.0,0.0,0.0,0.0,0.0,0.0,0.0,0.0,0.0,0.0,0.0,0.0,-0.03309172735638968,0.049497897569492175,0.3548269824409625,0.3653471745350211,0.03730502391034302,0.03751615026936151,0.04638170046819078,0.046640731568746874,0.03516558829588253,0.035352393956907306,0.04424118620942252,0.044476198402732,42.605490180306596,45.984199524057836,59.696469092897374,59.82541560352143,True
2.31,33.675255688593374,3.638471914077683,0.22198177283799414,-0.05184005790069145,14.499063267791858,0.6124287216772026,0.978618658319739,-3.441251115293212,0.30036590512656963,0.07286791689277769,0.0,0.5427880530196411,0.4278237112380263,1.3053832619566588,1.1918022812657771,0.0,0.0,0.0,0.0,0.0,0.0,0.0,0.0,0.0,0.0,0.0,0.0,-0.03302645085545028,0.04956915112856513,0.36036568132204977,0.370917566876964,0.03782376882186777,0.03803783991969729,0.04690067982741539,0.04716261856040833,0.03568409215703876,0.03587383829705278,0.044759932073521067,0.04499784774051295,42.605490180306596,45.984199524057836,59.93646909289738,60.06541560352144,True
2.32,33.815337102549556,3.676366799108673,0.22146337225898705,-0.05184005790069145,14.498077857268669,0.6199447892160017,0.943716464019109,-3.5391870839978243,0.3080699127382001,0.07469931651182958,0.0,0.5002191293054427,0.38237005165045007,1.2818258732599772,1.1653961968836233,0.0,0.0,0.0,0.0,0.0,0.0,0.0,0.0,0.0,0.0,0.0,0.0,-0.03296091238331924,0.04964069070111109,0.365905485708531,0.3764890779979665,0.03834253842159563,0.03855955462230339,0.047419681385620145,0.047684528054613394,0.036202619507914514,0.03639530643210198,0.04527869950538987,0.045519518940426204,42.605490180306596,45.984199524057836,60.17646909289739,60.305415603521446,True
2.33,33.955412019810424,3.714260221366567,0.22094497167997995,-0.05184005790069145,14.49708864124392,0.6274603449310018,0.9078349297409519,-3.6371191220838326,0.31577516197383,0.07653073669017117,0.0,0.4566695405912442,0.3359357270628737,1.257267101182972,1.1379890204471126,0.0,0.0,0.0,0.0,0.0,0.0,0.0,0.0,0.0,0.0,0.0,0.0,-0.03289511187571683,0.04971251635795457,0.371446400119002,0.38206171246921194,0.03886133270563092,0.03908129437243817,0.04793870513796015,0.04820646004566052,0.036721170478386106,0.03691679850158197,0.045797488512893864,0.046041212009988,42.605490180306596,45.984199524057836,60.4164690928974,60.545415603521455,True
2.34,34.09551101717167,3.752126466010973,0.22041497634785723,-0.05724004350996028,14.500583002124706,0.6249105898127942,0.8709740764813669,-3.735053584189984,0.32348264263239224,0.07835840984794085,0.0,0.4121392868770458,0.29121626423003794,1.2317062703051764,1.109580775392572,0.0,8532.421869391657,0.0,0.0,0.0,86.88864862250132,0.0,0.0,0.0,-2677.3377431129497,0.0,0.0,-0.033411073224448626,0.000743596720315878,0.37616486475602395,0.3876090396933125,0.03822076215907405,0.03845965347430299,0.04823848799417038,0.04853599133660216,0.03716581025449529,0.03736544705659015,0.04628931904772178,0.04653727185331624,42.605490180306596,43.836704025888096,60.65646909289741,60.785415603521464,False
2.35,34.23565927400163,3.7898133281555193,0.21975408432529672,-0.07557043723099002,14.498288731812757,0.6106516234968916,0.8333580679191218,-3.778514469342976,0.33100485848769023,0.07962950429292523,0.0,0.3666283681628473,0.258947433364902,1.2050270603672497,1.0802681712667797,0.0,15631.564659721564,0.0,0.0,0.0,16.593072516973027,0.0,0.0,0.0,-3329.0874591749644,0.0,0.0,-0.034220221269251616,0.00011410466408178172,0.38047071663978893,0.39468852885346906,0.03570178181229708,0.035996767195021616,0.0489174786678337,0.04931622031397061,0.03711876828946484,0.03733347799393952,0.04678150041240758,0.04704776381067451,42.605490180306596,43.75828968679905,60.89646909289742,61.02541560352147,False
2.36,34.3758383806615,3.8272542407943266,0.21890351247319928,-0.09430093984560507,14.49430510912193,0.5980886087764786,0.7955781525740301,-3.7695049638786013,0.33787928451196475,0.07907318322419288,0.0,0.32017497077216034,0.23997474423317416,1.1766029469697545,1.0500765411905755,2161.506430124729,19805.556268701686,0.0,0.0,-936.1041678983403,20.54943234698381,0.0,0.0,-855.1983108005574,-3004.3973298119413,0.0,0.0,-0.02640551811758849,0.00015439189376158498,0.3849003916286507,0.40197885837828495,0.03327305056902096,0.03361659325098907,0.049753103480303866,0.05025979660523952,0.036536640499623435,0.03677907076895857,0.0473356046145144,0.047637727540092024,42.98213958772867,43.7031323273058,61.13646909289743,61.26541560352148,False
2.37,34.51602475736225,3.8643865151687624,0.21783459769250463,-0.12189805256976803,14.48728915217852,0.5759154807702811,0.7581083276304251,-3.7129147341044346,0.34375469894721217,0.07574885231893883,0.0,0.2795185755948212,0.2319943390070416,1.1456472663395212,1.0189042461143714,11105.913369139344,21561.24541845085,0.0,0.0,-21.97319360429776,27.70203638816571,0.0,0.0,-2929.3651141647288,-2667.2144050758734,0.0,0.0,-0.00016347050407467513,0.00022804738991112,0.3889536001451091,0.4102621503684955,0.029451844650020608,0.02984577501680671,0.05073540249546342,0.05140458515306692,0.03543667966688217,0.03571786790321177,0.047955251631741545,0.048311055934473913,44.18546856705071,43.61900460086543,61.37646909289744,61.50541560352149,False
2.38,34.656253070352435,3.901105255727896,0.21645139124452303,-0.15462227744065687,14.481819324986736,0.5533605122562063,0.7216472883127648,-3.569536604386435,0.3480804652760283,0.06983129777819883,0.0,0.25270428971423387,0.23106232633066812,1.111643624700609,0.9867512860381672,17005.056262868555,21766.28820725302,0.0,0.0,-17.96639566327374,28.740613128024755,0.0,0.0,-2982.8984292882687,-2510.9132973157684,0.0,0.0,-0.00012498748571696227,0.000239767734538466,0.3924697587189064,0.41882066670084894,0.02518055118454086,0.025608766000069227,0.05214269516056568,0.053016856481116696,0.03365621523203826,0.03398981630855435,0.048707758182790044,0.04914280478464835,44.248926092598666,43.52457791153927,61.61646909289745,61.7454156035215,False
2.39,34.79652187950603,3.937409056620132,0.21475011723639953,-0.1851369474227267,14.475734109840806,0.5382782017761611,0.6868832625457396,-3.3767957936937605,0.35027129308873906,0.0622671451272717,0.0,0.23824485929456005,0.23387470282539558,1.0747944103198792,0.953617660961963,20186.130955196793,21147.565378412975,0.0,0.0,-15.399925659420877,27.164910657597762,0.0,0.0,-2542.614229973713,-2448.352032622774,0.0,0.0,-0.0001176433847854253,0.00021809165019343326,0.39619959205748706,0.4273058408358596,0.021615702112016345,0.022056815021226226,0.05386068043079797,0.054943951990283985,0.03140829472644569,0.031800818137753754,0.049638084432984515,0.05017442901684182,44.303854901934784,43.432124425536216,61.856469092897456,61.98541560352151,False
2.4,34.93682017582908,3.9733313529726098,0.2127576194787457,-0.2129924714819118,14.469375443426113,0.5308606870450835,0.6542024148632503,-3.1566413305262144,0.349975988015512,0.05387154210510991,0.0,0.23326227965367116,0.23833008399041405,1.0356036132044908,0.9195033708857586,21282.298476192347,20167.38152210891,0.0,0.0,-13.679450285155744,25.61220266987166,0.0,0.0,-2219.9018980880205,-2388.8459612053834,0.0,0.0,-0.00011069562480894889,0.00019548989612846367,0.40014494889918534,0.4356457180558938,0.018803392338703595,0.019245758342863767,0.055860651342195845,0.05715551744702365,0.02896077081565311,0.029410921813473472,0.05077199894866685,0.05142607685619477,44.35157325226393,43.34517307192649,62.096469092897465,62.22541560352152,False
2.41,35.07714085884546,4.008900434332718,0.21049621675213595,-0.2390437674738245,14.462957829706511,0.5296687469653419,0.6237742706404931,-2.929112092492318,0.347021792935899,0.045277809141961896,0.0,0.2340450528858049,0.24336783143236182,0.9946196600817065,0.8844084158095545,21110.088365122923,19059.077084880402,0.0,0.0,-12.64730031745751,24.464592804388456,0.0,0.0,-2057.4215320001163,-2297.668796616818,0.0,0.0,-0.00010131894071214317,0.00017872298505720223,0.404222561637241,0.4438820312879524,0.016570930553674614,0.01700930939195698,0.05811959369535393,0.059634150915486545,0.02650009751951707,0.027001722159452495,0.052123975128204575,0.052908671492321147,44.39490273003494,43.26261928949055,62.336469092897474,62.46541560352153,False
2.42,35.21748033586456,4.044135960109944,0.20798116654239826,-0.26375384865715973,14.456590917522506,0.533875679585372,0.5955925752902276,-2.70992436954599,0.34138824668521073,0.03689914215291579,0.0,0.2377055938597591,0.24873548347155497,0.9522930080069351,0.8483327957333503,20304.769350853003,17878.19363625791,0.0,0.0,-11.800663387536183,23.429875910752322,0.0,0.0,-1959.376365524128,-2176.128536447072,0.0,0.0,-9.064717248685668e-05,0.00016562037768192954,0.4083880533540767,0.4520374851514428,0.014821397163825644,0.015254826038338129,0.0606215796749277,0.062367395760945056,0.02414219468374562,0.024686780283956326,0.05370127051047341,0.05462779605844072,44.435233700376074,43.18359143500485,62.57646909289748,62.70541560352154,False
2.43,35.35783645894769,4.079054895998598,0.20522546581238593,-0.2871604607440075,14.450330248439577,0.5432414695721883,0.569517202610435,-2.5082342791578753,0.33317342269872074,0.0290282404759887,0.0,0.24252031551587674,0.25510371176999647,0.9089533922652473,0.8112765106571463,19245.53058650712,16477.18341060078,0.0,0.0,-10.923844012548912,22.308834958450543,0.0,0.0,-1866.1728676990085,-2036.2471736170075,0.0,0.0,-8.031957360722816e-05,0.00015421026008756013,0.41263385885855436,0.46010707733617234,0.013533709701906697,0.013965365244156114,0.06335302871197036,0.0653423513203725,0.02196659983838299,0.02254484148978936,0.05550644867455089,0.05658523487817936,44.47275196068106,43.10808148483999,62.81646909289749,62.945415603521546,False
2.44,35.498207445329086,4.113675152962804,0.20224276359731289,-0.3091246086731382,14.4442085998167,0.5577471858620262,0.5453623906068759,-2.3261884204523486,0.3225198166075077,0.021825747511326876,0.0,0.247690939277529,0.2624704315216896,0.8648195240585077,0.7732395605809422,18107.993358943622,14856.505065228295,0.0,0.0,-9.940561421079494,21.031229599460413,0.0,0.0,-1763.7301419222035,-1875.6100543993914,0.0,0.0,-7.064506875087943e-05,0.00014470965167903392,0.4169678692680871,0.46807385480501223,0.012716658684189095,0.013154005599006457,0.06629994523891315,0.06854408340846142,0.02003510947003711,0.020637970412722712,0.0575385163334012,0.05877951613498823,44.50721023162666,43.03653041224778,63.0564690928975,63.185415603521555,False
2.45,35.638591454660066,4.14801677472505,0.19904832497905328,-0.32948758391588556,14.438236664469546,0.577376639689867,0.5229150636960025,-2.1677046570543057,0.30959815444123345,0.015378304621393812,0.0,0.2531428828249757,0.2702508532939809,0.8200146815348209,0.7342219455047381,16908.565778505348,13144.812275324204,0.0,0.0,-8.871169283501462,19.65589266594615,0.0,0.0,-1658.8252166542768,-1696.9213401550935,0.0,0.0,-6.163119332789236e-05,0.00013792532698142626,0.4214016983320738,0.47592118444705794,0.012380980740144116,0.012835540673492784,0.06944706329824027,0.0719556520606623,0.018398800697593885,0.0190183306933894,0.05979346037695586,0.06120617810067764,44.538260508195926,42.969384758756384,63.29646909289751,63.425415603521564,False
2.46,35.77898660897595,4.182101288262071,0.19565854309641342,-0.3481945800990105,14.432417345269723,0.6019625144219038,0.501925017264813,-2.0343058852495726,0.29461399094808477,0.009716298384851238,0.0,0.25954567289014724,0.27781553259374225,0.7745938495948153,0.6942236654285339,15499.95196416761,11480.582829376708,0.0,0.0,-7.8029729193633175,18.283697626156627,0.0,0.0,-1559.1744941489578,-1514.1120843904876,0.0,0.0,-5.3644247409313865e-05,0.00013415269825582736,0.42594000267247495,0.4836414050271405,0.012518749701273833,0.013005168355483198,0.07277823338007608,0.07555945580260978,0.017098120625706575,0.017728129168922198,0.06226464467715667,0.06385812498099681,44.56576391290472,42.90679658436121,63.53646909289752,63.66541560352157,False
2.47,35.9193912909075,4.215950236601872,0.1920897923825897,-0.3652961986418431,14.426748342683576,0.6312009298200916,0.48214979846656153,-1.9246766702630804,0.27776795732150966,0.004895491430257864,0.0,0.2668520477820534,0.28470589732274115,0.7285851643185374,0.6532447203523298,13892.549487948254,9964.70258899695,0.0,0.0,-6.78651401515637,16.990597304061463,0.0,0.0,-1461.7189674647116,-1344.390698296825,0.0,0.0,-4.7066295826821196e-05,0.00013311236437745403,0.4305800351159461,0.4912360052633104,0.013104321954002936,0.013639219940068248,0.07627744858613181,0.07933850866163598,0.016160823787671467,0.01679739218532265,0.06494330806115924,0.06672619255360124,44.58981740431983,42.84862518254709,63.77646909289753,63.90541560352158,False
2.48,36.05980426171066,4.24958405566801,0.18835756771278117,-0.38091533997359145,14.421209485470532,0.6647068992315421,0.46335323480923996,-1.8384991977848832,0.2592555473343275,0.000961670350214803,0.0,0.2745189600206485,0.29067561515584045,0.6820147651989116,0.6112851102761258,12205.82879545733,8651.364665715104,0.0,0.0,-5.855691968546881,15.842471974838688,0.0,0.0,-1364.9395320010062,-1200.7294350829316,0.0,0.0,-4.1999528412647984e-05,0.00013443097275925045,0.43531529739029673,0.49871452786137765,0.014100860029653392,0.014701793431452842,0.07992967977438452,0.08327726070362611,0.015601688168711606,0.016243474553299723,0.06781916726916057,0.06979979425879075,44.61064933764567,42.79449869916162,64.01646909289754,64.14541560352158,False
2.49,36.20022464290983,4.283021184380891,0.1844758179677199,-0.39523621934752634,14.415762292772234,0.7020381356451852,0.4453044180130303,-1.7749104383919942,0.2392685471145465,-0.00207909977563259,0.0,0.28198016904053336,0.2956514693406026,0.6348959367170516,0.5683448351999218,10564.362811082665,7556.676745067431,0.0,0.0,-5.037072838577492,14.891912292094734,0.0,0.0,-1271.8352135668113,-1089.40506663121,0.0,0.0,-3.833310060453073e-05,0.00013781788253623911,0.44013636044188337,0.5060939372995215,0.015462828427349735,0.016147372119704895,0.08372146687450518,0.0873623174438918,0.0154231689722862,0.01607150691644014,0.07088104066011763,0.07306758446821608,44.62858889755457,42.743846659191306,64.25646909289755,64.3854156035216,False
2.5,36.34065187912125,4.316277355667547,0.18045641656162287,-0.4084856642698248,14.410355810792387,0.7427269050852163,0.4277853747267464,-1.7321954371415298,0.21798910018383252,-0.004259741190511927,0.0,0.28882801314212536,0.29967373212030646,0.5872206246318796,0.5244238951237179,9057.837108732423,6671.778933532582,0.0,0.0,-4.344512010566095,14.16857634555367,0.0,0.0,-1186.7531426736025,-1011.2065141825786,0.0,0.0,-3.587319861473838e-05,0.00014303806268067197,0.44503166967656793,0.5133966210317118,0.01713964285463624,0.01792470866512705,0.0876413562036412,0.09158290703736645,0.01561655634200347,0.016275373985376405,0.07411744971774911,0.0765181039897147,44.644033223019456,42.69596123178327,64.49646909289756,64.6254156035216,False
2.51,36.48108569564689,4.349365196020535,0.17630886372940516,-0.42090716467373235,14.40493324229362,0.7863179756825499,0.41059874105488514,-1.70800119453457,0.1955832407460304,-0.005640532986396743,0.0,0.29484315068172795,0.30284353982103973,0.5389604401417797,0.4795222900475138,7734.506850019854,5974.421239371262,0.0,0.0,-3.77802818645407,13.678445502199068,0.0,0.0,-1112.7558678916648,-963.7847359788178,0.0,0.0,-3.442488124348024e-05,0.00014985325826454132,0.44998884129313904,0.5206476094155787,0.01908031926273562,0.01998178112973302,0.09168012978829002,0.09593101026459477,0.0161638322242779,0.01683943121075218,0.07751716162269391,0.08014035129427537,44.65740171946408,42.650076908114755,64.73646909289756,64.86541560352161,False
2.52,36.62152604888883,4.382294155433191,0.17204023812789906,-0.43273855651885346,14.39943712528913,0.8323982643483583,0.3935759519140439,-1.698827285954207,0.17219987247041302,-0.006288787659769955,0.0,0.2999605952765216,0.30528411807980976,0.48996480314624896,0.43364001997130974,6608.6690391652555,5437.494022441855,0.0,0.0,-3.328130929161056,13.410892716202943,0.0,0.0,-1050.9586614662287,-943.6621888153784,0.0,0.0,-3.3830760891320585e-05,0.00015799446729067524,0.4549958468790096,0.5278721611628702,0.02123726599940825,0.02226986249301532,0.0958308183991682,0.10040122997455754,0.017040074168008262,0.017740816273471877,0.08106963619179296,0.0839242340304516,44.66909659249608,42.60543843788465,64.97646909289757,65.10541560352162,False
2.53,36.76197307573131,4.41507067257766,0.16765532576558156,-0.4441992158592262,14.393812536074918,0.8806115724008415,0.3765778682143577,-1.7028033051062001,0.14796837521304007,-0.006273763127780373,0.0,0.3042210237741391,0.3071139857920676,0.439994882578661,0.38677708489510576,5671.374769689397,5034.923125745128,0.0,0.0,-2.981493707459857,13.347164118824868,0.0,0.0,-1000.9207992576685,-947.5450038215967,0.0,0.0,-3.399164490334805e-05,0.00016714913864778006,0.46004168378321264,0.5350942974046584,0.02356829580558387,0.024745720964203907,0.10008856035777343,0.10499053641285234,0.01821596808596612,0.018951918775017475,0.08476535671834222,0.0878608869481483,44.67948096660662,42.56134064659243,65.21646909289758,65.34541560352163,False
2.54,36.902427049766985,4.447698451357054,0.16315683207396858,-0.45548564866673025,14.388008573665353,0.9306612199536565,0.35948362457829924,-1.7176674964152268,0.12299022799099618,-0.005704798730545819,0.0,0.307705874443077,0.30845414156950607,0.38904429701107307,0.33893348481890184,4904.707622523061,4740.088854708669,0.0,0.0,-2.7248915568333043,13.464473977618956,0.0,0.0,-961.8911311968351,-972.2035810649512,0.0,0.0,-3.485315204764689e-05,0.00017706960273726946,0.4651165811572911,0.5423362031079242,0.02603714078109503,0.027372236015779768,0.1044503889914386,0.10969799096465306,0.019660031011897453,0.020442602406101913,0.08859604650856137,0.09194286972847401,44.68887341613406,42.51714810477968,65.45646909289759,65.58541560352164,False
2.55,37.04294898175539,4.480143429552755,0.15861210363695688,-0.4438275452924883,14.40070466341023,0.9659632338852022,0.3421957205025196,-1.741159482687194,0.09735677563110837,-0.004712079629807618,0.0,0.3104975874860197,0.309425038592216,0.3371130464434852,0.2926102816844946,4290.530753075672,4526.491509712487,0.0,8225.738029411192,-3.4359259587059965,-46.71374472303335,0.0,5387.17332188853,-936.1581245420517,-1016.4373956781752,0.0,-4346.934494030446,-4.906892115425376e-05,-0.0006380855383915408,0.4701292667126139,0.34907897335099763,0.029369935542883262,0.030834898793594124,0.10573708490230083,0.1109044149815678,0.021392867154174523,0.022230980011576727,0.09234101303777051,0.09593469041067028,44.6988017952119,42.54883560361201,65.6964690928976,57.4565342536633,False
2.56,37.18393262096465,4.512141071466694,0.15440820040898987,-0.3956468436291122,14.449149330728874,0.9491158528039926,0.3246390523398012,-1.7710948923772636,0.07119470867104566,-0.0036217705958245293,0.0,0.3126008228609144,0.310155353195143,0.287420543553373,0.2660044943191457,3827.818970598836,4365.822297068547,9367.480418257946,14079.01124978795,-5.074642080184764,-72.92494196099805,5828.372726984448,162.24784122061462,-932.816438567611,-1080.861371319294,-4691.506440568055,-7167.32150953691,-7.98316775661574e-05,-0.0010265401677825824,0.2544051710489848,0.0011229679489002094,0.032122055845482035,0.033541455282158225,0.10016936799223301,0.10451046839977776,0.023524906998903587,0.024408453191423318,0.09473117605102745,0.09847548147316258,44.728884500290626,42.7941713591261,56.09758413951569,42.89825506448592,False
2.57,37.32549360775352,4.543203753635976,0.15072521841381706,-0.33260022424839963,14.467622963733577,0.8849203582131128,0.3072250782703339,-1.6572645198043705,0.04500889186960288,-0.0029357509568338526,0.0,0.313924406151028,0.31100003386114716,0.2530550653831939,0.2666426003729472,3536.6306467738405,4179.992550547628,16927.88561569735,13938.627917951624,54.40818483582203,-54.2200252835442,159.2655280335696,20.77175659856879,-940.9228558920519,-1123.4254195955334,-6991.967898858961,-7163.5178180285775,0.0009165358487696129,-0.0007915380205074981,0.0011069161830553305,0.00014397727904848361,0.03296752508048194,0.03418622378591086,0.09033041083818104,0.09361020514687332,0.025454502609598435,0.026363050533990365,0.09490927371202038,0.0986680046509063,44.678418362440404,43.01098512986801,44.67682651479206,43.061334684986996,False
2.58,37.46727110491962,4.573076765676523,0.14779062484463068,-0.25547924236641145,14.461042453810752,0.8079980670634656,0.29172811468007603,-1.4406284084635987,0.020521564410352505,-0.004111446421206575,0.0,0.31432292752502733,0.3130117874588408,0.23432574810313062,0.2587258147000428,3448.955944493991,3737.4067590550308,21048.335417311268,15680.320765990587,60.30316658923629,-47.22073584900006,129.84479833760614,25.550243579779707,-983.2398571322398,-1087.8124587175294,-5998.815659456708,-7117.827378688275,0.0010383353816188217,-0.000758316461583292,0.0010366775184627729,0.00017572381648160685,0.034183459254563536,0.0351503563771426,0.0784790160474808,0.08066275356139936,0.0272382362498377,0.02813509653037179,0.09257140217567,0.09616809984298468,44.47907888816069,43.1769722901449,44.471255403453966,43.22507508236662,False
2.59,37.60917499232479,4.601805852021778,0.14559088324518127,-0.1855925357042045,14.454777455394035,0.7293061758043726,0.278479443303361,-1.2051176173590197,-0.0018605069167970988,-0.006019190393335453,0.0,0.31431189620155203,0.3161308062415942,0.22794616361811096,0.24832191161766126,3451.3828356585564,3051.222626849285,22451.84400401559,17969.179444114525,55.12227427511933,-41.731386005086414,125.98514851843247,30.02820939391793,-1038.7422644870442,-958.3534174698618,-5307.671244742928,-6714.806514609573,0.0009485261250115124,-0.0008004838406371648,0.0011041109420010919,0.00021270141317432023,0.034681069197924116,0.03539124722784675,0.0670150452902173,0.06836673371504315,0.02880879213930267,0.029659102824972132,0.0882253375059527,0.09151663095681653,44.288622314391866,43.32335121768796,44.289876196062295,43.37290617580859,False
2.6,37.751186989624436,4.629475168971488,0.14406121225527366,-0.12095828574833181,14.448963114706043,0.6486511793337869,0.2676949446928213,-0.949284952172471,-0.02185095942967916,-0.007988689235183078,0.0,0.3145907703110237,0.3193668014431763,0.2288568629862733,0.24198373862289538,3390.0305315747837,2339.303682501216,22251.490143019877,19363.57750296302,51.19042075715085,-38.1969504000962,123.9261962917005,32.43628774471384,-1065.9381068695325,-782.8025855163887,-5155.040533384668,-6164.003339771678,0.0008947828982044427,-0.0009316710116207861,0.0010697462127653462,0.00023951678159418605,0.03460411503414008,0.035064490087718225,0.05577154143574402,0.05650312264014518,0.030075603123772006,0.03084978340507297,0.08239132856149192,0.08528264701790657,44.113740449543585,43.45464671700722,44.11778251212481,43.50925400958876,False
2.61,37.89329557875475,4.656148825276631,0.14316361221390084,-0.05882298178239766,14.443721686539217,0.5642168100045105,0.2595188166591828,-0.68594231480945,-0.03922903615431543,-0.009905578207925715,0.0,0.31534245886068535,0.3220610600064901,0.2331209353845719,0.24096498704716135,3224.6590506492266,1746.5667985721823,21313.394215394186,19587.702849624508,48.906100307978605,-36.32732112803664,122.35074425529777,33.246851006740954,-1050.080249046057,-611.8653491648042,-5159.356442597586,-5745.492719172214,0.0008932779565407735,-0.0011625143890431448,0.0009920250867397208,0.00024760283369947657,0.03405326956293603,0.03427292618058356,0.044390794372944624,0.04467334161465055,0.03099523697656573,0.03166770186141218,0.07540426384925711,0.07784156080903891,43.94889579123014,43.57731672382952,43.951447462454034,43.640620323251085,False
2.62,38.03549459232695,4.681873855608727,0.1428800105529254,0.0018113697317416319,14.43910192488623,0.47538983388014455,0.2539536129426706,-0.42921634986781,-0.05390124045898066,-0.011856520673448308,0.0,0.31633972461929843,0.3240797977258037,0.23851384802009865,0.24411944248278702,3005.260583754348,1302.44450032319,20126.9534355783,18893.72265378686,47.02533769320548,-34.815264758844954,120.3744328992363,33.95699501128176,-1003.3453367645237,-469.29819835995625,-5049.396183370876,-5413.3453814864,0.0009143250861541508,-0.00147157083857576,0.0009171761856050037,0.00024672568298089785,0.03306554235252277,0.033058993878338924,0.03274592113847544,0.03273951795677356,0.03154805325154624,0.03209668174841947,0.06746833980858521,0.0694306303511793,43.790520204626645,43.69479587834821,43.79069988204018,43.76993223985441,False
2.63,38.17777942449,4.70669945198431,0.14319109440453204,0.059787856418922466,14.435074676793004,0.3836563940459565,0.2508612979116114,-0.19410105331000624,-0.065907513508621,-0.013968768023106638,0.0,0.317248524850345,0.3255855823295822,0.24455717605749813,0.24982423049738964,2805.324532924105,971.1718874919239,18797.421267350415,17638.669290574282,44.31389607303938,-32.394419867723066,117.16302654540755,35.94010668100584,-948.3471011118173,-354.22317653967855,-4747.899770117119,-4993.6183912131355,0.000916389436474384,-0.0018160480018503938,0.0008487674680753989,0.00025276896550152894,0.03164128607267061,0.031435033503652295,0.021051485234634206,0.020915943381123424,0.031721837958443765,0.032129043406872775,0.058753364415634425,0.0602493933309412,43.63947617240044,43.80608035916068,43.638341177881465,43.895059792285316,False
2.64,38.32014403147759,4.7306935017631115,0.14405917842499058,0.11276765341607062,14.43158465359127,0.2919372018190241,0.24997394490343822,0.01194692587554134,-0.07541910578986888,-0.016306755648151202,0.0,0.31783169611313017,0.3268013139262554,0.25197817994502075,0.25746709594641354,2677.0268551113663,703.7109362238181,17164.80041209544,15957.238891789026,40.09282814534322,-28.254918474913605,112.07617959725627,39.78993734054841,-903.2220329709553,-256.1405422759228,-4249.867606330007,-4386.37782599853,0.0008648434691809804,-0.0021668368695863184,0.000781618818594538,0.0002739732352132022,0.029780869443091842,0.02941566150757824,0.009739270514733589,0.009621277677444827,0.031506468820662006,0.031761264073226984,0.04946272451012796,0.05052900299403319,43.4997037069666,43.9066884069085,43.499506460134825,44.01067087739786,False
2.65,38.46257954832572,4.753950556075012,0.14542027671622454,0.15790584656582,14.428577174101802,0.2040795813057214,0.25100591098961106,0.18961797977161687,-0.08263871800930006,-0.018823644530910143,0.0,0.3180404811662409,0.32784622507013383,0.2604445884001236,0.266454944998371,2631.094143427006,473.83048457055986,15302.190551972817,13979.912100358379,33.86314726714961,-22.179721573792005,104.89048762113593,45.69289322597103,-872.6327080153012,-169.77027783744091,-3540.9142113855855,-3570.4575832675478,0.0007419810918911947,-0.002507361601039025,0.0007210653102640037,0.0003165643169597148,0.02750782701770709,0.02703648526073615,-0.0006356553180399539,-0.000624894895104424,0.03089609299288559,0.03099612412171195,0.039859738978086964,0.04055671057114312,43.377105235971044,43.99040106106177,43.38098711855498,44.11015241587576,False
2.66,38.60507354389112,4.776593543647523,0.14718260720763876,0.19268962823273184,14.425982132805887,0.12398361151172951,0.2536673807222825,0.3376548256275276,-0.08778958454359582,-0.021434111634186383,0.0,0.31795348129994855,0.3287348417741374,0.2691560935556425,0.27574104973178887,2650.2341140113226,278.33480968977085,13385.65941775865,11936.969059006453,25.878125429119162,-14.772299716556935,96.3285787010879,53.04244390462732,-850.9511995912655,-96.78777071270727,-2682.93227888535,-2626.522680691938,0.0005632949126759512,-0.002825160524799639,0.000673058731563524,0.00038343395564363435,0.024880475254937733,0.024361081986776147,-0.00953672391169289,-0.009340066680701425,0.029894328307179537,0.029847128273305438,0.030267718454156944,0.030672751867155193,43.278174731481265,44.05157928588791,43.288765444544076,44.18748207134184,False
2.67,38.74761074391829,4.79876367241141,0.14923576148534878,0.21604253390896275,14.423720952272895,0.0542122056838232,0.2576589649843328,0.45574769195769965,-0.0911193639605808,-0.024020532956354416,0.0,0.317698306698281,0.3294267407552158,0.27741180220803585,0.28441718819776846,2706.372526378189,126.11703385253304,11569.403514232115,10028.218596490944,17.27853805448042,-7.402292726211182,87.68018487510145,60.62309721794459,-828.6878624888719,-41.92662286312805,-1797.2587101865581,-1699.085671593857,0.00036903625765474904,-0.0031093259480222237,0.0006413926546530936,0.0004734050506788954,0.0219891728928971,0.021475029772256893,-0.016655194579345303,-0.016270590199223993,0.0285193921837736,0.028341971198014803,0.02103013297292527,0.021227435821498643,43.20699164163398,44.08792674054048,43.225305943581425,44.23982474563367,False
2.68,38.890175142290936,4.820601790604616,0.15146740512247178,0.22861979900093354,14.42171875393049,-0.004593565335373936,0.2626877077717596,0.5455059444911995,-0.09288293415818902,-0.02645394480439096,0.0,0.31739763955088823,0.329870306023719,0.2847861648402805,0.2919162593682441,2772.519298804592,28.532674781829304,9947.04373513829,8378.4229389863,9.384357652869395,-1.7959769885857557,80.07414298311262,67.34345201433909,-797.5600662841332,-8.922653406333552,-997.7472119719164,-909.0694812124875,0.00019611170930516694,-0.003324399139681282,0.0006279430052570716,0.0005828521690121994,0.018939391404065954,0.01847099365896749,-0.021987721847987893,-0.02145077702215966,0.026806052515575513,0.02652260396568336,0.01244823717397052,0.012518034027304517,43.16333927566742,44.10237705208205,43.18890712474616,44.2683389800409,False
2.69,39.03275214755322,4.842231633699583,0.15377831639722503,0.2322545911882313,14.419906278223332,-0.05330290421132817,0.2684851323868702,0.6101075259901266,-0.09332323707032338,-0.028617477726240032,0.0,0.31713859716270854,0.33003232867320303,0.2911127579003364,0.2980053365434816,2829.5086242041257,0.0,8555.193261925991,7038.825960434051,3.0148531014044933,0.0,74.07421361809662,72.68181217897347,-753.1357481262447,0.0,-349.1005838922354,-307.57871946770655,6.186075433510383e-05,-0.0033622600798992206,0.0006328833136548582,0.0007063343584875484,0.015831486568650844,0.015433727922978886,-0.025758267069304123,-0.025119362504681643,0.02480325442571633,0.024441748319253363,0.0047338469381689105,0.0047439917215886095,43.1433509914652,44.103900056842484,43.175027766428315,44.276903312517625,False
2.7,39.17532977422991,4.863751328327331,0.15609013350267606,0.2291747371514105,14.418222317850237,-0.09347584979998093,0.27481943068757203,0.65357758321629,-0.09265812637986573,-0.03042285764755528,0.0,0.31696313406531423,0.32991334371924635,0.29640160574940183,0.3026992937669815,2868.110505630872,19.064381765805383,7391.6467351316005,6006.155371264071,-1.6309675100509933,-1.1068022223891028,69.73801232100051,76.59207721917102,-695.104447537668,-5.002873060080076,134.4601720721669,115.66037235395052,-3.306069892856074e-05,-0.003064701091408152,0.0006551545888449748,0.0008358025322977452,0.012750001811806305,0.012433804922642002,-0.0282843688125351,-0.02759197743954461,0.02256873725934707,0.022157515575253896,-0.002004145495308768,-0.0020024087793272297,43.141526013843354,44.10463018300965,43.178166892059764,44.270238801566165,False
2.71,39.317898866417735,4.885233320360689,0.15834631190375498,0.22143238571058418,14.416621176689844,-0.12671501778367705,0.2815000739707654,0.6800574748843804,-0.09107405586896701,-0.031816318755820965,0.0,0.3168739683983247,0.32952790428750617,0.30075566998248293,0.3061612436809144,2887.726952368567,103.86105674864643,6433.752603853758,5244.526390198834,-4.785225536256059,-4.563968171690212,66.79012560362386,79.35501193895448,-626.0840681209062,-24.248339131829585,470.4504228629726,400.8813226147789,-9.640861777533837e-05,-0.0023251020166527,0.0006923890119017807,0.0009620228577265461,0.009760037977566317,0.009526034868672206,-0.029873980433981207,-0.029167054507153425,0.02016403956697845,0.019729172937894578,-0.0077455303114067715,-0.007717939305858846,43.152474455667075,44.11401791711993,43.19323102543484,44.25264762000038,False
2.72,39.46045276457293,4.906728506179778,0.1605086981601863,0.21065062013749078,14.415083489138766,-0.15435612025090206,0.28837700092890034,0.6934453403203458,-0.08872560007736807,-0.03277775435760259,0.0,0.3168482077930867,0.32892134797761285,0.3043110394468812,0.3086192154921967,2893.3942855209293,237.3034449251754,5651.571321686139,4703.772591716735,-6.812770527613433,-5.503706822478189,64.88708242534723,81.22912601676056,-549.9541713927865,-48.21051435692597,688.9986998516836,591.7367695149924,-0.00013701710322800957,-0.001232016035174462,0.0007418194164351453,0.001075109959082267,0.006907526243503218,0.006749864291174798,-0.0307769852035514,-0.03008370475981131,0.017649161684230176,0.01721284145464729,-0.012532192250891232,-0.012459326258227535,43.171870266092455,44.13191769798891,43.21620456900491,44.22747097357051,False
2.73,39.60298691721127,4.928271978971536,0.1625532386000915,0.19803120847935682,14.413625268613231,-0.17737254326864849,0.2953366639083234,0.6971177844311848,-0.08573862377143675,-0.03331550100732769,0.0,0.3168519834108838,0.32814690033317184,0.3072023173286456,0.31030892990587755,2892.5636496055727,407.68192670219804,5015.490187697968,4332.035420706942,-8.053995062588195,-1.2640613413357134,63.72113712099196,82.42395735605184,-470.5204994667903,-70.2522519940353,820.8782802860503,722.3892113196447,-0.00016202217088092012,-0.00016560690815751815,0.0008005317010736816,0.0011678438365533177,0.004226961109380673,0.004136189019785828,-0.03117789125890675,-0.03051715250616811,0.015080045292262074,0.014659878327044585,-0.016441975072006728,-0.016316022242711985,43.196577680487366,44.14441520933419,43.24416920106456,44.19728140875745,False
2.74,39.745498411904705,4.949888117945277,0.1644660424430224,0.18441877740144064,14.412266404578858,-0.1964361296269203,0.3022962938683283,0.6938521997270407,-0.0822148091293011,-0.03345857925318448,0.0,0.316851904522973,0.32725528434577317,0.3095475066887321,0.3114407359806805,2892.58100494594,603.8374439299066,4499.548528478942,4083.0380842502923,-8.753555307409904,5.654990902621949,63.076445146078164,83.11237389880644,-390.75932138107544,-85.54918139315426,892.2036939657579,815.103608323895,-0.00017609436668651306,0.0005034763011179173,0.0008658911821898056,0.0012377320947661613,0.0017429815550894664,0.001708095350447601,-0.031205760696099347,-0.03058938513432338,0.012507169729594472,0.01211612694654551,-0.019568601156690592,-0.019390016437247228,43.22443426315715,44.13723280360116,43.27507471835802,44.164029149243,False
2.75,39.88798532540291,4.971594346315543,0.16624023566696888,0.17038669485729316,14.41099983658899,-0.21200355642831936,0.3091979916276326,0.6858552024774851,-0.07823652185551816,-0.033248883354218724,0.0,0.316821869712157,0.32628979982254175,0.3114444867251041,0.31218514073628384,2899.188663325468,816.2440390408187,4082.2129204770995,3919.2690380175586,-9.066002280769995,10.803656859158858,62.816046958164485,83.44076290429116,-312.6045193807381,-91.27456089063183,923.0942111553784,882.7154672175558,-0.0001820075045725572,0.0007166544957539827,0.0009355655112727165,0.0012866376749853133,-0.0005281110702773603,-0.0005183367591525624,-0.030948411628609073,-0.030383152058848218,0.009974766887153742,0.009621541524913464,-0.02200838629384603,-0.021782964436757844,43.25392708103703,44.109180299928035,43.30744336623165,44.12913390950169,False
2.76,40.03044610264972,4.9934036527164665,0.16787368394843122,0.1563232015995762,14.409796908781681,-0.22439286203562403,0.31600337826430236,0.6748388433546136,-0.07387124496429455,-0.03273440488112988,0.0,0.31674572886230035,0.3252846141528555,0.31297286991865625,0.31267062766434983,2915.939650293927,1037.3848863717983,3745.9686178956285,3812.4619138430403,-9.095026578993645,12.679007273571326,62.84446911960543,83.50944037585582,-237.09557475201,-86.34980608453294,928.1289258381069,932.0906047258618,-0.00018165085871190063,0.0006666999657427502,0.0010072802602364372,0.0013185189508535746,-0.002576239797691882,-0.00253245725966465,-0.03046602574270653,-0.029955068558176614,0.007520569214188758,0.00721015137070348,-0.02385262878989149,-0.023589183716466556,43.283958971419025,44.06964116206842,43.3401718052109,44.09360413973475,False
2.77,40.172879243983914,5.015326210969843,0.16936751566854505,0.14250286442145083,14.40863145043767,-0.2338416475750552,0.32268828933215626,0.6616529344754433,-0.06917595217043392,-0.03196189512515814,0.0,0.3166173105814214,0.3242649052016446,0.31419756159057455,0.3130131502417759,2944.1916720872964,1261.7208556381954,3476.5364500736027,3737.1069468093065,-8.916234903288284,12.542000568959702,63.089313386159,83.31157454147402,-164.68473412631766,-71.01940535712353,917.3845661750818,965.6705670155679,-0.0001765508092570554,0.0005463643251732791,0.001078794272385843,0.0013381712423119643,-0.0043954649838352415,-0.004327313192777267,-0.029802059246692065,-0.029346040166988108,0.005176078449217327,0.004910411528560578,-0.02518413542654076,-0.024892782745247345,43.31372790184463,44.02770479918174,43.37243410568763,44.0582231565389,False
2.78,40.31528331374249,5.037370160246552,0.17072540966046382,0.1291885010529968,14.407492223495426,-0.2406194226825399,0.32922638745361255,0.6456551181143225,-0.06421177911075897,-0.03094696668471827,0.0,0.3164468067356614,0.32324113829424034,0.3151694577289335,0.3136855160475222,2981.7025181544977,1486.9495752671291,3262.719299634631,3589.186469545118,-8.518959314035554,11.736138670225559,63.56361311785278,82.36570330572545,-95.50700989350761,-46.45588584201023,897.6899742450336,964.4891590634727,-0.00016678784452190616,0.0004371615109895169,0.0011491168645437605,0.0013699900912940563,-0.00598319520999366,-0.005899026631198969,-0.029000874409953352,-0.028598244758454877,0.0029670942009354453,0.002745730311723403,-0.02607708660340784,-0.025768029763127556,43.34256768265825,43.987558050385275,43.403531187482976,44.02465280526395,False
2.79,40.45765728069487,5.0595408420418275,0.17195417188690953,0.11673833288218956,14.406385022881668,-0.24517012946834407,0.3355971747848516,0.6283338029710863,-0.05903581686976722,-0.02969824321711631,0.0,0.3162614348419566,0.32220823702005796,0.31592570200260117,0.31498521682553954,3022.4843347695464,1714.1878555872513,3096.3455594277457,3303.252298381305,-7.8560749025439875,10.701526115261382,64.3108139140378,80.88428312255171,-29.787053924430904,-14.22297419964504,873.8566669834689,914.520096961782,-0.00015195804926394595,0.0003484915033711326,0.0012177245085654988,0.0014465644518299162,-0.007341138389383848,-0.00724775011280487,-0.028127935398680935,-0.02777478492247793,0.0009141167765793857,0.0007348283045517812,-0.026601868250381838,-0.026284518989157585,43.36965632669665,43.95048772019362,43.43260984956092,43.99518910669943,False
2.8,40.60000078561472,5.081840124047339,0.17306415415521045,0.10547661191917168,14.405318987958335,-0.24797558799412941,0.34178956289412504,0.6099491051077317,-0.05369720828953812,-0.028228783388272057,0.0,0.31608399394436115,0.3211639536969081,0.31649686217190837,0.31672581140593803,3061.52133224055,1943.9301866802239,2970.6903221801626,2920.321490693637,-6.981311477316029,9.522631821445705,65.27720746130106,79.1369790418618,31.892554306314242,24.132756049133782,849.1823325686672,826.6787395955927,-0.0001335043247907231,0.0002756379223225286,0.00128248295014337,0.0015788758975151915,-0.00847652631431088,-0.008379031180427534,-0.027247860997923964,-0.026938542650445443,-0.0009676196951222419,-0.0011082696876700082,-0.02682837339324389,-0.026510739302690305,43.394183080631976,43.917088277334855,43.45883725614788,43.97110561544253,False
2.81,40.74231401218264,5.104267187012121,0.17406831664737094,0.09559640191259,14.404296804313486,-0.24943396685146987,0.3477895037689301,0.5893250974142965,-0.048248078195506194,-0.026543517442794685,0.0,0.3159327121536286,0.32010889897451517,0.3169787865989782,0.31860749545073314,3094.8033262017084,2176.0422256066668,2864.6669482247967,2506.3510008387134,-5.987929930848951,8.27865438867591,66.18840016647846,77.27647613949618,88.78283824768522,67.07114152446006,821.8670779788247,720.1102162025743,-0.0001134130280201991,0.00021581294939040046,0.0013433943480486393,0.0017701242310307805,-0.009401662678463185,-0.009303597459276594,-0.02640671439615375,-0.02613485316445824,-0.002668216181379096,-0.002774355440098743,-0.026823574126310205,-0.026511947616016086,43.415607808995794,43.88770573953154,43.481763912959686,43.95300418868294,False
2.82,40.884597501452625,5.126819367492769,0.174981219152854,0.0872606285188871,14.403317879422923,-0.2499613342150183,0.35356328247822527,0.5649347927323808,-0.04275845043323967,-0.024672497415457108,0.0,0.3158154495949196,0.3190543622240055,0.3179424658153704,0.3203933040873489,3120.6010891176948,2408.04031071879,2652.6575206185175,2113.4731007832465,-4.859863911368607,6.945158085684398,66.36899936925755,75.32896579858432,140.18621617120147,112.98954459991283,762.0033769538791,612.0039367093151,-9.137164967232839e-05,0.00016495042388998466,0.0014437570257630132,0.002018328038934246,-0.010132533744831593,-0.010036011367362799,-0.02564883176740346,-0.025407667626423637,-0.004182924679837866,-0.004258935469087886,-0.026649273048102586,-0.026348167060920625,43.43355220231573,43.86254842529645,43.502882465780054,43.941179284983335,False
2.83,41.026852314862296,5.149491422188496,0.17581941056767286,0.08068482909445591,14.402386506643483,-0.25009476823584853,0.35907911322491415,0.5377768941415844,-0.03729542141374074,-0.022636776328136213,0.0,0.3157306851477792,0.3180205129394746,0.3195712312609355,0.3219508657426708,3139.249267488582,2635.4871533155942,2294.329122594192,1770.8095366124298,-3.590331614285011,5.486319148929959,66.09144655110539,73.33114539861147,185.65828734954445,160.16069221257123,660.5890507069396,513.7484366376495,-6.714726052323403e-05,0.00012002294371945406,0.001641379859635874,0.002317526467063205,-0.01068909443901879,-0.010594904405794407,-0.025031939083286048,-0.024814216320820755,-0.005511843516007797,-0.005562010960535941,-0.026365499098334123,-0.02607767535433983,43.44752330574086,43.84201148132566,43.524208570360024,43.93589223288537,False
2.84,41.169080065081,5.172275538410035,0.17660115294198497,0.0759743053295786,14.401503623243375,-0.250297958579163,0.364309200467069,0.5077322945655738,-0.031920825208033354,-0.02045770543326818,0.0,0.3156792094301702,0.317021456718125,0.32157371934173623,0.32323738649972966,3150.5739253625607,2855.279522012507,1853.7817448180326,1487.7749700594777,-2.2756572994023543,4.002082134426387,65.2928523896989,71.41943683690629,224.98466957413115,206.95827954493228,535.3334627339377,430.64637610644655,-4.2424359702395994e-05,8.145163831979737e-05,0.001976484457871813,0.002660948088239649,-0.011095243921408754,-0.011003154141231682,-0.02459811083220447,-0.024396585886576384,-0.006659786839025015,-0.006688031930645852,-0.026030575990194524,-0.02575716699630827,43.45719846594071,43.82636739157915,43.54724511145866,43.93709976547533,False
2.85,41.31128259556902,5.195162775884543,0.17734492437128868,0.07306754094518611,14.400660784822943,-0.2508662713570474,0.36922330051265706,0.4745633106374709,-0.02669678017858228,-0.018176356706429846,0.0,0.3156561970034167,0.3160734209539131,0.3235894397094051,0.3242607078463396,3155.636659248333,3063.8473901391194,1410.323263930876,1262.6442738052933,-1.0265959735779668,2.6225160927930746,63.68722931120503,69.75915183854687,258.2630694561501,251.90687328195878,408.3706048511893,363.8423793865804,-1.9111312722784206e-05,5.011670382664919e-05,0.0024963114388916164,0.0030397890225718495,-0.011376901169768312,-0.011286067099199906,-0.024361850970876835,-0.02416985516657209,-0.007635938804824287,-0.007645653168227144,-0.02569640188127478,-0.02543716178228842,43.462616106405164,43.815481056743955,43.57416474438362,43.94424752442604,False
2.86,41.453461608339005,5.218144636799998,0.17806787288747333,0.07176903571333551,14.399841797379343,-0.2519348249398422,0.3737903691142781,0.4383779953734474,-0.021683748856245133,-0.015850383435184863,0.0,0.3156468402905064,0.3151997670804198,0.3253607117584892,0.32504658049353585,3157.6951360885996,3256.051242307647,1020.6434131323828,1089.7522914221158,0.07686004483902877,1.4414764905458615,61.02091185574845,68.52108397518153,285.9982595567872,293.643562059484,296.153406671166,312.4863749041863,1.430015910954649e-06,2.6102515793618694e-05,0.003263142064856187,0.003440317258140251,-0.011559850001954584,-0.011469184135127049,-0.02431383435201082,-0.024125598132472344,-0.00845311527910118,-0.008447099596921123,-0.02540417163025135,-0.025157808550403657,43.46413566694034,43.80883844739154,43.60808487522097,43.95622502400741,False
2.87,41.595618404832955,5.241214149454449,0.1787847646171554,0.07180764760809984,14.399027314683332,-0.2535239017763413,0.37798237727303063,0.39965548046812854,-0.01693669267382008,-0.013543865488106883,0.0,0.31563092176163765,0.31442639448245707,0.3267603808411674,0.3256214947334905,3161.1972124397203,3426.1932138594475,712.716214943181,963.271158632093,0.9934079780485843,0.5019969236425212,57.29732138324042,67.87545555542435,309.02641795724173,330.99750780051147,207.17465082568054,275.13198615659417,1.8464680441255436e-05,8.692793146346668e-06,0.004346681999850781,0.0038401931542564193,-0.011668082404550783,-0.01157651360330145,-0.02442962278865956,-0.024240378823438914,-0.009126762464780962,-0.00910724860034853,-0.025182500856992876,-0.024947021727990567,43.46231545165395,43.8057000520752,43.65261177238135,43.971355803103414,False
2.88,41.737753778914836,5.264366380326784,0.17950749514827996,0.07288732168755763,14.398200792817368,-0.2555853578437533,0.38177738546998835,0.3591075093347616,-0.012502019070501198,-0.01131781052094916,0.0,0.31559039850643583,0.31377391657877923,0.3277588066733517,0.3260074444278041,3170.1123285841204,3569.738352668572,493.0625318626247,878.3622258831003,1.7089605613452512,-0.194455212236125,53.14024531795081,67.96345177320363,328.30727503451914,363.14708573684055,143.6228740663329,250.3553315887028,3.168574706031236e-05,-3.248986670016117e-06,0.005794194079894946,0.004206225553899257,-0.011722845501918353,-0.011629463921121422,-0.02467769174411221,-0.024483653569731315,-0.009673887137457496,-0.009642613354380774,-0.02504780487356922,-0.024820821992684237,43.4578006119277,43.80525700093406,43.71044011979228,43.98743671709186,False
2.89,41.87986805255536,5.287598527894812,0.18024501129633155,0.07471768679370579,14.39735611781238,-0.25803480495189635,0.38516109141472604,0.317527730934895,-0.008416034681760831,-0.009223871069925121,0.0,0.31551465573076537,0.31325242715413676,0.3283804074606375,0.3262223505016507,3186.775739231622,3684.4660260899163,356.3103586597505,831.0828896368461,2.2193239198099715,-0.6723810845657803,50.246813287627994,68.83406646453473,344.71878413908166,389.72912708653627,104.08938678060142,236.9212083995078,4.0958029655082436e-05,-1.0930709627033417e-05,0.0075669377785116225,0.004496582145450389,-0.01174236135897152,-0.011646479407752831,-0.02502453801643331,-0.02482284180363824,-0.010112086914026654,-0.010070397199842313,-0.02500600783186143,-0.024784985222381407,43.45126186350208,43.80674264198057,43.780543092254696,44.001929902609994,False
2.9,42.021961234897894,5.310909800709729,0.18100343886185083,0.07702567350057127,14.396506067177736,-0.2607680099871944,0.38812707720620765,0.27568634298497824,-0.004704684504060895,-0.00730133103988726,0.0,0.3154017652707132,0.31286063444294937,0.32867106020383297,0.3262818121088034,3211.611640443105,3770.660422551142,292.366755156751,818.0013360632521,2.5178679571578457,-0.9684230766556372,51.42660410482119,70.37210222701228,358.94466775651875,410.83810892811965,85.75202017425462,233.77278415291948,4.6150084432611277e-05,-1.5432799352909108e-05,0.009451707940179584,0.004669341531782708,-0.01174201360216233,-0.011643179489446367,-0.025436883328034482,-0.02522554745096345,-0.010458785872674776,-0.010407732650236277,-0.025054645798027766,-0.02483708653043776,43.44338599041564,43.8094946417075,43.85433258697216,44.0123903950234,False
2.91,42.164033262059455,5.334301229363978,0.18178626824434935,0.07955744472666322,14.395685672581681,-0.26366630117011486,0.39067626439257697,0.2342754990797266,-0.001384098327172669,-0.005576506779819549,0.0,0.31525673801206416,0.312588235203219,0.3286800832477418,0.3262003917029329,3243.5176373458876,3830.5882552918256,290.3816854968111,835.9138253547627,2.598252107751688,-1.1190584131760042,59.31679917676015,72.27623643328327,371.463530277781,426.9332435001699,85.60676562974108,239.9797071983863,4.72098473475771e-05,-1.759353197752104e-05,0.011013923344478168,0.004695866951966989,-0.011734569172396106,-0.01163255949146487,-0.025882206194816786,-0.025660123452331245,-0.010730688698773973,-0.010671127087113595,-0.025184780932839726,-0.024968368147009735,43.43488467337507,43.812974779391915,43.91363750696271,44.01706698541251,False
2.92,42.30608420150477,5.357775475776393,0.18259456212796818,0.08208273501725924,14.394939958297888,-0.2665972022581108,0.3928160183844419,0.19389079451955035,0.0015384657490570938,-0.004063606614734828,0.0,0.3150885809071872,0.3124195286518616,0.3284530769219307,0.3259921962842832,3280.5122004188147,3867.7036965904467,340.3230771752475,881.716817457695,2.4754029505501984,-1.1477279201287134,73.66378982589025,74.13895522475761,382.596774764626,438.70350258295775,100.93177934524476,254.6844231153792,4.453055185982483e-05,-1.789585968499103e-05,0.011709955760319288,0.004573111518622055,-0.011729874460564452,-0.011624678001425321,-0.026329209911736023,-0.026096143879717735,-0.010943351291649375,-0.010876018797781065,-0.02538258774937646,-0.025165292220902795,43.42646280198451,43.816747117189024,43.93554488065415,44.015414995985715,False
2.93,42.44811423518203,5.381336632484469,0.18342724968621155,0.08440778187912422,14.394293389252134,-0.2694156283177927,0.39455917637369237,0.15503198641891405,0.004063528599417388,-0.002766307170959551,0.0,0.31490759186305917,0.31233672353292596,0.328030605012338,0.3256710424814702,3320.3297901269866,3885.9208227562913,433.26689728564463,952.3706540765553,2.2065162908150944,-1.056809052473147,89.5083167562627,75.61070101857933,392.56418000495813,446.93179680590896,129.32331741102857,277.0516142612302,3.927458631070245e-05,-1.6412121008153128e-05,0.011196444324238627,0.00432711016996186,-0.011733887181287614,-0.0116256828670666,-0.02674919840414504,-0.026505730759986332,-0.011110701380953547,-0.011036279121073087,-0.025630794379798646,-0.025410953911852375,43.41870894718775,43.82041879289768,43.90570627764323,44.00818800307147,False
2.94,42.59012332345412,5.404989987314288,0.18428156484148076,0.08638860445775995,14.393721587023572,-0.2719685525348376,0.39592312608387525,0.11811094113735454,0.006198268813484234,-0.001679577486372708,0.0,0.3147235654494907,0.31232224045850066,0.32744901205317994,0.32525047095457865,3360.815601112048,3889.1070991298593,561.2173483004157,1044.8963899927,1.8778191283402101,-0.8359582814011056,99.65096561426995,76.54360684522234,401.516896065937,452.3816274372729,168.57581328090384,306.22278345872326,3.3070304806616125e-05,-1.2973241526214169e-05,0.009629932205915783,0.004003883119723199,-0.011747916859590096,-0.011637048505545488,-0.027117739195021792,-0.026865145154856582,-0.01124445666316581,-0.011163609927370137,-0.02591016321950703,-0.025686532175009703,43.411964658524596,43.823578684647906,43.83121255704556,43.99698567119849,False
2.95,42.73211074120995,5.428741769900401,0.1851535476813069,0.08792803955682,14.39315777806322,-0.2741024250308424,0.3969289717054719,0.0834604677001907,0.007955443382085682,-0.0007914993720482603,0.0,0.31454494353813894,0.3123599703928663,0.3267414396714616,0.32474373434015114,3400.112421609436,3880.8065135694214,716.8832722784568,1156.3784451667536,1.5520102391101258,-0.48593712146391455,100.5483340328753,77.00642718128218,409.5477758756525,455.7209581915159,216.55931250712229,341.2799357056585,2.7055519061334256e-05,-7.555048904630017e-06,0.007617287451867718,0.0036524210344395596,-0.011769379177190993,-0.011656334140585735,-0.027414907293053906,-0.0271550088779918,-0.011353657544442685,-0.011267057927612715,-0.02620087698257077,-0.02597264653171069,43.40630958123132,43.825792919711205,43.738449406926165,43.983521267608104,False
2.96,42.874074879777936,5.452598936337882,0.18603841568971918,0.08895465146494985,14.392535382954817,-0.27567007178694813,0.3976007819308171,0.051341755014753826,0.009352409716766343,-8.496430727300788e-05,0.0,0.3143786063088644,0.3124357504674178,0.32593841484209546,0.324163802251356,3436.706612049839,3864.134897168091,893.5487347390025,1283.963504701685,1.2312801598775762,-0.03352570817380366,94.96348233757836,77.17601300336231,416.696959082705,457.49175167104187,271.1491230258784,381.2191221553888,2.1264355718826806e-05,-5.231601428779855e-07,0.005790427817978254,0.0033101719928662413,-0.011793993639042759,-0.011679391088738101,-0.02762368345434803,-0.027358753472323572,-0.011444641403260217,-0.011352978110950287,-0.02648345991723206,-0.026250259269420487,43.40171443016526,43.82667270074731,43.654811895102775,43.96906501115541,False
2.97,43.016013479529256,5.476569014684044,0.1869307179296774,0.0894046632325282,14.391823585988535,-0.27653501683597886,0.3979649043073016,0.02195026838268543,0.010410270415521202,0.00046080631590811463,0.0,0.31422995204722176,0.31253736633707985,0.3250680425486634,0.32352338896163446,3469.410549611216,3841.779405842437,1085.0306392940568,1424.8544284404218,0.8832994710571098,0.4808095153035614,88.03198447514163,77.21821556058063,422.96420912811897,458.11710072930515,330.20621215112135,424.9328817954177,1.5129061339348335e-05,7.540280727212872e-06,0.00444233176023129,0.0029982159158180016,-0.011817558174036086,-0.011702142924661638,-0.02772846405451331,-0.027461178160474282,-0.01152147953411292,-0.011425467842964896,-0.02673913144776353,-0.02650102338990285,43.39821384319949,43.82594642696937,43.59306489343743,43.954297273759934,False
2.98,43.157924035873734,5.500659962920916,0.1878243995545051,0.08922249211240996,14.391025376000881,-0.2765744015048423,0.39804933329208253,-0.004579291364108451,0.011153104647552146,0.0008689314962360696,0.0,0.31410304601573147,0.31265434737278225,0.32415599312015436,0.32283496846984566,3497.3298765390805,3816.0435779879085,1285.6815135660438,1576.3069366339578,0.4896700509640543,1.023588408912902,82.66277746818281,77.23921838740831,428.322827451557,457.9223261224204,391.5921249535571,471.20545658694203,8.328613312929196e-06,1.614516419409818e-05,0.0035415973737166874,0.0027245231423930517,-0.011836110922828944,-0.011720742537185278,-0.027715322640389683,-0.027448690325454165,-0.011586519980276225,-0.011486909208801575,-0.02694995493338067,-0.026707428918685373,43.39593599232999,43.82346857042913,43.55197750762975,43.93944609317883,False
2.99,43.2998040689234,5.524879984644749,0.18871293349727306,0.08837088067953558,14.390156321266252,-0.27568238624141667,0.3978831258808949,-0.02816834534432457,0.011607240822275414,0.0011637168906916682,0.0,0.31400076471701477,0.31277774886011256,0.32322541086003825,0.32211072871944385,3519.8317622567542,3788.8952507752406,1490.4096107915875,1735.6396817223563,0.059058999130029,1.5735352991567,79.14123928277847,77.29086898501458,432.7272372251785,457.1512270962218,453.2078127167412,518.7271656230018,9.989178255597338e-07,2.4972122295730967e-05,0.0029442189536016557,0.0024893629783065835,-0.011845344167710867,-0.011730975636542528,-0.027573263747040208,-0.027310500804054737,-0.011640740816287189,-0.01153831940610088,-0.02709914705677665,-0.026853102571086522,43.39502312235041,43.81918307007655,43.52542988608951,43.92448339578636,False
3.0,43.44165121204678,5.54923729923965,0.18958954025178554,0.08683701753507382,14.389230722384418,-0.27377412890925756,0.39749586382080077,-0.04878971789601644,0.011800561891225404,0.001369651174098571,0.0,0.3139249242613385,0.3129000156596596,0.32229680404790445,0.3213624590818087,3536.5166625055335,3761.9965548748955,1694.7031094610243,1900.259002002086,-0.3874772197546161,2.1155575732008667,76.8347324295499,77.38832308636576,436.1154015753865,455.9747722729548,513.0489221676108,566.1283219815077,-6.526841426532554e-06,3.3780309710170696e-05,0.0025309265095793047,0.0022893617553449274,-0.011840386191587277,-0.01172803319361658,-0.02729511950960152,-0.027039481925942997,-0.0116839333159862,-0.01157952874870924,-0.02717156311002868,-0.026923275766230534,43.39556366683023,43.81309198872328,43.508316688694656,43.90927519883943,False
3.01,43.58346322667265,5.573739893996807,0.19044743599660025,0.08463252641086116,14.388258896217456,-0.2707893298637582,0.39691716413983674,-0.06646268132864344,0.011761858497673987,0.0015105320473376303,0.0,0.31387638632485276,0.3130149301610309,0.32138795475697796,0.32060141270341047,3547.1950085323956,3736.7153645732096,1894.649953464853,2067.6892052496996,-0.8290844805899523,2.6360196806973755,75.21380024299144,77.52510856251644,438.41149545979033,454.4970656984689,569.2682755480703,612.026094825035,-1.3928915193967302e-05,4.233581620377482e-05,0.002231120247030165,0.002119864130112036,-0.011816053711044553,-0.01170675744520696,-0.02687780452094203,-0.026632416623741422,-0.011714856637026209,-0.01160932998953451,-0.027154195682358395,-0.02690526393732881,43.397574905448344,43.80524412523017,43.497576295733715,43.89367684885826,False
3.02,43.72523801715905,5.5983952810755735,0.19128006467465267,0.08179082549085007,14.387248504461903,-0.266694619299557,0.39617624043970356,-0.0812477691115157,0.01152024261109342,0.0016087120671786474,0.0,0.31385513770722395,0.31311760393492677,0.3205138749826901,0.3198381899209604,3551.869704410734,3714.1271343161143,2086.9475038081873,2235.5982173887123,-1.2485243636957832,3.12192640426978,73.99675679501145,77.68460745645116,439.5315076308981,452.76174527784735,620.2360660612022,655.0762916791721,-2.0951660499874595e-05,5.0402388110716846e-05,0.0020059586105862625,0.0019761553618062155,-0.011767238635468635,-0.011662024802964405,-0.026322226188714676,-0.0260899233220728,-0.011731433193148157,-0.01162566918280156,-0.027036579220534287,-0.026788853836408777,43.40101111928572,43.79573231824381,43.49146639930574,43.87758442149576,False
3.03,43.86697365929502,5.623210271409288,0.1920813003021234,0.07836397649374795,14.386205804167874,-0.26148459577803235,0.3953015168285854,-0.0932414557197808,0.011104636762380042,0.0016842167481152903,0.0,0.31386030606084386,0.31320451113357034,0.3196867809559818,0.31908270794961546,3550.7326666143535,3695.0075506145286,2268.908189684008,2401.8042510846017,-1.6319018521547721,3.5615690467345322,73.04708592250543,77.84741965715378,439.3923477949435,450.7584317380349,664.5929485064304,694.021624154003,-2.7392793005254813e-05,5.7756826806153376e-05,0.0018329417657779149,0.0018540021569153696,-0.011689242589365767,-0.01158907903443256,-0.025633048597782065,-0.02541624529443743,-0.011730980208690546,-0.011625873613852287,-0.026811073168954088,-0.026566573478712704,43.405775394547135,43.78469037205488,43.488905889151624,43.8609548068766,False
3.04,44.00866843510364,5.648190773150612,0.19284561718151746,0.07441942035847174,14.385136226475087,-0.25518157810803477,0.3943202952013733,-0.10257082449945351,0.01054334290269206,0.0017535265348327836,0.0,0.3138898810525041,0.31327375758540504,0.3189158694346868,0.31834449631632433,3544.2261684491027,3679.773331210894,2438.5087243689063,2564.21081040865,-1.9681804198676618,3.945138246737561,72.29527597854661,77.99494759221295,437.92871351438885,448.4238966456147,701.3036409909203,727.7195341777884,-3.3090212406697005e-05,6.420565092264508e-05,0.0016979576436101601,0.0017498502249790654,-0.011578030747684388,-0.011483786592242086,-0.024818354247603095,-0.024618945259911085,-0.011710454146942382,-0.011606893354171654,-0.026473024840042575,-0.026233846838507966,43.41172976544441,43.77228772827181,43.48913899699141,43.84380843039916,False
3.05,44.15032086686008,5.67334162097562,0.19356822679491603,0.07003657088773776,14.384044590070442,-0.24783420114856533,0.39325847546304427,-0.10938833303143111,0.009863622832997326,0.0018297193243829678,0.0,0.31394077451264996,0.3133250357414696,0.3182074339467901,0.3176326658644986,3533.029607217013,3668.4921368766954,2594.364531706187,2720.813509810307,-2.249003728735038,4.2651161071251735,71.70191232620398,78.11234204850595,435.10151345411674,445.65037845645196,729.6751824290887,755.1859232808091,-3.791575814993905e-05,6.959753961089063e-05,0.0015915805717067653,0.0016608150945759933,-0.011430416106491653,-0.011342825354169793,-0.023889210536883303,-0.02370850951399016,-0.011666689391168316,-0.011565537839458318,-0.026020816586087896,-0.025789038459772994,43.41870428772752,43.75872250284715,43.491583287850325,43.82622145945006,False
3.06,44.291929746306614,5.698666441520299,0.1942451798784286,0.06530326591117562,14.382935174756552,-0.23951500508049856,0.39214032713568275,-0.11386678038303306,0.009091365077885143,0.0019224941694015324,0.0,0.31400925655533835,0.3133592182767683,0.3175653439741473,0.31695553024940626,3517.9635578255675,3660.971979110972,2735.6243256875932,2869.7833451306265,-2.468659714180741,4.516494132319227,71.24221370368171,78.18900440292892,430.8960483411622,442.30219946228374,749.3404055927223,775.6503167134596,-4.1773962982237986e-05,7.383031867990013e-05,0.0015072598432324807,0.0015845513228141624,-0.011244184527592594,-0.011163816881531187,-0.022859152178966,-0.022697869743295674,-0.011596618957162462,-0.011498695389923473,-0.02545580235190985,-0.025233393273252646,43.42650581086777,43.74421351633037,43.49575961621241,43.80831191726654,False
3.07,44.43349415687954,5.7241675586265455,0.1948734326918773,0.060312178719609484,14.3818117491989,-0.23031721290834317,0.3909883101052554,-0.11619452028508205,0.008250820935480064,0.002038238778982535,0.0,0.31409128621073334,0.3133780166942325,0.31699145129931794,0.31632037078640685,3499.9170336386674,3656.8363272688566,2861.880714150057,3009.518426990497,-2.6240293558519814,4.69682705426491,70.89907320246739,78.21807138107965,425.3208572180153,438.2306871904133,760.234383824599,788.5903263679623,-4.4602391307877225e-05,7.685325446005526e-05,0.0014403043868921157,0.0015191433459169116,-0.011018165730157306,-0.010945406755015026,-0.021743603999573424,-0.021601863580962406,-0.011497469178077611,-0.011403527777156282,-0.024782141330736997,-0.0245708790717057,43.43492663626756,43.7289918824947,43.50125660422081,43.79022650921304,False
3.08,44.57501348779273,5.749845940082044,0.19545087781877418,0.05515733717833306,14.380677590251167,-0.220350916314307,0.38982294178730487,-0.11657097196508015,0.007364399857854774,0.0021802454540459054,0.0,0.3141827431870648,0.3133837141008074,0.3164859215177103,0.3157333212997821,3479.7964988457484,3655.582897822376,2973.0972661037326,3138.6693140479415,-2.7144621738240144,4.806148682162751,70.65933704085069,78.19599365142693,418.4068716795071,433.2869809035753,762.5649050457694,793.7462729221744,-4.6371978501332e-05,7.866537943184045e-05,0.001387263900969196,0.0014630269057342123,-0.01075225361438171,-0.01068729549996601,-0.020559274543967488,-0.020436661212633524,-0.011366922773371797,-0.011277634355534622,-0.02400654078255286,-0.023807942922610195,43.443752891013844,43.7132926541507,43.50771205537564,43.77212901481454,False
3.09,44.716487439526084,5.775701185551408,0.19597634127974678,0.04993088866268998,14.379535508782473,-0.20973889565824314,0.3886627075301435,-0.11520246686376659,0.0064525209382122715,0.0023490301970348825,0.0,0.3142795966644229,0.31337895035813595,0.3160475201462173,0.31519932235083764,3458.4887338269655,3656.630921210093,3069.5455678322005,3256.1490828157225,-2.741572379472328,4.846775029634623,70.51173409466253,78.12214553630531,410.20604490422824,427.33300750221184,756.7767758613691,791.1193876829872,-4.708675768348563e-05,7.931067877933225e-05,0.001345536904171337,0.0014149267642504884,-0.010447380539627996,-0.010390223742222635,-0.01932355017719891,-0.019219185377403462,-0.011203246685922234,-0.011119182149686466,-0.023137923961242406,-0.022953196262492027,43.4527723587604,43.69734693936164,43.51480366033899,43.75418999229639,False
3.1,44.857916020819246,5.801731553584316,0.19644954901876419,0.04472022695254919,14.378387886512808,-0.19861229401034863,0.3875240107664153,-0.1122984553209227,0.005533516234011313,0.0025427210030638044,0.0,0.31437803433763645,0.3133665440152879,0.3156738718995447,0.3147221139392273,3436.832445719985,3659.360316636664,3151.748182100167,3361.1349333700023,-2.7089643716525225,4.823018695453309,70.4457566902537,77.99840561114172,400.78910797114077,420.2507478914099,743.5109118097565,780.9565459368357,-4.678265119295044e-05,7.887104381950951e-05,0.0013131157910781209,0.0013738044779465974,-0.010105451600894532,-0.010055916679826431,-0.01805391650115393,-0.017966550225172784,-0.011005382944670733,-0.01092700004945156,-0.02218704179202593,-0.02201704584106465,43.46178151787393,43.681374820302565,43.52224482988368,43.736577811943675,False
3.11,44.999299537716226,5.827934024037828,0.1968710668546804,0.03960557107121803,14.377236723054805,-0.18710634899768366,0.3864211592357101,-0.10806808738327006,0.004623581102643767,0.0027574885696424033,0.0,0.31447456444561994,0.31334934163380573,0.31536170136055264,0.31430425160894426,3415.5958219636163,3663.144840562742,3220.4257006784233,3453.0646460322655,-2.621902541502121,4.7408384127825585,70.45111408256332,77.82870225571581,390.24249165864103,411.9497638436083,723.5600390960442,763.7241403176994,-4.552515007391411e-05,7.745790214696052e-05,0.0012884172741845963,0.0013388140556949949,-0.009729245946754596,-0.009686994090631432,-0.016767429923086528,-0.0166955415082749,-0.010773002559984944,-0.010700636905289215,-0.02116604836823197,-0.0210112890140627,43.470591577146166,43.665579328273395,43.529783198596306,43.71945113395005,False
3.12,45.1406385755591,5.854304391024793,0.19724221874889244,0.03465805742284865,14.376083689758687,-0.17535636136838065,0.3853663834966132,-0.10271717478666352,0.003736766490809667,0.002987997099358456,0.0,0.3145660964097484,0.31333009000858936,0.31510705641552067,0.3139471404218244,3395.4587898553514,3667.3801981103447,3276.447588585456,3531.6291071986307,-2.4869436857014713,4.607448091636288,70.51753567504889,77.61854037600503,378.6646977055759,402.372862406564,697.8232596489937,740.0736245923625,-4.340582273309892e-05,7.520336770580361e-05,0.0012701674356612332,0.0013092645143891577,-0.009322292736061376,-0.009286852869041014,-0.015480257406289041,-0.015422156686749936,-0.010506524018020866,-0.01044038478967829,-0.020088060542084767,-0.019948692163298552,43.47903335484844,43.65014164875367,43.537200307654295,43.70295292272691,False
3.13,45.281933975087156,5.88083738063656,0.1975649887046144,0.02993837673454313,14.374930185994028,-0.16349404739765752,0.3843698839050228,-0.09644553552766115,0.0028850080662781168,0.0032278558209514773,0.0,0.31465000167784385,0.3133113299655525,0.3149055124896847,0.3136510855819239,3376.9996308743566,3671.5074075784537,3320.7872522693738,3596.761171976747,-2.3115517769507274,4.430909538757188,70.63478469837666,77.37453094054254,366.16251226558984,391.49975638267364,667.2617633804751,710.801334290494,-4.053771294626173e-05,7.225162524624124e-05,0.0012573225114361419,0.0012845885390569858,-0.008888729483517642,-0.00885952950358534,-0.014207297107290733,-0.014161218910744119,-0.010207099257632087,-0.010147269954847984,-0.018966720964286324,-0.018842570322556432,43.486960910153215,43.635217650088464,43.544311559248904,43.68720602436435,False
3.14,45.42318680396062,5.907526787200543,0.1978419117799008,0.02549595783236576,14.373777393579795,-0.151644385932134,0.38343990224675567,-0.08944471743839078,0.002078187132611748,0.0034700542768554008,0.0,0.31472415467255893,0.31329531197423294,0.31475235476604346,0.3134153595931744,3360.6859720370385,3675.031365668757,3354.481951470442,3648.620889501635,-2.1037146924377566,4.219731734194027,70.7927909185459,77.10394383247576,352.8474502811939,379.34863039957975,632.8577232298229,676.8052613352733,-3.704980975795225e-05,6.875109357953027e-05,0.0012490135300535776,0.0012643164325955127,-0.008433150346664005,-0.008409549982896117,-0.01296188709635603,-0.012926073795313516,-0.009876571056555117,-0.0098230150480612,-0.017815782027933394,-0.017706384513947192,43.49425390128605,43.620935751373565,43.55096590900606,43.67231026337517,False
3.15,45.564398325098985,5.934365621712141,0.19807595957769467,0.021368672957017595,14.372626325795167,-0.13992303265134187,0.38258281427192165,-0.08189609250893917,0.0013242183864236058,0.0037073668667528016,0.0,0.3147869535537728,0.31328393411434946,0.3146427360974228,0.3132382853899651,3346.8702181699905,3677.534494843122,3378.5980585669818,3687.5772142076767,-1.871580962467453,3.9824968891982415,70.98184015797855,76.8143010690207,338.8327369175806,365.975623287598,595.5779910365727,639.0414110935758,-3.3080885684662345e-05,6.484772741812518e-05,0.0012445071468595438,0.0012480545450519606,-0.007960451412369363,-0.007941774369302794,-0.01175560403188188,-0.011728372771435933,-0.009517406507075363,-0.0094699769266816,-0.016648725489648845,-0.016553370998074458,43.50081870726487,43.60739607362507,43.55704501262618,43.65834095255157,False
3.16,45.70556996320945,5.961346266293065,0.19827042520200983,0.017583015847751668,14.37147786846556,-0.1284343366864694,0.3818032394830823,-0.0739693093726101,0.0006291597485967083,0.003932714814973482,0.0,0.314837321127667,0.3132787024351219,0.3145718094248681,0.3131173339507186,3335.7893519132654,3678.6854642731846,3394.201926529017,3714.1865308419087,-1.6231319399005644,3.7275296801534723,71.19277765762976,76.51302323643074,324.2310074248076,351.4723627868287,556.3437131608493,598.4821550294081,-2.87730871493003e-05,6.067964349073919e-05,0.0012431776141009427,0.001235467438491247,-0.007475679306643463,-0.0074612427375624945,-0.01059814885311572,-0.01057794194477116,-0.009132611724275383,-0.009091064939466873,-0.015478429310760324,-0.015396213799027484,43.50658840556243,43.594670757619305,43.562461714541875,43.645348660322,False
3.17,45.84670327079379,5.988460629022038,0.19842881208544338,0.014154685533098085,14.370332811785373,-0.11726996045823168,0.381104164674818,-0.06582108750464567,-2.6602794957026626e-06,0.0041394766476458575,0.0,0.3148746871597435,0.31328071286662795,0.31453483472244376,0.3130492340129913,3327.5688248564375,3678.243169341854,3402.336361062377,3729.168517141921,-1.3659013369073247,3.4626214428758946,71.41719603083247,76.20713758305745,309.1527727590877,335.9618121325354,516.0064695717302,556.0786184782787,-2.4265705385787777e-05,5.6373110935706134e-05,0.0012444864688088354,0.0012262631480384318,-0.006983888538347312,-0.006973028386843524,-0.009497312541868905,-0.009482731144887043,-0.008725633114769222,-0.008689644810250979,-0.01431688974160023,-0.014246768695888293,43.51152174332099,43.58280528514482,43.567157884426365,43.63336004485254,False
3.18,45.98779989477819,6.015700294193541,0.19855473035598087,0.01108949648076256,14.369191872633902,-0.10650807433778008,0.3804870779037645,-0.057594333399975876,-0.0005685020201686286,0.004321741310536606,0.0,0.31489895424939546,0.31329065290352875,0.31452726156638317,0.3130300908511868,3322.230065133003,3676.0563612236774,3404.0024553957073,3733.3800127389018,-1.1067501799840507,3.194816205580916,71.6475890004926,75.90305187113556,293.70558058705234,319.59278905980386,475.3310579557966,512.7286528305325,-1.96895469913016e-05,5.203983742954253e-05,0.0012479675842827402,0.0012201810155871142,-0.0064900119575621,-0.0064821032559244035,-0.008459011961426585,-0.008448834447913995,-0.008300250464757476,-0.008269433287379814,-0.013175003118806787,-0.013115843600017057,43.515601272817435,43.57182060960081,43.571101685967356,43.62237954349035,False
3.19,46.12886154472729,6.0430566639133625,0.1986518035821654,0.008384529702497796,14.36805570804425,-0.09621307469599512,0.37995210977929395,-0.04941755635095983,-0.0010670647673868485,0.00447450107283703,0.0,0.3149104501254763,0.3133088204846157,0.314544789280778,0.31305551069054505,3319.7009723952165,3672.059493384544,3400.146358228843,3727.7876480800933,-0.8517012313414016,2.930260706049063,71.87746035486626,75.60639403794369,277.9937163204653,302.5335830449048,434.98463126462326,469.2513910831167,-1.5162260809740532e-05,4.777541174535057e-05,0.0012532159414541143,0.0012169816827386768,-0.005998747623831535,-0.005993219372093884,-0.007487383784652465,-0.007480571048739115,-0.007860466817087231,-0.007834388528493944,-0.012062408490960155,-0.012013037075349122,43.51883084182654,43.56171588709212,43.57428441026916,43.612391699407056,False
3.2,46.269889963399706,6.070521087864574,0.19872358787620853,0.006029439247896602,14.366924921134013,-0.0864357575957587,0.37949817919932727,-0.04140455944655703,-0.0014983313289626194,0.004593784187922278,0.0,0.3149098696584698,0.3133351569357053,0.31458340721722095,0.3131207271903972,3319.82867513665,3666.2654741448387,3391.6504122113956,3713.4400181126225,-0.6058331110348725,2.6741163582156595,72.10138408810091,75.32191417927501,262.11824370002154,284.9651208161129,395.5315764423294,426.3688324884979,-1.0784872358313576e-05,4.365872558909801e-05,0.0012598789657403736,0.001216438926076393,-0.005514464294337464,-0.005510809013428693,-0.006584923550128112,-0.006580613981973495,-0.007410399638417368,-0.00738860080566998,-0.010987389221311542,-0.010946633891881384,43.5212326365086,43.55247159918264,43.576717029901474,43.60336391314014,False
3.21,46.41088690019326,6.098084979008537,0.19877350449983713,0.004007833461514729,14.365800061185539,-0.07721387068022063,0.3791231409069838,-0.03365438002589378,-0.0018634102583635042,0.0046767297861524774,0.0,0.3148982100539759,0.3133692905539709,0.31463941808881496,0.3132207264987123,3322.3937881253073,3658.7560781264074,3379.328020460712,3691.440170283298,-0.3732309742074386,2.4305277639784384,72.31501673122975,75.05344252616445,246.17717828006224,267.07411467532785,357.433304414095,384.69439506890564,-6.63964688672622e-06,3.975218515383675e-05,0.001267649622077581,0.0012183330989071239,-0.005041126706255621,-0.005038905128646762,-0.005752656831221749,-0.005750153785146124,-0.006954177174098123,-0.006936187577526674,-0.009956829272438468,-0.00992355407226929,43.52284396949595,43.54405287099078,43.578426634217195,43.59524942313863,False
3.22,46.55185408782738,6.125739913868256,0.19880478635328777,0.002298659317088227,14.364681619694869,-0.06857296210195524,0.37882393250603746,-0.026251452988100988,-0.0021643787032892573,0.004721609560221488,0.0,0.3148767026273692,0.3134105873699653,0.3147094474224312,0.31335036762154267,3327.1254219787747,3649.6707786076377,3363.9215670651447,3662.9191232606163,-0.15698783535852548,2.2026399406242754,72.5150665493696,74.80389506525061,230.26561318630826,249.04657921506703,321.05200516963475,344.72795048975604,-2.789268961282414e-06,3.610252803685453e-05,0.0012762607127503219,0.0012224460097030431,-0.004582240881296523,-0.004581082497079284,-0.004990330208321802,-0.004989084629901708,-0.006495843195451244,-0.006481196324096974,-0.00897621803213355,-0.00894934998945089,43.52371399072405,43.53641281041315,43.579452896826766,43.58799034387466,False
3.23,46.692793222429465,6.153477716834213,0.198820438067664,0.0008775298257555192,14.363570024137655,-0.06052744667252749,0.37859671884119134,-0.01926597002670537,-0.0024041284253184312,0.004727802413000972,0.0,0.31484674430796733,0.3134582057880795,0.31479044214922314,0.31350449522888846,3333.716252247191,3639.194726622518,3346.102727170913,3629.0110496445427,0.040751389103782606,1.9926549702260994,72.6992266955181,74.57531729023347,214.47566450190655,231.0620287701891,286.65739541055996,306.85653614427747,7.227898738537898e-07,3.274207710476183e-05,0.0012854800078082314,0.0012285571194718807,-0.004140818854530488,-0.004140419170417991,-0.004296611009343008,-0.004296201537459401,-0.0060392726056165014,-0.006027517820250565,-0.008049696312211146,-0.008028244739390407,43.523900475506665,43.529495722774634,43.5798447063747,43.58152061978919,False
3.24,46.833705947036634,6.181290528608697,0.19882320888594068,-0.00028205231778290885,14.362465630985653,-0.05308181466616848,0.3784370319183105,-0.012754407961803892,-0.002586217174951029,0.004695729351457656,0.0,0.3148098316331438,0.3135111521275247,0.3148796611601377,0.31367804249597075,3341.8370407083676,3627.5465319445752,3326.4745447697064,3590.8306508864375,0.2187122713855551,1.8019182026390976,72.866080719555,74.36895622885581,198.89616225716162,213.28858074131176,254.43553168161185,271.3597322718567,3.870929025644747e-06,2.9690284262603848e-05,0.0012951059738260321,0.001236440978548611,-0.003719361545169841,-0.0037194769513021106,-0.003669286432331675,-0.003669398843545664,-0.005588099626092603,-0.005578811776510994,-0.007180135513535564,-0.007163204240226756,43.523466815952474,43.52324008704931,43.57965706592559,43.57576878551186,False
3.25,46.974593838398796,6.209170859449159,0.19881557711720863,-0.001207608183396666,14.361368719206265,-0.04623191672960739,0.3783399048058865,-0.006760199831106854,-0.0027147272456624055,0.004626756540859286,0.0,0.31476749951636585,0.3135683345144667,0.31497466035119176,0.3138661221187172,3351.1501063995174,3614.9664068173306,3305.574722737816,3549.4531338822253,0.37638928621543705,1.6310243256422086,73.01498920665253,74.18535126288079,183.61207177383076,195.8790987952831,224.4988582670974,238.41859354227552,6.645363532351312e-06,2.6955440221691117e-05,0.0013049639646839043,0.0012458658475365243,-0.0033198579558108916,-0.003320299051144158,-0.003105454503842266,-0.0031058618894452103,-0.005145659571320878,-0.005138446041236637,-0.006369241836008475,-0.006356035251524345,43.522479310687444,43.517581212247336,43.578948337702556,43.570660454880226,False
3.26,47.11545839687382,6.237111628281927,0.19879974468071648,-0.001926753593240977,14.360279485143096,-0.03996626805096087,0.3782999982185484,-0.0013145232196024833,-0.0027941326843554143,0.004523074620054185,0.0,0.31472126655103017,0.3136286130659189,0.3150732743125526,0.3140641042082823,3361.321358773367,3601.705125497849,3283.8796512384292,3505.8970741778994,0.513929570684489,1.4799343844106225,73.14596596224021,74.02443519596407,168.70368077014825,178.96842354075875,196.89678589435573,208.12702175918977,9.049627242492955e-06,2.4536448951313812e-05,0.0013149028056596021,0.001256593456663139,-0.0029437985116762466,-0.002944422637252005,-0.0026017012008281346,-0.002602245814818802,-0.0047149445615839,-0.0047094498690511705,-0.005617677731928589,-0.0056075016911955764,43.52100481646349,43.51245352339743,43.57777788138177,43.56612049116183,False
3.27,47.25630103913949,6.265106189040642,0.19877764011092294,-0.002466436541743683,14.359198039348014,-0.034267325384928694,0.37831171873335934,0.0035628185922198068,-0.002829176307991447,0.004387562178986578,0.0,0.3146725880811542,0.3136908448176294,0.31517359641250464,0.31426768032881897,3372.0306221460737,3588.0141401215405,3261.808789248982,3461.110327659831,0.6320105086923314,1.3480960102496544,73.25955127742807,73.8856383568744,154.24562480663968,162.67166319704162,171.62623661869307,180.50454030788342,1.1097886425412463e-05,2.2424586334260286e-05,0.001324791745347918,0.0012683798523355988,-0.0025922001276016964,-0.0025929037219870783,-0.002154259847987623,-0.0021548371715621037,-0.004298572946696731,-0.0042944811441651305,-0.004925193453486398,-0.004917452162488787,43.51910879572441,43.50779245412786,43.57620410771042,43.56207483696695,False
3.28,47.397123093406826,6.293148345752169,0.1987509283562171,-0.0028523401933457605,14.358124405643757,-0.02911270095877195,0.3783693278273367,0.007862445746957911,-0.002824757370369453,0.004223640783567152,0.0,0.31462281776081097,0.31375392234857935,0.31527395862316193,0.3144729134678806,3382.9800926215903,3574.137083312546,3239.7291029043786,3415.959037066274,0.7317183626033541,1.2345605317517485,73.35668858898921,73.76799007124363,140.30584500405632,147.0834572761802,148.6417282671933,155.5095601031209,1.281227512178591e-05,2.0605181077253747e-05,0.0013345177736019253,0.0012809772595919254,-0.0022656405059521796,-0.0022663517495554574,-0.0017591505076004084,-0.0017596957600306163,-0.003898771729049114,-0.003895806923380906,-0.0042907624270862275,-0.004284952392370433,43.51685376820346,43.503535946102005,43.57428294629836,43.55845200362511,False
3.29,47.537925796801254,6.321232357962855,0.19872102575277023,-0.003108442901790312,14.357058522457178,-0.02447628712099101,0.37846704114800583,0.011584402756842655,-0.0027858304413313235,0.004035128175771944,0.0,0.31457317786013866,0.3138168055183157,0.3153729120536075,0.31467627419853517,3393.9008707694975,3560.3027859705494,3217.9593482063506,3371.219676322267,0.8144336809449002,1.138092141681516,73.4386094674148,73.67021343340464,126.9445778021504,132.27808431397276,127.86469883376037,133.05238943102438,1.4220412262534069e-05,1.90591721155058e-05,0.0013439833123205214,0.0012941368564307076,-0.001964299205907086,-0.001964971277166017,-0.0014122984488941835,-0.0014127755399504372,-0.0035173708923702325,-0.0035152962439671327,-0.0037127152022214138,-0.003708417231230029,43.51429815321605,43.49962557397327,43.572066707852024,43.5551842358552,False
3.3,47.6787102945777,6.349352938088688,0.19868911867032626,-0.003256721080554047,14.356000246283443,-0.020329274448636036,0.37859911763616394,0.014737131168437929,-0.00271731580469317,0.003826095353538375,0.0,0.3145247381734236,0.31387854614192534,0.31546920881542334,0.3148746636920229,3404.557601846816,3546.7198487764285,3196.7740606068683,3327.573987754969,0.881727641964374,1.0572657551150133,73.50673045982124,73.5908108125649,114.21346914017725,118.3102601078709,109.1918814928628,113.00741656366961,1.53532074523085e-05,1.776451070037265e-05,0.001353104283459476,0.001307612314180713,-0.0016880031623348253,-0.001688608300389343,-0.001109631892125545,-0.0011100246520193324,-0.0031558082638132407,-0.0031544238306989354,-0.003188867786531534,-0.0031857378866288026,43.511495472993715,43.49600732801542,43.56960330716908,43.55220837846283,False
3.31,47.81947764084986,6.377505242202745,0.19865618448820946,-0.0033169771135878757,14.35494935701916,-0.016641053664698965,0.3787599383101125,0.017336432058407958,-0.0026240214518886886,0.003600732216354039,0.0,0.3144784030541324,0.31393830576969706,0.3155617855562354,0.31506542456147985,3414.7513280908793,3533.572730666651,3176.407177628221,3285.6065964744375,0.9352719894269497,0.9905515298177678,73.56256399272148,73.52813882871433,102.15488830719437,105.21646405222896,92.50263188151261,95.22406805212535,1.624301386025257e-05,1.669738732316254e-05,0.00136180854895368,0.001321163912550456,-0.0014362745473639092,-0.0014367990093908775,-0.0008471600659066666,-0.0008474654939835694,-0.0028151433579093137,-0.002814283132084375,-0.0027166412226925078,-0.0027144010886273945,43.50849387619288,43.49263209543882,43.56693580378915,43.549466478050256,False
3.32,47.96022880053582,6.405684855659913,0.19862301374873342,-0.0033067726050981555,14.353905564831507,-0.013379998031041436,0.37894407469256275,0.01940443462725742,-0.0025105765460648,0.0033632254114174874,0.0,0.31443490584700895,0.31399536700920516,0.3156497487641121,0.3152463407584508,3424.3207136580345,3521.0192579748677,3157.055271895338,3245.805033140824,0.9767638751707761,0.9363851683722016,73.60764437131903,73.48047255960617,90.80149374688456,93.01663524691972,77.66518079363736,79.53630492359018,1.6922146650330292e-05,1.5833273805795866e-05,0.001370034703591396,0.0013345629954084786,-0.0012083791359329386,-0.0012088190553947772,-0.0006210332099159464,-0.0006212564394250015,-0.0024960785635713798,-0.0024956070105912006,-0.002293170234868663,-0.0022915978544235703,43.5053359342154,43.4894558861467,43.56410221189725,43.546906155123594,False
3.33,48.10096465225219,6.433887774817881,0.1985902325354463,-0.0032414468365006355,14.352868518201051,-0.010514127875353444,0.3791463470146987,0.020968585277783225,-0.002381376056116247,0.003117650985185729,0.0,0.31439480980755924,0.31404913902669823,0.3157323617699289,0.31541562790681127,3433.141842336971,3509.1894141263924,3138.880410615642,3208.5618605015243,1.0078658097220787,0.8932240531616348,73.64346894100818,73.44605945861211,80.17607803919054,81.71609380160798,64.54183879709657,65.77055555168747,1.7421755436864903e-05,1.5147779461386302e-05,0.0013777311872013858,0.0013475965008589647,-0.0010033736353913586,-0.0010037317294934334,-0.0004275865263448272,-0.00042773719581586827,-0.0021989860283365527,-0.0021987943939118983,-0.0019153996368255764,-0.0019143203949550038,43.50205866054444,43.48643984999272,43.5611355293149,43.54448078149792,False
3.34,48.241685991920406,6.462110385957961,0.19855832432222856,-0.003134201009644104,14.351837812777973,-0.00801166265906713,0.37936187246632785,0.022060669681940023,-0.002240536111398354,0.0028678834785318794,0.0,0.31435851448965635,0.31409915799626764,0.3158090332530285,0.31557191554906905,3441.126812275607,3498.185240821122,3122.0126843337325,3174.1785792048126,1.0301600619196247,0.8595899712195018,73.67145371849846,73.42316388478875,70.29169524020696,71.30756279797464,52.993216758358095,53.75209352605927,1.777101913217409e-05,1.461732727999371e-05,0.0013848556691222673,0.0013600712834663364,-0.0008201507483497792,-0.0008204337864092897,-0.00026337026677480095,-0.0002634600064790264,-0.001923938654020867,-0.0019239412496356303,-0.0015801679294726746,-0.0015794464602015158,43.498693704125216,43.483550131205924,43.558063936507125,43.54214949554509,False
3.35,48.38239353688282,6.490349442350049,0.19852765072634598,-0.002996230392304198,14.350813000714782,-0.005841468623923282,0.3795861038767626,0.022715878481810024,-0.0020918595047782476,0.002617522232182811,0.0,0.31432626653499685,0.3141450833362821,0.3158793069819856,0.31571422280607003,3448.2213623006974,3488.0816660179403,3106.552463963177,3142.8709826645963,1.0451162404732426,0.8340996790223469,73.69290225126387,73.41010330779021,61.15205302432558,61.773189618083464,42.881550448378874,43.30995045148697,1.7996620019568383e-05,1.4219661729513786e-05,0.001391374647566005,0.0013718179523244047,-0.0006574810404343983,-0.0006576979658976021,-0.00012516817405012763,-0.00012520894848417786,-0.0016707437305115277,-0.0016708743584817436,-0.0012842781141287779,-0.001283811040815816,43.495267671065584,43.480757602281884,43.55491111978048,43.53987708452471,False
3.36,48.52308793035726,6.51860204025103,0.19849847076737373,-0.002836888554322857,14.349793600174833,-0.003973411723914633,0.37981485930843883,0.022971925461825037,-0.001938810673139041,0.0023698349136969227,0.0,0.3142981738043435,0.31418669059173204,0.3159428524897708,0.3158419289226713,3454.4017630444346,3478.928069818954,3092.572452250433,3114.7756370123125,1.0540704119194388,0.8154848581790465,73.70898610605754,73.40527722055431,52.752136025456345,53.08648922461219,34.07323093000521,34.280508764239016,1.812244915419851e-05,1.3934203984117277e-05,0.0013972632002630222,0.001382693978194869,-0.0005140509671145892,-0.0005142115604968003,-1.0006418046307612e-05,-1.0009504550251255e-05,-0.0014389778851073187,-0.0014391865157127647,-0.001024556210715369,-0.0010242658299274214,43.49180253379582,43.47803751496831,43.55169667758328,43.53763375973866,False
3.37,48.66376974609003,6.546865594480759,0.1984709583803837,-0.0026638702397673523,14.348779104758021,-0.0023786264239131862,0.3800443431248947,0.02286822529132756,-0.0017844994090570234,0.002127717649616729,0.0,0.31427422183966514,0.3142238617981422,0.31599945638306026,0.3159547400994442,3459.6711952736737,3470.750404408717,3080.119595726746,3089.957178122282,1.0582139264432477,0.802603153816848,73.72073519673343,73.40718964454553,45.07901598238423,45.21415454184856,26.44064772455258,26.509951542631722,1.8169495412754397e-05,1.37422732860341e-05,0.0014025048212553681,0.0013925858747425028,-0.0003884966669097304,-0.0003886106410059014,8.484499590079273e-05,8.486957193706848e-05,-0.0012280221999906044,-0.0012282719715569677,-0.0007978983062836341,-0.0007977272072625195,43.48831609260755,43.47536910058289,43.5484365744529,43.53539484706362,False
3.38,48.80443949309346,6.575137814088157,0.19844521805413978,-0.0024834018582629196,14.347768992628364,-0.001029711191707692,0.38027115915739457,0.02244513628662278,-0.0016316725035471782,0.0018936706500786952,0.0,0.31425429172807207,0.31425657410738317,0.31604901401071955,0.31605265390438825,3464.055819824149,3463.5536963757063,3069.2169176417015,3068.416141034589,1.0585900937746948,0.7944420006726993,73.72903610562949,73.4144659228593,38.1127986538275,38.11769903442342,19.86345095439934,19.855759021441298,1.8155873962998998e-05,1.362719477443272e-05,0.0014070912817993162,0.001401410328284274,-0.00027943334622528476,-0.0002795097750727578,0.00016187657706706444,0.0001619202920050118,-0.0010370965378270294,-0.001037361116074242,-0.0006013071826007167,-0.0006012137505943865,43.48482246061107,43.47273514626653,43.54514361318675,43.53314041280701,False
3.39,48.945097620378654,6.603416678503885,0.19842129856328208,-0.0023004309419983457,14.34676273516935,9.913871979384264e-05,0.3804923166411414,0.02174327209426878,-0.0014827124857817319,0.0016697878449039932,0.0,0.3142381785430058,0.31428488737740523,0.3160915212589175,0.3161359224289187,3467.6007205387305,3457.324776970853,3059.865323038157,3050.0970656378913,1.05609693632706,0.7901168592823353,73.73463660370095,73.42586432486209,31.827656398784146,31.754913200423353,14.229333551675596,14.187439523018718,1.809695523358369e-05,1.357431457591662e-05,0.0014110224606026101,0.0014091142299828946,-0.00018548026118679473,-0.00018552725763930705,0.00022334792427402818,0.00022340379909043315,-0.0008652923046981233,-0.0008655536105687129,-0.00043191969857701986,-0.0004318744229278318,43.481332549166126,43.47012156826222,43.54182790184532,43.53085484283128,False
3.4,49.08574452161453,6.631700414476226,0.198399204838933,-0.0021188080946395204,14.345759805030909,0.0010320511725199271,0.38070522962377934,0.020802884763759428,-0.0013396426096825048,0.00145775880170434,0.0,0.31422560965652646,0.31430893133513393,0.31612706629295645,0.31620501520803745,3470.365875564182,3452.035106270538,3052.0454155495845,3034.8966542317635,1.0514944083470708,0.7888653382767634,73.7381547021764,73.44028287434931,26.192897944676528,26.081129758052413,9.434426669361187,9.386670067691906,1.80055615769589e-05,1.357094243354621e-05,0.0014143060991530965,0.001415673645199492,-0.0001052814441175735,-0.00010530601539083583,0.0002712992333268043,0.0002713617493360423,-0.0007116030621468025,-0.0007118493573169956,-0.00028702615176617234,-0.0002870086452075396,43.47785453644234,43.4675169981842,43.53849729792628,43.528526391368565,False
3.41,49.22638053966103,6.6599874740026985,0.19837890807702493,-0.0019414568859876754,14.344759683465249,0.0017914404901360312,0.380907710566902,0.01966332036634473,-0.0012041372373521023,0.001258881055814354,0.0,0.31421626234099603,0.3143288928218309,0.3161558211228467,0.3162605827734636,3472.422284980876,3447.643579197204,3045.7193529737337,3022.6717898380152,1.0454146748707132,0.7900384923543021,73.7400907482009,73.4567617737221,21.174032193672197,21.05030194314022,5.383391784745722,5.347002833376454,1.7892204976667144e-05,1.3606240804982643e-05,0.001416957450603047,0.0014210918278552572,-3.7522428720548805e-05,-3.753045342301607e-05,0.0003075646778380484,0.00030762962218466644,-0.0005749525696773411,-0.000575176875250164,-0.00016408283035965958,-0.0001640794612382049,43.4743943067514,43.46491239367053,43.53515781726399,43.526146714672294,False
3.42,49.367005970939,6.6882765134008935,0.1983603542206648,-0.0017705287869486004,14.343761866878635,0.0023980059381499747,0.381097958866827,0.0183625471331496,-0.001077536783489641,0.0010740809345627024,0.0,0.31420978020255624,0.31434500352923805,0.3161780329261224,0.3163034215571399,3473.84835543763,3444.0992235676317,3040.832756253076,3013.2472574292215,1.0383742700525302,0.7930903819512529,73.74084128762284,73.47448182612773,16.73378995825144,16.615905919525026,1.9892825354941972,1.973271070431957,1.776534493772718e-05,1.3671077423732929e-05,0.0014189988043513482,0.001425396445816124,1.9056698052697153e-05,1.906041500524963e-05,0.00033378681990019107,0.00033385109984445326,-0.00045421999117618763,-0.000454418806656746,-6.071890911101719e-05,-6.0720950370220815e-05,43.470955852564536,43.4623006808909,43.5318139997772,43.523710403391675,False
3.43,49.50762106961024,6.716566373606205,0.1983434709749304,-0.0016075415849254539,14.342765872552123,0.0028707580000767057,0.3812745450152546,0.01693675503313079,-0.0009608664112836479,0.000903940988996915,0.0,0.31420578810747,0.3143575285375301,0.3161940151137421,0.3163344407161699,3474.726616356599,3441.3437217433875,3037.3166749767365,3006.4230424426264,1.0307871784209404,0.7975667750803228,73.74071364036406,73.49275933138651,12.833075382013993,12.731682336183171,-0.8267612593166592,-0.8191954883600674,1.7631650798091495e-05,1.375785598137436e-05,0.0014204588818903755,0.0014286362216219674,6.565154381566154e-05,6.566317087239634e-05,0.00035143139916881175,0.00035149285065635,-0.0003482621307456712,-0.0003484344162312457,2.5261246329963284e-05,2.5259040977052145e-05,43.467541634651546,43.459676433137524,43.52846922803439,43.521214526114505,False
3.44,49.648226051550516,6.744856061740351,0.1983281735225594,-0.0014535007811420698,14.341771243507214,0.0032270660888843996,0.38143639110491845,0.015420024790625262,-0.0008548577068710377,0.0007487322389440059,0.0,0.31420390537189247,0.31436675587604573,0.3162041381705707,0.31635463131285113,3475.140818183661,3439.313707269942,3035.089602474451,3001.9811111727545,1.022978095243611,0.8030936773314659,73.73994035664593,73.51103802178841,9.431826756182094,9.35223408654333,-3.135935186834249,-3.105458464064923,1.7496257064997777e-05,1.386033707534519e-05,0.0014213721116656196,0.0014308772095644544,0.0001033865626372123,0.00010340311913332598,0.00036180201474970183,0.00036185922085123695,-0.0002559326742130686,-0.00025607905775973746,9.58794100903876e-05,9.58798831908541e-05,43.46415289857912,43.457035587146834,43.525125997718135,43.51865819480531,False
3.45,49.78882109810474,6.773144733960775,0.19831436910976502,-0.001309004272670812,14.340777552512526,0.003482722269748192,0.3815827483612798,0.013844063552125852,-0.00075997260444101,0.0006084495770273014,0.0,0.3142037570833721,0.3143729872473244,0.3162088203393121,0.3163650381578374,3475.173441658138,3437.9428055886406,3034.0595253513457,2999.691605275776,1.0151953115831662,0.8093661997116391,73.73869293132616,73.52887868179877,6.489773928718324,6.433497858775538,-5.002264804731234,-4.95189547198219,1.7363003942062534e-05,1.3973459038693162e-05,0.0014217778007466386,0.0014321989263141291,0.00013331071246491723,0.00013332993992038695,0.0003660543533367264,0.00036610648113982156,-0.0001760985021588955,-0.00017622067558375104,0.0001529876222599829,0.00015299201288964566,43.46078994794068,43.45437519683239,43.52178614146401,43.51604216086224,False
3.46,49.92940635961971,6.801431679575764,0.19830196066534364,-0.0011743311947816628,14.3397844052453,0.003652016441305099,0.38171317234999175,0.012238003749535006,-0.0006764288856752676,0.0004828488498797879,0.0,0.3142049835068833,0.3143765299855488,0.31620851824505897,0.3163667345123675,3474.903628485676,3437.163403179262,3034.1259860870305,2999.318407279149,1.007622834737508,0.8161381205615205,73.73709434473068,73.5459471402891,3.967086140193047,3.9331065726461034,-6.4831392430664145,-6.417113300404254,1.7234658079159557e-05,1.409316586978286e-05,0.0014217192285670317,0.0014326905314961044,0.0001563952312434827,0.00015641546873408033,0.0003652097304402335,0.00036525639021281557,-0.0001076532097024153,-0.00010775347886078543,0.00019827438980605461,0.00019828291658985264,43.45745237624029,43.45169322268802,43.51845100928388,43.51336844830599,False
3.47,50.06998195875274,6.829716306391752,0.19829084960544274,-0.0010495161787948755,14.338791442636849,0.003747819212632418,0.3818274964725382,0.010628261168009866,-0.0006042266337851164,0.0003714843276935297,0.0,0.31420724759879204,0.3143776902626575,0.316203717576782,0.3163607997478273,3474.405528265755,3436.9081422153545,3035.182133107962,3000.6240554779915,1.000391491740907,0.8232123687405383,73.73523016378809,73.56200132374472,1.8249096868828985,1.8106586599626562,-7.629857600382215,-7.55281661521621,1.71131107882953e-05,1.421624730770159e-05,0.0014212426925807485,0.0014324472217265855,0.00017353316725611151,0.00017355323697431266,0.0003601678014381605,0.0003602089287979704,-4.952801915671168e-05,-4.9608978366877385e-05,0.00023327235619418837,0.00023328463256586535,43.45413926040427,43.44898835416333,43.515121609927306,43.51064002832913,False
3.48,50.2105479935585,6.85799812724658,0.1982809379625744,-0.0009344105023556667,14.337798342443833,0.0037816694146719614,0.38192580432033124,0.009038447804835516,-0.000543175082385467,0.00027374547553316844,0.0,0.31421024070897413,0.3143767675090757,0.31619492395251253,0.3163482999778613,3473.747044025695,3437.1111480033433,3037.116730447247,3003.3740048705195,0.9935888743479443,0.8304325524355132,73.733158075473,73.57687801386312,0.025799218663861003,0.027908657119327687,-8.48816854594056,-8.404611509734412,1.6999552640366528e-05,1.4340194250554066e-05,0.0014203965374805867,0.0014315669620533443,0.00018554032877453504,0.00018555943491658662,0.0003517183683275992,0.0003517541282800581,-7.003061127756493e-07,-7.646104062443526e-07,0.00025936694065448277,0.0002593822627167863,43.450849319536864,43.446259861741275,43.51179871817714,43.50786053722449,False
3.49,50.351104540357696,6.886276747674015,0.19827212996211882,-0.0008287317065178851,14.336804820097974,0.003763863796381243,0.3820084014117674,0.007489334794691377,-0.0004929193614211163,0.00018889214243753377,0.0,0.31421368659493953,0.3143740499806305,0.3161826540974898,0.31633027160945953,3472.988949113306,3437.7090042612913,3039.8160985522472,3007.340245918906,0.9872680702674778,0.8376755755407357,73.73091583534742,73.59047986936235,-1.4659502580809567,-1.4511080455369774,-9.098789165149473,-9.012732822123112,1.689462458074136e-05,1.4463071144799655e-05,0.001419230198934517,0.0014301476374987407,0.0001931573519432097,0.00019317499402104517,0.000340552259450755,0.0003405829701351232,3.980002015402357e-05,3.9749807246413034e-05,0.00027780554479667853,0.0002778230841182822,43.44758104285492,43.443507475178734,43.50848295330788,43.505034037717735,False
3.5,50.491651656393145,6.91455185463984,0.19826433315373013,-0.0007321032575228059,14.335810628894757,0.003703546980299716,0.3820757867883773,0.005998860468504431,-0.0004529667050567508,0.00011608747995645059,0.0,0.31421734390329253,0.3143698113778595,0.3161674274602276,0.31630770770414357,3472.1843412756457,3438.641496870909,3043.165958749936,3012.304305088418,0.9814551899151457,0.8448453248368575,73.72852769637329,73.60276316272078,-2.684061396017699,-2.6600050669897897,-9.497893729481609,-9.412691322008166,1.679854655860554e-05,1.4583405783094989e-05,0.0014177932900409115,0.0014282846685819577,0.0001970526215901123,0.00019706852194794366,0.00032727129610729,0.00032729736963936344,7.288603246949483e-05,7.284753405888998e-05,0.00028970700959203826,0.00028972593641507396,43.44433279080648,43.44073128433474,43.50517483384853,43.50216482205571,False
3.51,50.63218938227989,6.942823206287355,0.19825745918955262,-0.000644085766992877,14.334815559587657,0.0036088001950426683,0.38212862489622723,0.0045821784994660615,-0.00042271174872740645,5.442808485560137e-05,0.0,0.3142210072944529,0.31436430840744245,0.3161497583814937,0.31628154699749944,3471.378395220365,3439.8521503626644,3047.0531560713953,3018.0596605501264,0.9761557440225993,0.8518673677552072,73.72600944154806,73.61372656228909,-3.660111980168189,-3.6300197967852883,-9.717566810972128,-9.635841982327651,1.6711225236503866e-05,1.470009602009913e-05,0.0014161347544786591,0.0014260691011540427,0.000197825815519086,0.00019783986004387973,0.00031239738466338313,0.0003124192823770721,9.941094909846723e-05,9.938202799081418e-05,0.0002960710792403494,0.00029609063584059225,43.44110287326744,43.43793165914264,43.50187481347403,43.499257253912845,False
3.52,50.772717744256724,6.971090622629431,0.19825142432654022,-0.0005642011744919917,14.33381943945795,0.0034867276707242663,0.382167718128067,0.0032517410619205054,-0.00040146060343418545,2.971027282447246e-06,0.0,0.3142245073976818,0.314357779166611,0.31613014891685176,0.31625266539364366,3470.6083725100034,3441.288583345582,3051.367238292616,3024.413613398398,0.9713599579506714,0.858684573832988,73.7233721798941,73.62340116980727,-4.423440778487923,-4.390024710447014,-9.78621808637397,-9.709877971433489,1.663234269139623e-05,1.481233229408722e-05,0.0014143021051797532,0.0014235861541657749,0.0001960118774352957,0.00019602406803373,0.000296380788072111,0.00029639898759537334,0.00012016670413278683,0.00012014548571766568,0.0002977876904081364,0.000297807229659244,43.43788960847315,43.43510918552892,43.498583302376524,43.49631564528717,False
3.53,50.91323675624683,6.999353977124982,0.19824614971679877,-0.0004919511589348491,14.332822130931978,0.0033435398855609258,0.3821939803511509,0.00201741197765575,-0.0003884534540179476,-3.924242686662546e-05,0.0,0.3142277097865784,0.31435044222884,0.31610908239593943,0.3162218697294126,3469.90384695276,3442.9027096552013,3056.0018728933283,3031.188659529237,0.9670471267124051,0.8652535567196946,73.72062508301588,73.63184191574818,-5.001110770579991,-4.966568104406125,-9.728958387220706,-9.65925707547586,1.6561428193163015e-05,1.4919534427033557e-05,0.0014123407618298089,0.0014209141896356725,0.00019208525603275035,0.00019209567328450745,0.000279607638851392,0.0002796226107029207,0.00013588369792618795,0.0001358685722086814,0.00029564595648362503,0.00029566495690813244,43.43469136602582,43.432264614397845,43.49530067790789,43.493344164046896,False
3.54,51.05374642173595,7.027613189079208,0.1982415615379584,-0.00042683089422047464,14.331823529817418,0.0031846330962617356,0.3822084116959396,0.0008866049404489927,-0.000382885483848626,-7.316646368417576e-05,0.0,0.3142305131617855,0.3143424963116089,0.3160870177821765,0.31618989358981786,3469.2871044071894,3444.6508114460507,3060.85608792117,3038.223410240074,0.9631891237689502,0.8715418276184733,73.71777724300067,73.63912032328741,-5.4179192817846955,-5.3839381651718,-9.567938151652392,-9.505568308587057,1.649791520268371e-05,1.5021300966980561e-05,0.001410293495069068,0.0014181240566644648,0.00018646427731826764,0.00018647305171630562,0.0002624067584094557,0.0002624189501041319,0.00014723151775045064,0.00014722112764605112,0.0002903427578477677,0.00029036082346049774,43.43150659695814,43.429398821153036,43.49202728769036,43.49034676760632,False
3.55,51.19424673547636,7.055868216809164,0.19823759100519994,-0.00036833911035092797,14.33082356322874,0.0030146647794451736,0.38221207483262526,-0.00013555791558914616,-0.00038392598056146283,-9.97336973146805e-05,0.0,0.314232846919054,0.3143341204133662,0.3160643848762064,0.3161573949502762,3468.773677808121,3446.493509059434,3065.8353272345917,3045.3731109392334,0.9597531770975063,0.8775255516640585,73.71483882494736,73.64531858242898,-5.696445380953494,-5.664245190174313,-9.322650521799584,-9.267846761266876,1.6441185671231933e-05,1.5117369269251766e-05,0.0014081999802691442,0.0014152787549985579,0.00017951554362438581,0.0001795228339116313,0.0002450558467191781,0.0002450656726803162,0.00015482043828144218,0.00015481365950488046,0.00028249088185915914,0.00028250773279462076,43.428333853457964,43.426512773588875,43.488763447806036,43.48732715829507,False
3.56,51.33473768502553,7.0841190515186,0.19823417429769988,-0.00031598527188755155,14.329822187269048,0.002837624763946217,0.3822060729161624,-0.0010460716142497812,-0.0003907355257130342,-0.0001198413469067876,0.0,0.31423466826833657,0.3143254743159488,0.3160415803859525,0.31612495542106755,3468.372980965958,3448.395650491264,3070.8523150904575,3052.509807365141,0.9567040231606916,0.8831878035271774,73.71182167277126,73.65052482626741,-5.857125916145909,-5.827517551759954,-9.010202001187986,-8.96284450269249,1.639060362980383e-05,1.5207584541960824e-05,0.0014060964594481272,0.001412433362127219,0.00017155827585454826,0.00017156425311742218,0.00022778710297532216,0.00022779493884534364,0.00015920353204816295,0.00015919944849168623,0.00027262668149392893,0.0002726421396386454,43.425171800487746,43.423607506334534,43.48550943812625,43.48428875626447,False
3.57,51.47521925212781,7.11236571182874,0.19823125242484774,-0.00026929454615490787,14.328819384531744,0.0026569019515774337,0.38219152933667194,-0.001843862347648713,-0.00040248121519791564,-0.00013434042073002508,0.0,0.3142359590543662,0.3143166993596328,0.3160189648665134,0.31609308087424565,3468.089008039442,3450.326140880787,3075.8277293670612,3059.522207665961,0.9540055413329106,0.8885172280889875,73.70873950812916,73.65482947194315,-5.918352665814939,-5.891807660305196,-8.64555392662088,-8.605264773239563,1.6345539891805724e-05,1.5291876211940162e-05,0.0014040155063966338,0.0014096351699862887,0.0001628685353508708,0.00016287337170248797,0.0002107923330051081,0.00021079851321055028,0.00016087924066794564,0.00016087711803433304,0.0002612172405481924,0.00026123121306553045,43.42201922118016,43.42068410036163,43.48226549634874,43.481234686185005,False
3.58,51.61569141394831,7.140608238914257,0.19822877105150757,-0.0002278111074164908,14.327815161481052,0.0024753466130312553,0.38216956937109886,-0.002529593847314275,-0.0004183498967498318,-0.00014402766528771646,0.0,0.3142367224122208,0.31430791940993896,0.3159968605148226,0.31606220324177375,3467.9210693114314,3452.2577298134315,3080.690686739027,3066.3152868097777,0.9516219618096604,0.8935070214511878,73.70560784086699,73.65832247479507,-5.896584198395012,-5.873304755167587,-8.241738095824397,-8.207965921892939,1.6305389513623972e-05,1.5370240110583746e-05,0.0014019858874438596,0.001406923981822498,0.00015368327853758598,0.0001536871393977932,0.00019422759359097598,0.00019423241124743787,0.00016029427784090822,0.00016029353742287358,0.00024866704710867405,0.00024867950975631097,43.418875017568155,43.41774366636149,43.47903181188407,43.47816777446971,False
3.59,51.756154144167525,7.1688466921964995,0.19822668029670387,-0.00019110021205684665,14.326809545765219,0.0022953283117344105,0.38214130379410355,-0.003105469742795953,-0.00043755944573793226,-0.00014964000483001276,0.0,0.31423697937355155,0.3142992419475619,0.315975549787553,0.3160326832850549,3467.8645378186625,3454.16677153638,3085.3790467383456,3072.8096772879244,0.9495187296095761,0.8981541599278525,73.70244368888737,73.6610913429996,-5.806467105563023,-5.786451848589564,-7.810049793470038,-7.782140667010905,1.6269583470198033e-05,1.544272518415391e-05,0.0014000325085003523,0.0014043325256585437,0.0001442042114091158,0.0001442072505531467,0.00017821741805538097,0.0001782211264926457,0.00015784675417382317,0.00015784694800900374,0.0002353241866344746,0.0002353351680566556,43.415738207917315,43.41478733105727,43.47580852037595,43.47509055426248,False
3.6,51.89660741394548,7.197081145548473,0.19822493451624976,-0.00015874938416470628,14.325802583511154,0.002118789556390835,0.3821078144715858,-0.0035750351958942083,-0.0004593681307381164,-0.0001518511782488268,0.0,0.3142367655211539,0.3142907592248482,0.3159552747964699,0.3160048141494782,3467.9115853461394,3456.032970533394,3089.8395447766256,3078.940887114805,0.9476630957493954,0.9024588153591405,73.69926518450116,73.66321976820495,-5.660962266585056,-5.644064580257936,-7.360221231723964,-7.337475366191882,1.623759579963281e-05,1.5509423616313702e-05,0.0013981764379402497,0.0014018869472940095,0.00013460142228484485,0.0001346037789811436,0.00016285866183693356,0.00016286147718628702,0.0001538894315997244,0.00015389021973847807,0.00022148607236015336,0.00022149564002567874,43.41260792167542,43.411816225737894,43.47259569935205,43.47200527592382,False
3.61,52.037051192764146,7.225311683968735,0.19822349207685921,-0.00013036897051561027,14.324794336643532,0.001947295316732608,0.3820701419290945,-0.0039429807495150486,-0.00048308214606917414,-0.0001512702738378266,0.0,0.3142361277719833,0.3142825494436461,0.3159362374235368,0.3159788255323997,3468.05189016368,3457.8391223978642,3094.027766821902,3084.6583828720695,0.9460244962665262,0.9064239064818783,73.69609112697198,73.66478674054221,-5.471472690656563,-5.4574501188677775,-6.900578115137895,-6.882293125843921,1.6208947288331034e-05,1.5570463450323194e-05,0.0013964349944733828,0.0013996073522602342,0.00012501678034838423,0.00012501857803653358,0.00014822400160923832,0.00014822610602743913,0.00014873303124355992,0.0001487341615100117,0.00020740473459458314,0.00020741298269662966,43.40948339283619,43.408831476484394,43.46939336527653,43.46891392120219,False
3.62,52.17748544915681,7.2535384006836825,0.19822231512703417,-0.00010559225788526157,14.323784880266137,0.0017820785600000891,0.38202927485975546,-0.004214950976906768,-0.0005080614097607701,-0.00014844186575845144,0.0,0.31423512135199094,0.3142746779198349,0.31591860008865885,0.31595488830855456,3468.273302561996,3459.5708576363304,3097.907980495056,3089.924572118,0.9445747693187722,0.910054745900043,73.69294052477919,73.66586603404203,-5.247970260334013,-5.23652457928004,-6.438181692155849,-6.423683798408152,1.6183206584919887e-05,1.5626002973075713e-05,0.0013948218892285266,0.0013975083722732556,0.00011556709463616251,0.00011556844070755373,0.00013436511690704002,0.0001343666621184672,0.00014264953295487748,0.0001426508233302653,0.00019329169249674146,0.00019329873189228333,43.406363952332214,43.405834195709225,43.46620147210651,43.465818219685666,False
3.63,52.31791015133273,7.281761394640028,0.19822136936836537,-8.407529258745877e-05,14.32277430013761,0.001624081980619582,0.3819861415122506,-0.004397360165204248,-0.000533723742450174,-0.00014384746728370265,0.0,0.3142338070106169,0.3142671982091799,0.3159024870959928,0.31593311947276376,3468.5624576642913,3461.216393980421,3101.452838881592,3094.7137159919766,0.9432882513039866,0.9133587517658645,73.6898321581434,73.66652596610066,-4.9991193602701145,-4.989927715450428,-5.9789582969210135,-5.967623225189117,1.615998946736557e-05,1.5676226294640613e-05,0.0013933474117296,0.0013955997372027541,0.00010634703363599928,0.00010634801997389025,0.00012131557929739041,0.00012131669022151519,0.00013587541737054284,0.00013587674095730956,0.0001793224325887282,0.0001793283827024155,43.403249019920985,43.40282547474653,43.46301991133231,43.46271966647582,False
3.64,52.45832526770556,7.309980768351551,0.1982206238297022,-6.5496500600462e-05,14.321762690268661,0.0014739961046038932,0.3819416028787806,-0.004497216921717403,-0.0005595475557205524,-0.00013790803314619012,0.0,0.31423224850865805,0.31426015317725764,0.3158879864801943,0.3159135872755819,3468.905328095232,3462.7663010033225,3104.642974357261,3099.0107993719885,0.942141785052429,0.9163452002524279,73.68678418176938,73.66682935201656,-4.732395926076306,-4.725133904657946,-5.5278180379018895,-5.519083494410019,1.6138956847104635e-05,1.5721339683797282e-05,0.0013920186501667794,0.0013938868383026946,9.743180977829947e-05,9.743251379189541e-05,0.00010909347087493517,0.00010909424917403284,0.0001286148123326545,0.0001286160847479638,0.00016564051804239034,0.00016564550056837014,43.40013809590677,43.39980637732077,43.45984851339903,43.459619540313874,False
3.65,52.59873076733362,7.338196626066222,0.19822005064582904,-4.9556175015443664e-05,14.320750150662699,0.0013322939550443236,0.3818964475857427,-0.004521959256546354,-0.000585073187667522,-0.00013098726491666277,0.0,0.31423051040066285,0.31425357600300413,0.3158751522716492,0.31589631644292554,3469.2877118541755,3464.2132793390947,3107.4665002371803,3102.810382556385,0.9411146658403322,0.9190250029280047,73.68381377992682,73.66683359313625,-4.454200897002768,-4.448558661205219,-5.088763969912891,-5.082135498365684,1.6119811963026077e-05,1.5761568364431623e-05,0.0013908397372512527,0.0013923712724268358,8.887963610152047e-05,8.888012205259858e-05,9.770375123647436e-05,9.77042786715602e-05,0.00012104251486338214,0.00012104368384589754,0.00015236135197999224,0.000152365486167188,43.39703075294436,43.396777933787604,43.45668705035534,43.45651892162154,False
3.66,52.73912662028004,7.366409072222003,0.19821962484174233,-3.597587420552359e-05,14.31973678521722,0.00119926246695273,0.38185138837593247,-0.004479301374557369,-0.0006099030293137367,-0.0001233954977971924,0.0,0.3142286561220603,0.314247491110986,0.3158640070994682,0.3158812933854867,3469.695653146737,3465.551955583086,3109.9184381169966,3106.115455192928,0.940188544831481,0.9214104968369808,73.68093687866873,73.66659085041775,-4.169967414432203,-4.165660110666673,-4.664992803449762,-4.660044685679604,1.610229710689615e-05,1.5797153546721397e-05,0.0013898121138766074,0.001391051360136145,8.073396447150989e-05,8.073428494384664e-05,8.714039003828523e-05,8.714073156231601e-05,0.00011330686781369545,0.00011330790479507387,0.0001395756169112266,0.00013957901619943735,43.39392662809604,43.39374113608597,43.45353523954694,43.45341871009898,False
3.67,52.87951279790041,7.394618210161524,0.1982193241232749,-2.4497757557952844e-05,14.318722699798792,0.0010750308395682845,0.3818070600602839,-0.004377093106553449,-0.0006337005882055637,-0.0001153939732454055,0.0,0.31422674638191483,0.3142419150318257,0.3158545450525738,0.31586847131772317,3470.1157959787397,3466.7786929983513,3112.000088433763,3108.936310100907,0.9393473049486732,0.9235152410380472,73.67816791689339,73.66614826863189,-3.884261388185137,-3.8810350215724063,-4.258987965260496,-4.255360606274954,1.608619013704539e-05,1.5828349573727016e-05,0.0013889348038027955,0.001389922633152766,7.30255161219963e-05,7.302571352527485e-05,7.738828068234646e-05,7.73884872310285e-05,0.00010553247689819934,0.00010553337028114828,0.000127352411170084,0.00012735518094587927,43.39082541525591,43.390696933370705,43.45039274816228,43.45031964165817,False
3.68,53.01988927306528,7.422824141077816,0.1982191286746066,-1.4883874435287513e-05,14.317708000500428,0.0009595960127075826,0.3817640188092965,-0.004223192626099866,-0.0006561886354562082,-0.00010719932837323987,0.0,0.31422483785445904,0.3142368571934498,0.31584673472232444,0.315857775219292,3470.5356720190152,3467.8914174410493,3113.7183610886264,3111.2894517557675,0.938576920203196,0.925353815801578,73.67551967398886,73.66554822631252,-3.6008752666601955,-3.5985091326063023,-3.8726056283238615,-3.87000062717682,1.6071300963595326e-05,1.5855421109722603e-05,0.0013882046934936925,0.001388978288542413,6.577411612284975e-05,6.577422415548241e-05,6.842494952808792e-05,6.842506049204389e-05,9.782275925211758e-05,9.782350914268961e-05,0.00011574210194090906,0.00011574433819634003,43.3877268580139,43.38764622831171,43.447259198439724,43.447222304568236,False
3.69,53.16025602032482,7.451026963165214,0.1982190209630807,-6.915415000395739e-06,14.31669279208651,0.0008528454512363776,0.38172274264915734,-0.004025352836808006,-0.0006771465799866321,-9.898815920481998e-05,0.0,0.31422298215632344,0.3142323206480649,0.3158405223545543,0.3158491065838996,3470.943925608847,3468.889457425728,3115.08508199806,3113.1965515420943,0.9378653059161515,0.926941623172915,73.6730031501882,73.66482859495193,-3.3229150065832496,-3.321221632355213,-3.5071541766322283,-3.505328045079264,1.6057468122105785e-05,1.5878640342350565e-05,0.0013876168121140623,0.0013882096084451697,5.899034380680064e-05,5.8990388827653786e-05,6.022207419872086e-05,6.022211957783485e-05,9.026231904688559e-05,9.02629332044028e-05,0.00010477891325356966,0.0001047807019519403,43.38463074300063,43.38458987405348,43.44413417335521,43.44412715475729,False
3.7,53.30061301602206,7.479226770951316,0.19821898555168296,-3.9192758005069296e-07,14.315677176627004,0.0007545774185418914,0.38168363302493924,-0.003791121576342511,-0.0006964072090991905,-9.090153993954176e-05,0.0,0.31422122509153605,0.3142283027411601,0.31583583504437646,0.3158423479116314,3471.3304798620725,3469.773396944783,3116.116290237183,3114.6834594410943,0.9372021655941227,0.9282946897624893,73.67062749467732,73.66402299701583,-3.0528803542579888,-3.0517037476900772,-3.1634674570369192,-3.1622247249933175,1.6044555519833504e-05,1.589828420963761e-05,0.0013871646074780262,0.0013876063451952908,5.2677011302652964e-05,5.267701358127426e-05,5.27468239632163e-05,5.2746826215975904e-05,8.291914921984859e-05,8.291964000938126e-05,9.448326622826416e-05,9.448468320589748e-05,43.381536893733404,43.38152867182939,43.44101722262447,43.441034530258634,False
3.71,53.44096023836145,7.507423654787781,0.19821900891950112,4.869494537863951e-06,14.314661252319832,0.0006645189161364913,0.38164701729287254,-0.003527755568872577,-0.000713852928132824,-8.304940382647398e-05,0.0,0.31421960614278377,0.31422479572950185,0.3158325839133676,0.31583736691089953,3471.686648587574,3470.5449395095966,3116.8315390591306,3115.7792796021067,0.9365788377169184,0.9294294731229744,73.66839997614042,73.66316105731242,-2.7927386320289416,-2.791951478251139,-2.841972092205712,-2.8411583419476827,1.6032449392677945e-05,1.5914631672851677e-05,0.0013868402144425111,0.001387157072377768,4.6830482218742514e-05,4.6830457048441625e-05,4.5963034753441045e-05,4.596301036208274e-05,7.584666114336333e-05,7.584704330008172e-05,8.486388788019599e-05,8.486499913875878e-05,43.378445164968404,43.378463369221485,43.43790786887099,43.43794466481553,False
3.72,53.58129766743854,7.5356177004794125,0.19821907929045934,9.035054315783566e-06,14.313645112497541,0.0005823414622987832,0.38161315200535706,-0.003242147867612075,-0.0007294116241155866,-7.551471274646413e-05,0.0,0.3142181581849787,0.3142217873551784,0.3158306672155675,0.3158340203852064,3472.005199304684,3471.2067818607516,3117.2532125751495,3116.515515254592,0.9359881451532237,0.9303626742325445,73.66632599025853,73.6622686455105,-2.543992279126935,-2.5434925804130213,-2.542749080006598,-2.5422442842311543,1.6021055499245507e-05,1.592796107692481e-05,0.0013866347128487359,0.001386849502821353,4.144184226136521e-05,4.144180093031453e-05,3.983223105653978e-05,3.983219183365438e-05,6.908554619921771e-05,6.908583523911162e-05,7.591970395361962e-05,7.592056622245115e-05,43.37535543755461,43.375394659049576,43.4348056138287,43.434857700670726,False
3.73,53.72162528523642,7.563808989032743,0.1982191864705922,1.2255117094102002e-05,14.312628844812387,0.0005076748779820551,0.38158222685580023,-0.00294076836351547,-0.0007430522693578635,-6.835736188499449e-05,0.0,0.3142169073957046,0.31421926138239686,0.3158299733258744,0.31583215778800944,3472.2803729449856,3471.7624958726933,3117.40586830763,3116.925286637927,0.9354242482355087,0.9311110584376703,73.6644090988669,73.66136810949833,-2.3077404317319714,-2.3074479565699915,-2.2655898796357428,-2.265302282763313,1.6010296548069833e-05,1.593854763784022e-05,0.0013865383726461287,0.00138667077479189,3.649793320873069e-05,3.649788383191023e-05,3.431450665349525e-05,3.431446081819051e-05,6.266547484242735e-05,6.266568597843063e-05,6.764153053171823e-05,6.764219200269952e-05,43.37226761377899,43.37232317886626,43.43170994446642,43.43177370057103,False
3.74,53.86194307559429,7.591997596506926,0.1982193216940879,1.4665097577936704e-05,14.311612530591777,0.00044011924309426384,0.38155436915534147,-0.0026296167948205774,-0.0007547803711070566,-6.161778284220602e-05,0.0,0.31421587333649775,0.3142171981030494,0.315830383571687,0.3158316244361183,3472.5078659704977,3472.2164173291403,3117.315614228858,3117.0426240539805,0.9348825029928143,0.931691287153049,73.66265109608078,73.66047850106148,-2.084734848238175,-2.08458764650718,-2.010047177935778,-2.009907853859084,1.6000109861221695e-05,1.5946661095666735e-05,0.0013865408842982023,0.0013866077077982577,3.198226122887887e-05,3.198220944884995e-05,2.9369275914458462e-05,2.9369228966806364e-05,5.6606639927271e-05,5.660678737282055e-05,6.001357854420125e-05,6.001407970240492e-05,43.36918161318819,43.369249511025366,43.42862033893707,43.42869265901492,False
3.75,54.002251024152784,7.620183593951395,0.19821947747828486,1.638636254684695e-05,14.31059624435472,0.0003792551806736637,0.38152964871977907,-0.002314187574328161,-0.0007646333629800039,-5.5320223141588403e-05,0.0,0.3142150691790075,0.31421557481616447,0.3158317748758665,0.315832264378303,3472.684780618356,3472.5735404438205,3117.0095273093734,3116.9018367733493,0.9343593244530619,0.932119762679783,73.66105209693185,73.65961579535957,-1.8754304964722552,-1.8753816487346655,-1.7754805353802783,-1.7754386752333697,1.599044525023387e-05,1.5952563573068762e-05,0.001386631572967177,0.0013866470294629303,2.787579005608047e-05,2.787573962378807e-05,2.4955907079878997e-05,2.4955862501692094e-05,5.092115190781548e-05,5.092124847077775e-05,5.301478474578976e-05,5.301515923719658e-05,43.36609736886985,43.36617418328484,43.425536272270605,43.425614512766124,False
3.76,54.14254911828062,7.648367047416177,0.19821964748774878,1.752714317619514e-05,14.309580053478502,0.00032465262045019055,0.38150808305234546,-0.0019994456561853594,-0.0007726760231483242,-4.947569241677174e-05,0.0,0.3142145020507516,0.3142143662853331,0.3158340221861091,0.315833922921215,3472.8095488346567,3472.8394172267185,3116.515119055997,3116.5369573327075,0.9338520560253084,0.9324124876447011,73.65961064450643,73.65879310636058,-1.6800311231450533,-1.68004582249962,-1.5610971254975323,-1.561116052180719,1.598126309949342e-05,1.5956507664374932e-05,0.0013867995953263934,0.0013867755749190787,2.415762904289999e-05,2.415758229143543e-05,2.1034248633145145e-05,2.1034208441532493e-05,4.5614294082757916e-05,4.5614350971194735e-05,4.6619982242770574e-05,4.6620257735678534e-05,43.36301482417511,43.363097669898025,43.42245722174274,43.42253915065012,False
3.77,54.28283734698649,7.676548018022283,0.19821982640749264,1.8183450119915748e-05,14.30856401800395,0.0002758781868077606,0.3814896427161402,-0.0016898125903801135,-0.0007789959933952875,-4.408457568648823e-05,0.0,0.3142141734763129,0.3142135451771349,0.3158370006725129,0.31583644881934614,3472.881835211161,3473.0200610303255,3115.8598520471623,3115.981259743853,0.933358844709495,0.9325849405055335,73.65832383201776,73.658020899747,-1.4985301244226528,-1.4985831371054892,-1.3659878001353536,-1.3660416682928294,1.59725326315176e-05,1.5958734779188766e-05,0.0013870341181640884,0.0013869804601580322,2.080562559634806e-05,2.0805583821231686e-05,1.7565059493784626e-05,1.7565024671758945e-05,4.068564638652907e-05,4.0685673163876835e-05,4.080092318003507e-05,4.0801122189522035e-05,43.35993392986242,43.3600203931425,43.419382671864646,43.419466422644255,False
3.78,54.42311570081982,7.704726562080881,0.1982200098253311,1.8439984069561225e-05,14.307548190566896,0.00023250134927522043,0.38147425679883457,-0.0013891618598436675,-0.0007836994623868673,-3.913892222420351e-05,0.0,0.3142140798913141,0.3142130824825422,0.31584058768137785,0.31583969613966145,3472.9024239108985,3473.1218538407184,3115.0707100968766,3115.266849274484,0.9328785230915658,0.9326519678929761,73.65718743662482,73.65730720456241,-1.3307470318410854,-1.33082054531999,-1.1891587327399111,-1.1892298497610074,1.5964230350490217e-05,1.5959473752869797e-05,0.0013873244782261064,0.0013872492307160568,1.7796870994092805e-05,1.7796834753472617e-05,1.451035332585869e-05,1.4510324151758271e-05,3.613008638171337e-05,3.6130091022668327e-05,3.552716574887183e-05,3.5527306404001123e-05,43.35685464164238,43.35694272523217,43.416312118949534,43.41639614826767,False
3.79,54.56338417176363,7.73290273125133,0.19822019412328734,1.83710343966494e-05,14.306532616443087,0.0001940994664187197,0.38146181838149595,-0.0011008225605485397,-0.0007869070659752026,-3.46244247736359e-05,0.0,0.31421421320824894,0.3142129479223087,0.3158446644390321,0.3158435258147712,3472.873094185237,3473.151457092091,3114.173823412945,3114.4243207503373,0.9324104976147181,0.9326276941176237,73.65619606186159,73.65665782436234,-1.1763599209885396,-1.176441763031768,-1.0295589102833027,-1.0296356021426118,1.595633863684157e-05,1.5958939728522908e-05,0.0013876603230015584,0.0013875699870535302,1.5108128065626622e-05,1.5108097413082598e-05,1.1833666764942314e-05,1.183364305979166e-05,3.193867611979707e-05,3.1938665129682707e-05,3.076683722134309e-05,3.0766933962972305e-05,43.35377691810147,43.35386499055644,43.41324507522265,43.41332812427379,False
3.8,54.70364275312233,7.761076572729274,0.19822037637789605,1.804135868369573e-05,14.305517333693508,0.00016026184644510943,0.3814521899328819,-0.000827590467707005,-0.0007887500472257249,-3.052210845451902e-05,0.0,0.31421456141517623,0.3142131103364919,0.31584911750466277,0.315847806901129,3472.7964886612326,3473.115725971784,3113.1941489741944,3113.4824817516205,0.9319546442290346,0.9325254477606498,73.65534328612861,73.65607654776097,-1.0349340421796194,-1.035016238748386,-0.8861037598698644,-0.8861787021500864,1.5948844494944484e-05,1.5957333308058186e-05,0.0013880317324047784,0.0013879314879480693,1.2716188716011712e-05,1.2716163377605649e-05,9.50026082510645e-06,9.500242134414794e-06,2.8099443438684145e-05,2.8099422008521024e-05,2.648728424933523e-05,2.6487348452679233e-05,43.35070071898245,43.350787468189516,43.41018107245038,43.41026213164677,False
3.81,54.84389143940696,7.789248129457172,0.19822055426917823,1.7507036418176275e-05,14.304502373397153,0.00013059294002657347,0.3814452085601378,-0.0005717455294922868,-0.0007893667092511546,-2.6809751852487295e-05,0.0,0.3142151091903017,0.3142135380575343,0.3158538399757185,0.31585241756079513,3472.675978133627,3473.021627342452,3112.1552053419387,3112.468136625075,0.9315112111890528,0.9323577050296781,73.65462181459397,73.65556535821979,-0.9059469632017007,-0.9060245947048728,-0.7576952072457719,-0.757764143926803,1.5941738435013154e-05,1.595483996578272e-05,0.0013884293215291892,0.0013883232332197837,1.0598168768404448e-05,1.0598148274373903e-05,7.477264162971007e-06,7.477249886962805e-06,2.459806608083011e-05,2.4598038257963028e-05,2.2655621178310144e-05,2.2655661699097648e-05,43.34762600379751,43.34771039461438,43.40711966507325,43.407197941904315,False
3.82,54.98413022622004,7.817417440350646,0.19822072599799845,1.681629081173573e-05,14.30348775995843,0.00010471477290063587,0.3814406910563723,-0.00033507484192651016,-0.0007888991849444389,-2.3463064700405236e-05,0.0,0.31421583851754215,0.3142141992657536,0.31585873245342194,0.31585724578685237,3472.5155261407313,3472.8761615342087,3111.078860247176,3111.405926892482,0.9310807295001854,0.9321360489798682,73.65402363201511,73.65512464201582,-0.7888105043839206,-0.788880816845679,-0.6432384708249133,-0.6432992493067553,1.593501348468716e-05,1.595162970804482e-05,0.0013888443248629356,0.0013887355271004832,8.731747107254527e-06,8.731730887432182e-06,5.733766259556216e-06,5.733755743510987e-06,2.141846676494203e-05,2.1418435625137807e-05,1.9239186613811575e-05,1.92392102602313e-05,43.34455273074947,43.34463396660717,43.40406043283544,43.40413532271091,False
3.83,55.1243591101418,7.845584540535,0.1982208902114582,1.6010273550115862e-05,14.302473511476686,8.226871777192037e-05,0.3814384386949313,-0.0001189001830155461,-0.0007874905394042684,-2.0456647436895354e-05,0.0,0.3142167292902194,0.3142150623256797,0.3158637037792813,0.31586218989364223,3472.3195561517405,3472.6862883504705,3109.985168558117,3110.3182233987127,0.9306639314051902,0.9318711436671918,73.65354015435818,73.65475339318904,-0.6828897358577457,-0.682951464226719,-0.5416558962611236,-0.5417077550220948,1.592866432578037e-05,1.5947856961942263e-05,0.0013892686625602132,0.0013891595235768952,7.095355617460637e-06,7.0953430681904406e-06,4.24086794429263e-06,4.240860538584897e-06,1.854332704261974e-05,1.8543294854264714e-05,1.6205917942534665e-05,1.620592987743992e-05,43.34148085593547,43.3415583442311,43.40100298291122,43.401074042809306,False
3.84,55.26457808861942,7.873749461587055,0.1982210459359341,1.5123808227072155e-05,14.301459640165934,6.291669702791907e-05,0.3814382417292483,7.589078082939399e-05,-0.0007852822132960031,-1.7764757960685814e-05,0.0,0.31421775989204503,0.31421609610141704,0.3158686715562411,0.31586715879365485,3472.0928237500957,3472.4588576882543,3108.892257626962,3109.2250653959372,0.9302616767951268,0.9315727221563871,73.65316237700625,73.6544494137963,-0.5875192960064998,-0.5875721598568037,-0.4518981332130774,-0.4519411873094689,1.59226865448404e-05,1.5943660673733654e-05,0.0013896949895435488,0.0013895872550570361,5.66832593758029e-06,5.668316466656632e-06,2.9716960398718468e-06,2.971691137464182e-06,1.595452743168444e-05,1.5954495806301587e-05,1.352465295132463e-05,1.3524657030578152e-05,43.338410332806596,43.338483653892624,43.3979469515363,43.39801387628304,False
3.85,55.404787159860454,7.901912231778313,0.19822119251732948,1.4186089207714825e-05,14.300446152813269,4.634189986352701e-05,0.381439883565801,0.0002488104592054877,-0.0007824118086233472,-1.5361910261536476e-05,0.0,0.31421890774647027,0.31421727024908913,0.31587356247027354,0.3158720720832078,3471.8402957765447,3472.2005452003946,3107.8162565398247,3108.144141694292,0.9298748879801577,0.931249586963775,73.65288101763969,73.65420950806161,-0.50201727876918,-0.5020616149956827,-0.37295294818464597,-0.3729878266435361,1.591707599733757e-05,1.5939164591863902e-05,0.0013901167283824581,0.0013900116457452709,4.430998578191352e-06,4.430991633204038e-06,1.901388263112033e-06,1.901385320668274e-06,1.3633520950409833e-05,1.3633490976381912e-05,1.116536711086931e-05,1.1165366164459148e-05,43.33534111185643,43.33540999141618,43.39489200515816,43.39495460616758,False
3.86,55.54498632273151,7.930072876316106,0.19822132956808175,1.3221333658215724e-05,14.29943305126535,3.22490896659974e-05,0.38144314458589,0.00039973526497834734,-0.0007790112124202096,-1.3223328457587035e-05,0.0,0.31422014982730223,0.314218555484446,0.31587831242982467,0.31587685995901016,3471.5670379935127,3471.9177934218847,3106.771265438576,3107.0908090177686,0.9295044927522118,0.93090962162005,73.65268665210556,73.65402966845983,-0.4256969256898595,-0.4257334277373231,-0.3038519557658762,-0.3038795532648683,1.591182827834521e-05,1.5934477711484896e-05,0.001390528087043528,0.0013904265111301917,3.3647995013519216e-06,3.364794585798647e-06,1.0070538853644596e-06,1.0070524328065982e-06,1.1561646789712446e-05,1.1561619148017857e-05,9.099354501498388e-06,9.099350564306105e-06,43.33227314051137,43.332337425098835,43.391837841126254,43.39189602743388,False
3.87,55.68517557666294,7.958231417580005,0.19822145692045062,1.2249385430934535e-05,14.298420332932963,2.0364570013149688e-05,0.3814478055995932,0.0005288682395357013,-0.0007752050487104393,-1.1325278244504452e-05,0.0,0.31422146312517124,0.314219923823846,0.31588286654163444,0.3158814629873945,3471.2781124623302,3471.6167587538826,3105.7693608404256,3106.078142773213,0.929151375575589,0.9305598119171582,73.65256984143483,73.65390525202173,-0.35787634642004856,-0.35790588458802497,-0.24367553592809968,-0.2436968486699971,1.5906938292444694e-05,1.5929694855472768e-05,0.0013909240627269955,0.001390826545018644,2.4522888154486623e-06,2.4522854960864123e-06,2.6771504474940085e-07,2.677146869634146e-07,9.720390460445445e-06,9.720365522542698e-06,7.299359762580758e-06,7.299354261575617e-06,43.32920636319532,43.329265998710376,43.388784187947806,43.388837949373205,False
3.88,55.82535492156014,7.9863878753513315,0.19822157458560152,1.1286270374996114e-05,14.2974079913045,1.0435870444067735e-05,0.3814536509222956,0.0006367010500122227,-0.0007711094447143054,-9.645295984838574e-06,0.0,0.3142228250659867,0.3142213487970558,0.31588717894208124,0.31588583174742574,3470.9784854829295,3471.3032646477227,3104.8206327421312,3105.117015566341,0.9288163369507643,0.9302062754913315,73.65252124900894,73.6538311457406,-0.29788647883206015,-0.2979099809251589,-0.19155618795890697,-0.19157221017746875,1.5902399920554112e-05,1.59248973686654e-05,0.0013913004331186627,0.0013912072955748177,1.6771858131677349e-06,1.6771837213148616e-06,-3.357669810465581e-07,-3.3576656756565467e-07,8.091596346002101e-06,8.091574254869774e-06,5.739667851096694e-06,5.739661755375273e-06,43.326140721541876,43.32619573440904,43.38573080514048,43.3857801974179,False
3.89,55.96552435772171,8.014542267034084,0.19822168271800128,1.0344703432153414e-05,14.296396016460141,2.231206323477794e-06,0.3814604710706206,0.0007239759683239594,-0.0007668310936815796,-8.162333739072328e-06,0.0,0.31422421387892746,0.31422280563062316,0.315891212503419,0.31588992636831537,3470.672946635962,3470.9827612629083,3103.933249247822,3104.216198970623,0.9285000604813897,0.9298542984234391,73.65253174652229,73.65380191924413,-0.2450774870550148,-0.24509586290113036,-0.14668055286430617,-0.14669221589879125,1.589820577379798e-05,1.592015390277332e-05,0.0013916537364514567,0.0013915651318122558,1.0243741707143922e-06,1.0243729995794663e-06,-8.207767831246879e-07,-8.207758566343569e-07,6.65763818139383e-06,6.657618917256302e-06,4.396157805519841e-06,4.396151745100809e-06,43.32307615472787,43.32312663554786,43.38267748271663,43.38272261443715,False
3.9,56.10568388576502,8.042694607866014,0.1982217815846472,9.434548560079771e-06,14.295384395579266,-4.461239321518541e-06,0.38146806508035447,0.0007916483759901256,-0.0007624665938685728,-6.856836548272834e-06,0.0,0.314225608912767,0.3142242714009437,0.3158949384341176,0.3158937159806039,3470.3660391912595,3470.6602917923847,3103.1135444941337,3103.3824842671465,0.9282030875170619,0.9295083774867096,73.6525925081188,73.65381196403207,-0.19882378268611975,-0.19883787972637657,-0.10829031628060151,-0.10829845667025172,1.58943470314883e-05,1.5915521268780696e-05,0.001391981241829261,0.0013918972019957196,4.798907351847466e-07,4.798902347764375e-07,-1.2030378655665386e-06,-1.2030366269725777e-06,5.401552573007508e-06,5.401536005543881e-06,3.2463261343445424e-06,3.2463204930317526e-06,43.32001259990294,43.32005868935043,43.379624040337134,43.37966506155061,False
3.91,56.24583350655882,8.070844911118948,0.1982218715386662,8.563233097076132e-06,14.294373113434673,-9.834170131576876e-06,0.38147624245406564,0.0008408502722610653,-0.000758102041008951,-5.710766290890579e-06,0.0,0.31422699090043943,0.31422572515655117,0.31589833579204596,0.3158971780994705,3470.062001903329,3470.3404655587456,3102.3661257498925,3102.620818116496,0.9279257986883309,0.9291722668091817,73.65269509182842,73.65385561830516,-0.1585278412591564,-0.15853842149849837,-0.07568218372241783,-0.07568753038441571,1.5890813351710037e-05,1.591104533624722e-05,0.0013922809112787227,0.0013922013853770098,3.0900955953282645e-08,3.090092670492743e-08,-1.496710953313509e-06,-1.4967095545799833e-06,4.307140272026939e-06,4.307126200944493e-06,2.2692848899727853e-06,2.2692798769688836e-06,43.31694999269136,43.316991869439754,43.37657032617544,43.37660741850627,False
3.92,56.38597322116324,8.098993188287732,0.19822195299683826,7.73611863887186e-06,14.293362152867946,-1.40621306258372e-05,0.3814848247505635,0.0008728551970304594,-0.0007538128501074035,-4.707584507239976e-06,0.0,0.31422834217271334,0.3142271480095898,0.31590139092848696,0.31590029795729596,3469.764722003069,3470.027437890251,3101.6939957328727,3101.934449394892,0.9276684019441578,0.9288490279644122,73.65283150849343,73.65392727703406,-0.12362297288085519,-0.12363070400137155,-0.04820709985961343,-0.04821027323794696,1.588759284883825e-05,1.5906761963382306e-05,0.0013925513550052415,0.001392476238655657,-3.3433633398421327e-07,-3.343360480743083e-07,-1.714495223150357e-06,-1.7144937755475448e-06,3.3590395221996964e-06,3.3590277080120614e-06,1.4457389530123897e-06,1.4457346573373965e-06,43.313888267743785,43.313926138206995,43.37351621553354,43.37354958367059,False
3.93,56.52610303077675,8.12713944926748,0.19822202642062126,6.956830846519044e-06,14.292351495241217,-1.7302529128533088e-05,0.3814936468321307,0.000889044915278947,-0.000749663781458102,-3.8322047551820984e-06,0.0,0.31422964682265736,0.31422852319685807,0.31590409688001203,0.3159030678012958,3469.477699015384,3469.7248966912284,3101.0986863973567,3101.32508371493,0.9274309266770817,0.9285410823517309,73.65299427760586,73.65402148704122,-0.09357519288853605,-0.09358064832183646,-0.025268863891274387,-0.0252703821208321,1.588467213255859e-05,1.5902697939390646e-05,0.0013927917812812693,0.0013927209384977947,-6.265124083281726e-07,-6.265119264976008e-07,-1.867730507125391e-06,-1.8677290888962612e-06,2.542775421950752e-06,2.542765608679192e-06,7.579465433148542e-07,7.579429744854797e-07,43.31082735931834,43.310861449011085,43.37046160925202,43.37049147368009,False
3.94,56.66622293669013,8.155283702518993,0.19822209230027957,6.227550850216445e-06,14.291341120861489,-1.9696702914741145e-05,0.38150255778861847,0.0008908781471624285,-0.0007457091453996576,-3.070923358761065e-06,0.0,0.31423089082325906,0.31422983611123534,0.31590645272409257,0.31590548617066494,3469.204018883011,3469.4360555282287,3100.5804006996386,3100.7930424537167,0.9272132229086554,0.9282502648947764,73.65317647069745,73.65413302722996,-0.06788432555437517,-0.06788798985240148,-0.00632227430634894,-0.0063225630456569025,1.588203639301537e-05,1.5898871923683627e-05,0.0013930019423603755,0.0013929352213782147,-8.553183357019289e-07,-8.553177468189299e-07,-1.9664988664864307e-06,-1.966497529698709e-06,1.8447888741428587e-06,1.8447808054905325e-06,1.8966649534238291e-07,1.8966361321477277e-07,43.30776720187263,43.30779774820296,43.36740643195645,43.36743302280394,False
3.95,56.80633294024686,8.183425955222397,0.198222151141746,5.549271067917696e-06,14.290331009374343,-2.1371003299396014e-05,0.38151142156002743,0.0008798615679766889,-0.000741993160406184,-2.4113358571445856e-06,0.0,0.3142320621011154,0.314231074304704,0.3159084629130521,0.315907557166256,3468.9463377546213,3469.163652965127,3100.138159128546,3100.3374234236803,0.9270149654034581,0.9279778783497489,73.65337174263887,73.65425697431945,-0.046084461371082346,-0.04608673837934533,0.009129081358711315,0.00912967760139913,1.587966953248873e-05,1.5895295371264962e-05,0.0013931820777283554,0.0013931193219258418,-1.0294990732884035e-06,-1.0294984416383103e-06,-2.0197242432208163e-06,-2.019723019703286e-06,1.2524483459877666e-06,1.2524417763458988e-06,-2.739046110749916e-07,-2.7390687489438684e-07,43.30470773065007,43.30473497697126,43.36435063018085,43.364374182065674,False
3.96,56.94643304280962,8.211566213419184,0.19822220345587663,4.92201833029867e-06,14.289321140124809,-2.2437882180464765e-05,0.3815201172811599,0.0008575232456622296,-0.0007385504396203959,-1.8422450648770678e-06,0.0,0.31423315056953954,0.31423222746454177,0.31591013659958833,0.3159092897243923,3468.706874701304,3468.909957800814,3099.7699480905703,3099.9562606336963,0.9268356615011965,0.927724747430578,73.65357435116046,73.65438875459364,-0.027743876400619993,-0.02774509859455847,0.021535292559319838,0.021536498951696525,1.5877554325851907e-05,1.5891973432348502e-05,0.0013933328559073356,0.0013932739108569849,-1.1569104312592087e-06,-1.1569098016249712e-06,-2.0352691674355404e-06,-2.035268073786528e-06,7.540473283152526e-07,7.540420297645518e-07,-6.462027864866038e-07,-6.462045136963802e-07,43.301648882246276,43.30167307300912,43.361294170407305,43.361314918171274,False
3.97,57.0865232457328,8.239704482142983,0.19822224974978497,4.345047208355063e-06,14.28831149248369,-2.2996964917805056e-05,0.38152853937333453,0.0008253886306976539,-0.0007354065817999222,-1.3535654201060438e-06,0.0,0.3142341481247555,0.31423328736458606,0.3159114869656693,0.3159106969049884,3468.487412553799,3468.676779791071,3099.4728675527604,3099.6466809025537,0.9266746626175084,0.9274912721144033,73.65377916608657,73.65452418283081,-0.012464510638398854,-0.0124649485968628,0.031302763394976056,0.0313043639320859,1.5875672612189168e-05,1.588890581711829e-05,0.001393455315943813,0.0013934000334846679,-1.244577608015175e-06,-1.2445770100270557e-06,-2.0200277345842204e-06,-2.020026776297616e-06,3.38790068826821e-07,3.387858351086823e-07,-9.393721347186684e-07,-9.393734102582935e-07,43.29859059514344,43.29861197200338,43.358237037058544,43.35825521228788,False
3.98,57.22660355034,8.267840765539463,0.198222290519973,3.817006387131613e-06,14.287302046138509,-2.3136097405654096e-05,0.3815365974090557,0.000784959164509895,-0.0007325788438139769,-9.36227223375323e-07,0.0,0.3142350486090669,0.3142342477937451,0.3159125305651454,0.3159117952027501,3468.2893060052797,3468.465485376083,3099.2432756680155,3099.4050553949837,0.9265311781575815,0.9272774795544291,73.65398166832433,73.65465948890447,0.00011890858749180154,0.00011903717155745857,0.038796951279692946,0.03879877895557585,1.5874005499440822e-05,1.5886087617778257e-05,0.0013935508095658886,0.0013934990496655092,-1.298754208280339e-06,-1.2987536600581319e-06,-1.9800142694482868e-06,-1.980013444236375e-06,-3.2321410220375447e-09,-3.2354927645202255e-09,-1.1643435681560608e-06,-1.1643444737597768e-06,43.295532810202566,43.295551608950255,43.35517923047716,43.3551950587148,False
3.99,57.366673957906855,8.295975066975803,0.19822232624700153,3.336080832072319e-06,14.286292781348642,-2.2932357803883415e-05,0.38154421577596825,0.0007376935281578404,-0.0007300768732379126,-5.820834499040894e-07,0.0,0.3142358477450194,0.3142351044641568,0.3159132866889766,0.3159126038888679,3468.113496095737,3468.277017885505,3099.0769284251483,3099.2271444490693,0.9264042917642871,0.9270830741213737,73.65417794044048,73.65479133347216,0.01034002244160285,0.010340544527228174,0.04434514819190343,0.04434707634454184,1.5872533584198184e-05,1.5883510081774955e-05,0.0013936209449055654,0.00139357257594622,-1.3249808461219818e-06,-1.3249803572629699e-06,-1.920447266784618e-06,-1.9204465671940844e-06,-2.8107212067376995e-07,-2.8107474974105264e-07,-1.3309150917032498e-06,-1.3309157020807075e-06,43.29247547110581,43.29249191930238,43.35212076492222,43.35213446348482,False
4.0,57.506734469647775,8.324107389140282,0.19822235739147326,2.9001123624914e-06,14.285283679164927,-2.2453025657671683e-05,0.3815513331664397,0.0006849915131728696,-0.0007279034811944576,-2.838210439459766e-07,0.0,0.31423654304461696,0.3142358549015647,0.3159137767605415,0.31591314438930557,3467.960530184273,3468.111921655771,3098.969112680874,3099.1082343527787,0.9262929788488743,0.9269074853794504,73.6543646495223,73.65491681379636,0.01850220947590027,0.018502989346807382,0.0482392568221449,0.048241191659728164,1.5871237172109112e-05,1.5881161335046728e-05,0.001393667532532811,0.0013936224305463006,-1.328142604072707e-06,-1.32814217805497e-06,-1.8458283443743287e-06,-1.8458277597972323e-06,-5.029636462152216e-07,-5.029656892748847e-07,-1.4478322903115715e-06,-1.4478326711878054e-06,43.28941852474285,43.28943283995425,43.349061666610176,43.349073442930504,False
4.01,57.64678508670702,8.352237734132508,0.19822238439112333,2.5067010898685087e-06,14.284274721614413,-2.1756503085098292e-05,0.38155790191875355,0.0006281804611470433,-0.0007260554373324209,-3.487796355149101e-08,0.0,0.3142371336976333,0.3142364983205949,0.3159140237671266,0.31591343970454094,3467.8305865206803,3467.970369469122,3098.9147712321574,3099.0432650009957,0.9261961252683529,0.926749913262038,73.6545390233467,73.65503346095092,0.024880110303701398,0.02488104316537141,0.05073852336005098,0.05074039759659592,1.5870096500014958e-05,1.5879027044949367e-05,0.0013936925344279353,0.0013936505817011859,-1.312524768797719e-06,-1.3125244048752332e-06,-1.760016065749826e-06,-1.7600155839290456e-06,-6.763624707558075e-07,-6.763640434522377e-07,-1.5228679025780467e-06,-1.5228681100078969e-06,43.28636192153754,43.28637431007376,43.34600197182366,43.34601202224582,False
4.02,57.78682581015306,8.380366103544853,0.1982224076588385,2.153290007547944e-06,14.28326589185137,-2.0893184375344166e-05,0.3815638872352025,0.00056850418795503,-0.0007245242706697759,1.7063327474595638e-07,0.0,0.31423762044296366,0.3142370354876825,0.3159140517323825,0.31591351387445,3467.723502547998,3467.8521927098527,3098.9086188758497,3099.026947621005,0.9261125462493042,0.92660937081335,73.65469882129484,73.65513922949758,0.029721258896062416,0.02972226535162033,0.05207219683521805,0.052073964325704665,1.5869091947756954e-05,1.5877091031406003e-05,0.0013936980164024851,0.001393659099774671,-1.2818663942469794e-06,-1.2818660889132368e-06,-1.6662945900728464e-06,-1.6662941981944379e-06,-8.079902168124714e-07,-8.07991415766878e-07,-1.5628995812903171e-06,-1.5628996618090937e-06,43.28330561571219,43.283316271788706,43.34294172510781,43.34295023406969,False
4.03,57.92685664097596,8.40849249853565,0.19822242758144634,1.8372348353318133e-06,14.28225717427602,-1.990627174467159e-05,0.38156926630139737,0.0005071142823020415,-0.000723297061915938,3.3799521247238427e-07,0.0,0.314238005426827,0.31423746857440293,0.3159138852333039,0.31591339149093267,3467.638806098062,3467.7569136313577,3098.9452486731493,3099.053871994816,0.926041005542816,0.9264847236359889,73.65484230088803,73.65523248110607,0.0332477787473657,0.03324880007552678,0.05244209194729815,0.05244372320044416,1.5868204242632238e-05,1.5875335813814178e-05,0.001393686104349481,0.001393650113449536,-1.2394113567040246e-06,-1.2394111047969663e-06,-1.5674371876510589e-06,-1.567436873106249e-06,-9.038800322418518e-07,-9.038809372256408e-07,-1.5739851328763148e-06,-1.5739851241647813e-06,43.28024956548896,43.28025867073758,43.33988097757021,43.33988811711394,False
4.04,58.06687758008742,8.43661691989481,0.1982224445191378,1.5558610398165288e-06,14.281248554622813,-1.8832536170057966e-05,0.3815740273298907,0.000445063646507134,-0.0007223572147895096,4.7194820422844657e-07,0.0,0.31423829205143333,0.31423780100392645,0.31591354896415363,0.3159130972598814,3467.5757486846705,3467.6837791361836,3099.0192278862037,3099.11860282609,0.9259802340135513,0.9263747265071176,73.65496818088714,73.65531196291131,0.035658108843715425,0.03565910299067756,0.05202503829298047,0.05202651674243739,1.5867414645922767e-05,1.5873743103873942e-05,0.0013936589445939034,0.0013936257701929883,-1.1879566634201522e-06,-1.1879564589347662e-06,-1.4657647244595985e-06,-1.4657644753482832e-06,-9.694230764338857e-07,-9.694237525615589e-07,-1.5614346935639352e-06,-1.561434625396566e-06,43.277193733228984,43.27720145649486,43.33681978529702,43.33682571485437,False
4.05,58.20688862832298,8.46473936810226,0.1982224588054029,1.3065097673259172e-06,14.280240020020203,-1.770302318723077e-05,0.3815781685498026,0.0003833021298777654,-0.0007216851957290909,5.767465230419022e-07,0.0,0.3142384848175142,0.31423803729323496,0.31591306734871394,0.3159126556131835,3467.533340146878,3467.6317954883116,3099.125183282937,3099.2157650996355,0.9259289476238936,0.9262780566859113,73.65507560239183,73.65537678198164,0.03712873036025699,0.037129668557551246,0.0509752039284866,0.050976522853288395,1.5866705123726857e-05,1.5872294238335373e-05,0.0013936186685210453,0.001393588201113036,-1.1298978595617346e-06,-1.1298976962289391e-06,-1.3631992694116514e-06,-1.3631990748482876e-06,-1.0094150604754536e-06,-1.0094155603128003e-06,-1.529879442800874e-06,-1.529879338116288e-06,43.27413808551092,43.274144582880886,43.33375820789467,43.333763074299874,False
4.06,58.34688978644598,8.492859843379922,0.19822247074737667,1.0865742508996306e-06,14.279231559024238,-1.6543704325309112e-05,0.381581697162567,0.00032267409149677853,-0.0007212592332265799,6.562081937303648e-07,0.0,0.3142385891638537,0.31423818289361455,0.31591246420130725,0.31591209037063656,3467.510383952185,3467.5997634048026,3099.257875712408,3099.340118459961,0.9258858643075234,0.9261933440429995,73.65516408812226,73.65542637673576,0.037815870341908774,0.0378167342682833,0.0494262854012184,0.04942744539918574,1.5866058496113115e-05,1.587097055598587e-05,0.0013935673615436987,0.0013935394902297676,-1.0672714478624377e-06,-1.0672713195447501e-06,-1.2613130166398672e-06,-1.261312866912212e-06,-1.0281022047450774e-06,-1.0281025702665665e-06,-1.4833365762578995e-06,-1.483336452243334e-06,43.27108259315198,43.27108800816713,43.33069630716307,43.330700244851066,False
4.07,58.48688105515294,8.520978345737635,0.1982224806265077,8.935280834632996e-07,14.278223161628175,-1.537607547709215e-05,0.3815846282822363,0.0002639177194915823,-0.0007210559697698197,7.137590406081611e-07,0.0,0.3142386113066857,0.31423824403178885,0.31591176243620217,0.31591142445093573,3467.505512529154,3467.5863130064567,3099.412264035526,3099.486620794143,0.9258497197260434,0.926119198076606,73.65523350139361,73.65546048644983,0.0378571633225469,0.03785794273647182,0.047493559844487894,0.04749456677539138,1.5865458566948616e-05,1.5869753721956173e-05,0.0013935070364120726,0.0013934816481184862,-1.0017942934612364e-06,-1.0017941944077741e-06,-1.1613727430556686e-06,-1.1613726296772885e-06,-1.0292261009431867e-06,-1.0292263653011237e-06,-1.4252703636301414e-06,-1.4252702327511964e-06,43.26802723117506,43.26803169518704,43.327634145903794,43.327637277256784,False
4.08,58.626862435080135,8.5490948750136,0.19822248869947412,7.249465914442607e-07,14.277214819250677,-1.4217703993182844e-05,0.38158698387701595,0.00020766592760522592,-0.0007210510610438329,7.524714982114184e-07,0.0,0.3142385580815294,0.31423822755387065,0.3159109838242977,0.31591067963026914,3467.5172220635363,3467.5899381484596,3099.583558654505,3099.6504813407923,0.9258192815534237,0.9260542317143264,73.65528400508134,73.65547911932397,0.037373255951263465,0.03737394672958695,0.04527579754961039,0.0452766608768716,1.586489023053318e-05,1.5868625999439505e-05,0.0013934396107762336,0.0013934165898065686,-9.349000339248892e-07,-9.348999589208309e-07,-1.0643800409166215e-06,-1.0643799566057027e-06,-1.0160670739964188e-06,-1.016067263085354e-06,-1.3586492024652235e-06,-1.3586490734007404e-06,43.26497197872633,43.264975611363184,43.32457178686396,43.324574222673675,False
4.09,58.76683392681072,8.577209430909765,0.19822249519928287,5.785223955928875e-07,14.276206524704982,-1.3082726658767818e-05,0.3815887917268924,0.00015444864685508982,-0.0007212197185906581,7.750987593206913e-07,0.0,0.3142384367897366,0.31423814077410567,0.31591014879536045,0.31590987634652623,3467.543906257947,3467.6090296967564,3099.7672650207055,3099.8272037642328,0.925793362157953,0.9259970821282082,73.65531602132653,73.65548252022784,0.036469343264385105,0.03646994579098332,0.0428570356977381,0.04285776716777565,1.5864339554777717e-05,1.586757047439353e-05,0.0013933668888588017,0.0013933461167651951,-8.67772552828748e-07,-8.677724972677118e-07,-9.71107577284799e-07,-9.71107515894566e-07,-9.914857337300869e-07,-9.914858675447415e-07,-1.2859986502953458e-06,-1.2859985287575776e-06,43.26191681894818,43.2619197286608,43.32150929181453,43.321511131831905,False
4.1,58.90679553088274,8.605322013022715,0.19822250033650007,4.5207611271542095e-07,14.27519827215159,-1.19823009814925e-05,0.38159008441039294,0.00010469632993931739,-0.0007215371935543511,7.841048318969982e-07,0.0,0.31423825505171876,0.31423799133016106,0.31590927628357307,0.3159090335466835,3467.5838886218758,3467.64190736457,3099.959217613928,3100.012619729637,0.925770829696825,0.9259464284743594,73.65533019246598,73.65547113848685,0.0352366283126117,0.03523714616812469,0.04030821573006837,0.040308828337012735,1.586379384290411e-05,1.5866571233198195e-05,0.0013932905470407729,0.001393271902779634,-8.01376605378039e-07,-8.013765652799988e-07,-8.821316387091952e-07,-8.821315951291779e-07,-9.579624878021336e-07,-9.579625815970651e-07,-1.2094504752493966e-06,-1.2094503646835433e-06,43.25886173881288,43.25886402347769,43.31844672075952,43.318448054307424,False
4.11,59.04674724779704,8.633432620870348,0.19822250430056715,3.4356302747876807e-07,14.274190057036854,-1.0925012402894944e-05,0.3815908983317017,5.874448852060054e-05,-0.0007219792004309631,7.816910529735714e-07,0.0,0.31423802066851836,0.31423778704647565,0.3159083836137375,0.3159081685745794,3467.6354529259647,3467.686849775361,3100.155604977749,3100.2029135925413,0.9257506176970914,0.9259010069296184,73.65532734372418,73.65544559646084,0.03375369947012752,0.0337541383799902,0.03768868822997998,0.03768919542057893,1.5863241676391973e-05,1.5865613500958577e-05,0.001393212123124787,0.0013931954834551575,-7.364857079669534e-07,-7.364856799593243e-07,-7.978612207271692e-07,-7.978611907695778e-07,-9.176348572973339e-07,-9.176349225628355e-07,-1.1307878117069144e-06,-1.130787713873214e-06,43.25580672892232,43.255808476480105,43.31538413127149,43.31538503789941,False
4.12,59.18668907802547,8.661541253914882,0.19822250726116694,2.5107645422996944e-07,14.273181876019928,-9.917240158109262e-06,0.3815912727975811,1.6839088264928806e-05,-0.0007225222808975967,7.698195693603122e-07,0.0,0.3142377414930938,0.3142375358069491,0.31590748642515,0.315907297096013,3467.6968715193666,3467.742122471207,3100.3529864670063,3100.394638877142,0.9257317326303167,0.925859622915578,73.65530844791037,73.65540665902707,0.032087821961359383,0.03208818896444757,0.03504759024730993,0.0350480053267206,1.586267293194262e-05,1.5864683739683126e-05,0.001393133009004418,0.0013931182490775722,-6.737074206850495e-07,-6.737074019604041e-07,-7.185639194630082e-07,-7.185638997444486e-07,-8.723324957024406e-07,-8.723325409746909e-07,-1.0514865439499974e-06,-1.0514864593971379e-06,43.25275178327933,43.252753072393624,43.312321577946875,43.312322128109926,False
4.13,59.3266210220189,8.689647911582485,0.1982225093696094,1.7284841039254974e-07,14.272173726890289,-8.963484561587121e-06,0.3815912491518279,-2.0857366772049615e-05,-0.000723144108807318,7.502342473540218e-07,0.0,0.31423742531239746,0.3142372454380055,0.3159065986299297,0.31590643305791216,3467.7664312725633,3467.806003638789,3100.548301415469,3100.584727259328,0.9257132601137377,0.9258211610002489,73.65527459239671,73.65535520484697,0.03029614198303395,0.030296444787538394,0.032425100770319376,0.03242543647439808,1.5862078784269427e-05,1.5863769715649325e-05,0.0013930544464475032,0.001393041440544862,-6.135061638432849e-07,-6.135061521037394e-07,-6.443888771593097e-07,-6.443888649849004e-07,-8.23609861757601e-07,-8.23609893282589e-07,-9.727530686064955e-07,-9.727529970481507e-07,43.24969689903623,43.24969779975771,43.30925911197403,43.30925936772144,False
4.14,59.46654308021489,8.717752593279881,0.1982225107602128,1.0724813341002225e-07,14.271165608478098,-8.066658500769899e-06,0.3815908699733483,-5.4259220448612995e-05,-0.000723823738307802,7.244794207936391e-07,0.0,0.314237079741053,0.31423692360282857,0.315905732402422,0.3159055886781827,3467.8424569683375,3467.8768073777187,3100.738871467168,3100.7704907998113,0.925694369309841,0.9257845921951363,73.65522694870216,73.65529219918078,0.028426803317555396,0.02842704981438447,0.02985358059094424,0.029853848794886086,1.5861451688108675e-05,1.5862860531830972e-05,0.0013929775256888018,0.0013929661480540328,-5.562237174998488e-07,-5.562237108953952e-07,-5.753870254387279e-07,-5.753870186932153e-07,-7.727765379873195e-07,-7.72776560258181e-07,-8.95558607147409e-07,-8.955585477549591e-07,43.24664207622594,43.24664265065194,43.30619678080612,43.30619679646682,False
4.15,59.60645525304515,8.745855298408298,0.19822251155166115,5.277889730131757e-08,14.270157520559358,-7.228345884573466e-06,0.3815901783423862,-8.335067183620763e-05,-0.0007245417977735527,6.939168320949503e-07,0.0,0.31423671212717696,0.3142365777073306,0.31590489819621415,0.3159047744627979,3467.923332021071,3467.9529043872712,3100.9223968328915,3100.949618184463,0.925674315973785,0.9257489792414632,73.65516674466338,73.65521866876233,0.026519977565862215,0.026520175473127423,0.02735860315636492,0.027358814693282833,1.5860785347654463e-05,1.586194663607263e-05,0.0013929031865147828,0.0013928933122379498,-5.020975569767609e-07,-5.020975540426486e-07,-5.115288605939555e-07,-5.115288576425675e-07,-7.209252204845045e-07,-7.209252366710681e-07,-8.206702539625097e-07,-8.206702055870611e-07,43.243587317480845,43.24358762040129,43.30313462793009,43.303134450785485,False
4.16,59.74635754094223,8.773956026375028,0.19822251184832318,8.073515472097679e-09,14.269149463757849,-6.449029727296009e-06,0.3815892171779877,-0.00010817854301729936,-0.0007252806328388771,6.597410670126688e-07,0.0,0.3142363294706509,0.31423621481819725,0.31590410478527914,0.3159039992466758,3468.007516456808,3468.0327399966095,3101.0969472385927,3101.1201657313313,0.9256524439058077,0.925713479924142,73.65509523930294,73.65513567888713,0.024608810110271048,0.024608966725373285,0.024959883189930903,0.02496004775635768,1.5860074669550488e-05,1.5861019805992613e-05,0.0013928322215254068,0.0013928237274408069,-4.512771786407165e-07,-4.512771782372895e-07,-4.5271997412609473e-07,-4.527199737265009e-07,-6.689574326688768e-07,-6.689574449567968e-07,-7.486789545785409e-07,-7.486789159146593e-07,43.24053262774435,43.24053270726753,43.30007269272309,43.300072363659034,False
4.17,59.88624994434586,8.80205477660287,0.1982225117415208,-2.8111143660136704e-08,14.268141439445516,-5.7282924580139695e-06,0.38158802864844754,-0.00012884493526757758,-0.0007260244022876796,6.229937326233191e-07,0.0,0.314235938353925,0.31423584159314205,0.3159033593258025,0.3159032702549457,3468.093562136505,3468.1148495087523,3101.2609483234555,3101.2805439119516,0.9256281851295494,0.9256773485425314,73.65501370046222,73.65504431253639,0.022720284683897918,0.022720406722473052,0.022672109926699855,0.02267223605511497,1.5859315705031377e-05,1.5860073112966423e-05,0.001392765281262473,0.0013927580468213485,-4.0383856901697316e-07,-4.03838570274091e-07,-3.9881454984714083e-07,-3.9881455107290434e-07,-6.176070371122497e-07,-6.17607046967354e-07,-6.800246132713802e-07,-6.800245829738045e-07,43.23747801397965,43.237477912132654,43.297011010387116,43.29701056451896,False
4.18,60.02613246370856,8.8301515485377,0.19822251131073945,-5.690035232980237e-08,14.267133449642937,-5.064990936696375e-06,0.38158665365526345,-0.00014549988934570138,-0.0007267591309042349,5.845765808698313e-07,0.0,0.3142355448852368,0.3142354642233075,0.3159026674353289,0.3159025931812981,3468.1801252479063,3468.1978708723527,3101.4131642276434,3101.429500114422,0.925601058815129,0.9256399358081028,73.65492338513819,73.65494565204547,0.020876010002946328,0.020876103506528087,0.020505691769026297,0.020505786850396612,1.5858505581455736e-05,1.5859100869784898e-05,0.0013927028809008893,0.0013926967889959666,-3.597969670247287e-07,-3.5979696929194425e-07,-3.496270265600224e-07,-3.496270287352657e-07,-5.674616358785175e-07,-5.674616442501195e-07,-6.150185304372247e-07,-6.150185072004571e-07,43.23442348487991,43.23442323818014,43.293949611953146,43.293949079219225,False
4.19,60.166005099500424,8.85824634165443,0.19822251062477345,-7.930820203378443e-08,14.266125496921255,-4.457408536182812e-06,0.38158513139003275,-0.00015833415312173154,-0.0007274727236251442,5.452637377416983e-07,0.0,0.3142351546539479,0.3142350883875774,0.31590203328600147,0.31590197228023786,3468.2659761314626,3468.280554732973,3101.5526770796796,3101.5660983476732,0.925570669295103,0.9256006873755475,73.65482552247907,73.65484076276266,0.019092932338996633,0.019093002635701958,0.018467419046992794,0.01846748938901203,1.5857642428951935e-05,1.5858098565339328e-05,0.0013926454082135319,0.001392640345926919,-3.1911806464984657e-07,-3.1911806745283005e-07,-3.0494211238447796e-07,-3.0494211502904187e-07,-5.189819618716594e-07,-5.189819693466993e-07,-5.538633682979627e-07,-5.538633509072029e-07,43.23136905058395,43.23136869057896,43.29088852434572,43.29088793006599,False
4.2,60.30586785221349,8.886339155461563,0.19822250974280292,-9.624457384148239e-08,14.265117584306797,-3.903386517980338e-06,0.3815834989627527,-0.00016757214717434717,-0.0007281549454662295,5.057131612679919e-07,0.0,0.3142347726975427,0.31423471921840385,0.31590145970882133,0.31590141047023257,3468.3500065406124,3468.361771951157,3101.678864059311,3101.689696548838,0.9255367027741292,0.9255591410334657,73.65472129928905,73.6547306791369,0.017383978195139274,0.01738402989999327,0.0165610513845125,0.016561102293683454,1.5856725294950654e-05,1.5857062786449994e-05,0.0013925931325338926,0.0013925889917965277,-2.817277853770062e-07,-2.817277883802298e-07,-2.6452332419520317e-07,-2.6452332697933286e-07,-4.7251937206201356e-07,-4.7251937898009877e-07,-4.966708393922004e-07,-4.966708267526987e-07,43.22831472240015,43.228314276174444,43.2878277704994,43.287827135897196,False
4.21,60.445720722365174,8.914429989504447,0.19822250871540098,-1.0852224482613642e-07,14.264109715189436,-3.400436793189394e-06,0.3815817910991442,-0.00017346520646013076,-0.0007287973717393682,4.6647742011186795e-07,0.0,0.31423440347970366,0.31423436127862076,0.31590094830605686,0.3159009094449279,3468.431234465198,3468.440518703437,3101.7913726674938,3101.79992211587,0.9254989236553954,0.9255149230892658,73.65461184806809,73.65461639290373,0.015758631423744618,0.015758668467420005,0.014787835939995976,0.01478787181796314,1.5855754061914787e-05,1.5855991135547898e-05,0.0013925462144633736,0.0013925428926111836,-2.47520773203279e-07,-2.4752077617866174e-07,-2.281202127812621e-07,-2.281202154887247e-07,-4.283315587288461e-07,-4.2833156526660874e-07,-4.434773063626825e-07,-4.434772975132998e-07,43.22526051254219,43.22526000319001,43.2847673695189,43.284766712204615,False
4.22,60.585563710501134,8.94251884336754,0.19822250758546855,-1.1686400291167248e-07,14.263101893235637,-2.94583802055796e-06,0.38158003990389916,-0.00017628516388265144,-0.0007293933130336438,4.280138586371167e-07,0.0,0.3142340508787612,0.31423401854859007,0.3159004995691364,0.3159004697898196,3468.5088066725357,3468.515919310189,3101.8900947899942,3101.896646239688,0.925457169850766,0.9254677436539341,73.65449823723102,73.65449884333869,0.014223449204580338,0.014223474881318057,0.013146962522363435,0.013146986968912174,1.5854729356809355e-05,1.5854882138602045e-05,0.001392504716082275,0.0013925021163051449,-2.1636771770801742e-07,-2.1636772050903817e-07,-1.9547442202114302e-07,-1.9547442451965426e-07,-3.86596597537461e-07,-3.8659660376916907e-07,-3.9425747420329715e-07,-3.9425746831890813e-07,43.22220643387869,43.2222058809426,43.2817073368751,43.28170667129148,False
4.23,60.7253968171973,8.970605716675735,0.19822250638909947,-1.219096681269456e-07,14.262094122306875,-2.5367168541868654e-06,0.3815782746861539,-0.00017631832970097335,-0.0007299377193233363,3.9069419347536016e-07,0.0,0.3142337181857264,0.3142336944229396,0.31590011299959736,0.31590009110198825,3468.5819991402013,3468.5872269532956,3101.9751400885843,3101.9799575625893,0.9254113475946089,0.9254173913873834,73.6543814635442,73.65437890944726,0.012782521306251288,0.012782538333526171,0.011635961289629676,0.011635977206556734,1.5853652460527167e-05,1.585373515225422e-05,0.0013924686114530546,0.001392466643132311,-1.881216331075129e-07,-1.8812163564819707e-07,-1.6632471823962659e-07,-1.6632472045749744e-07,-3.474254517999485e-07,-3.474254577400052e-07,-3.489363477552252e-07,-3.489363441415965e-07,43.21915249969883,43.21915191957467,43.278647684629476,43.27864702245894,False
4.24,60.86522004306145,8.998690609094893,0.1982225051563755,-1.2422293913669863e-07,14.261086406383999,-2.170116015611143e-06,0.3815765218430061,-0.0001738599093510246,-0.0007304270673926912,3.5481357053252794e-07,0.0,0.3142334081110484,0.3142333917160681,0.31589978723089457,0.31589977211074205,3468.650215569359,3468.6538224650167,3102.0468092031983,3102.0501356367527,0.9253614260743487,0.9253637276737313,73.6542624466027,73.65425740413298,0.01143787699658107,0.011437887580685539,0.010251048426385672,0.010251058117974212,1.58525252218782e-05,1.5852550268914646e-05,0.0013924377972213946,0.0013924363761593428,-1.6262320138371538e-07,-1.6262320362186328e-07,-1.4041111435067266e-07,-1.4041111625865906e-07,-3.10873051056107e-07,-3.1087305668795905e-07,-3.0739961813766536e-07,-3.0739961622159885e-07,43.21609872349583,43.21609812980445,43.2755884216803,43.27558777221512,False
4.25,61.00503338873408,9.026773520331796,0.19822250391209437,-1.2429800272475707e-07,14.26007874949802,-1.8430507304233983e-06,0.3815748047965254,-0.0001692088915059385,-0.0007308592355443489,3.205990994949477e-07,0.0,0.3142331227991834,0.3142331126755382,0.3158995201491264,0.31589951079724776,3468.7129841796514,3468.7152113815955,3102.1055671921904,3102.107624605496,0.9253074313650436,0.9253066803296998,73.6541420248924,73.65413506986393,0.010189843861169681,0.010189849764285507,0.008987424875310606,0.008987430142448734,1.5851349966552816e-05,1.5851328220813407e-05,0.0013924121031383188,0.0013924111516846094,-1.3970528178498342e-07,-1.3970528370901477e-07,-1.1747820224444004e-07,-1.1747820384187844e-07,-2.769480594986812e-07,-2.7694806479370854e-07,-2.695026322261713e-07,-2.6950263154299416e-07,43.21304511876911,43.21304452269622,43.27252955402414,43.27252892450085,False
4.26,61.144836854888695,9.054854450133488,0.1982225026764331,-1.2256585877083625e-07,14.259071155667545,-1.55255493942859e-06,0.3815731439794373,-0.00016266342816490982,-0.0007312333692947049,2.882178746951809e-07,0.0,0.31423286385003313,0.31423285900244,0.3158993090109734,0.31589930451147297,3468.7699529927154,3468.771019463198,3102.152017585854,3102.1530074759507,0.9252494405017492,0.9252462371840858,73.65402095386634,73.65401257605471,0.009037362645005792,0.009037365250530276,0.007839532871897866,0.00783953509794461,1.5850129414510398e-05,1.5850070287989932e-05,0.0013923913023644009,0.0013923907494425003,-1.1919668117628914e-07,-1.1919668279511274e-07,-9.727779640378187e-08,-9.727779770819933e-08,-2.4562144606010223e-07,-2.456214509892769e-07,-2.3507808945869432e-07,-2.3507808963861135e-07,43.20999169884623,43.209991109451636,43.2694710850272,43.26947048092683,False
4.27,61.284630442231595,9.082933398286244,0.19822250146554937,-1.1940032660560512e-07,14.258063628843109,-1.2957185695653425e-06,0.3815715568644896,-0.00015451671928719518,-0.0007315497414646842,2.5778448607628473e-07,0.0,0.3142326323463001,0.3142326318777892,0.31589915055739276,0.31589915008499425,3468.820883813979,3468.820986886376,3102.186877373596,3102.186981301268,0.9251875752664815,0.9251824394240113,73.65389990509618,73.65389051773478,0.007978262058425967,0.007978262432319284,0.006801274706172202,0.006801274933538801,1.584886659769929e-05,1.584877820760594e-05,0.0013923751214131573,0.0013923749024606614,-1.0092527214292702e-07,-1.0092527347829817e-07,-7.957098178058861e-08,-7.957098282008811e-08,-2.168339634198332e-07,-2.1683396796028735e-07,-2.039426003526818e-07,-2.0394260110704982e-07,43.20693847672502,43.20693790122266,43.266413015701104,43.266412441017174,False
4.28,61.42441415150123,9.11101036461415,0.198222500292125,-1.1512370950011909e-07,14.257056172858388,-1.0697170309637776e-06,0.38157005803243077,-0.0001450534060450498,-0.0007318096097571753,2.2936802150503338e-07,0.0,0.3142324288858007,0.3142324319940141,0.3158990411218496,0.3158990439384638,3468.8656451238453,3468.8649613168955,3102.2109531930964,3102.210333537968,0.9251219960739819,0.9251153748949186,73.65377946697137,73.65376941563873,0.0070094972947427805,0.007009496241475716,0.005866197813124071,0.005866196810204769,1.5847564783839524e-05,1.5847454086949695e-05,0.0013923632496381346,0.001392363306469309,-8.472053837861907e-08,-8.472053945950712e-08,-6.412964964819175e-08,-6.412965045601879e-08,-1.905026380298865e-07,-1.905026421680085e-07,-1.7590223126996706e-07,-1.7590223237819598e-07,43.203885464936015,43.20388490894645,43.26335534497886,43.263354802455225,False
4.29,61.564187983467114,9.13908534897742,0.19822249916585388,-1.1001210322216541e-07,14.256048791388277,-8.718339941982585e-07,0.3815686592735228,-0.0001345464691677029,-0.0007320150745808268,2.0299856115388887e-07,0.0,0.3142322536178036,0.31423225959060164,0.3158989767320853,0.3158989821827409,3468.904204083211,3468.9028900676435,3102.225118941242,3102.2239197970116,0.9250528958883225,0.9250451716643704,73.65366014645632,73.65364971715937,0.006127355798103594,0.0061273539104325985,0.005027649979019189,0.005027648297605556,1.5846227404277822e-05,1.5846100324619255e-05,0.0013923553481691472,0.0013923556287672029,-7.04156198280876e-08,-7.041562068664116e-08,-5.073759644618415e-08,-5.0737597056979597e-08,-1.6652636765128374e-07,-1.6652637138354307e-07,-1.5075715031776004e-07,-1.507571516152774e-07,43.200832675425005,43.20083214320218,43.2602980699868,43.260297561327356,False
4.3,61.70395193892841,9.167158351270535,0.19822249809387937,-1.0430034224312802e-07,14.255041487913688,-6.994783961323725e-07,0.38156736971758703,-0.00012325462211436276,-0.000732168939541405,1.7867316575839766e-07,0.0,0.3142321062824787,0.3142321144929924,0.3158989532046482,0.31589896071291307,3468.936617854685,3468.9348115416806,3102.230294977394,3102.2286431591283,0.924980494377883,0.9249719914604275,73.65354237171326,73.65353179843578,0.005327633603136948,0.005327631305426111,0.0042789081450885155,0.004278906168756781,1.5844857988658452e-05,1.5844719532412106e-05,0.0013923510582281157,0.001392351516483465,-5.784892332700062e-08,-5.7848923995759594e-08,-3.919125253963319e-08,-3.919125298696624e-08,-1.4479071703111175e-07,-1.447907203634866e-07,-1.2830547988557668e-07,-1.283054812530919e-07,43.197780119455345,43.19777961408912,43.25724118630912,43.25724071236175,False
4.31,61.84370601871218,9.195229371420176,0.19822249708118345,-9.818658319346792e-08,14.254034265692843,-5.501965240703422e-07,0.38156619598770786,-0.00011142018294808158,-0.0007322745766830168,1.5636136267943935e-07,0.0,0.3142319862525907,0.31423199615385433,0.3158989662316072,0.31589897529462363,3468.963024430052,3468.9608461520506,3102.2274290464234,3102.225435182805,0.9249050322227677,0.9248960235607201,73.65342649568689,73.65341596719925,0.004605785346333188,0.004605782931508854,0.003613283996244691,0.003613281980440511,1.5843460104170435e-05,1.5843314467019147e-05,0.0013923500087772418,0.0013923506041786315,-4.686535810251954e-08,-4.686535861258202e-08,-2.9300100359685516e-08,-2.9300100674538674e-08,-1.251719963352278e-07,-1.251719992818542e-07,-1.0834645228892798e-07,-1.0834645364308728e-07,43.19472780752935,43.194727331125776,43.2541846882423,43.254184249159074,False
4.32,61.98345022367146,9.223298409383128,0.19822249613093218,-9.183653031224183e-08,14.253027127738763,-4.216799361015164e-07,0.3815651423729112,-9.926740377333459e-05,-0.0007323357982280475,1.3601013662049084e-07,0.0,0.31423189257661416,0.3142319036959054,0.315899011459055,0.3158990216423089,3468.9836331448887,3468.9811869008104,3102.2174790078984,3102.215238692051,0.9248267657191959,0.9248174788406784,73.6533128001678,73.65330246631378,0.003957050827475228,0.003957048487954332,0.003024209241053681,0.0030242073457347465,1.5842037301118488e-05,1.584188796579529e-05,0.0013923518234573442,0.0013923525207503713,-3.731724952194005e-08,-3.7317249901845104e-08,-2.088683449598148e-08,-2.08868347059265e-08,-1.0754070091634628e-07,-1.0754070349781538e-07,-9.068295635022907e-08,-9.06829576356534e-08,43.19167574932783,43.19167530316874,43.25112856903663,43.25112816441261,False
4.33,62.12318455468307,9.25136546514409,0.1982224952447806,-8.538731229761734e-08,14.252020076802632,-3.117698905894204e-07,0.3815642110153638,-8.700123242070986e-05,-0.0007323567362416403,1.1754843513030217e-07,0.0,0.3142318240225055,0.31423183595551274,0.31589908455718263,0.31589909548911577,3468.9987150487955,3468.9960897872006,3102.201397419825,3102.198992394535,0.9247459618079122,0.9247365843119828,73.6532015005792,73.6531914776895,0.003376560780269551,0.0033765586333672714,0.0025053032218461144,0.0025053015376040734,1.5840593066316916e-05,1.5840442891594564e-05,0.0013923561268026935,0.0013923568956186296,-2.9064978940086225e-08,-2.9064979215220073e-08,-1.3787309939957384e-08,-1.3787310068818253e-08,-9.176438501487675e-08,-9.176438725646024e-08,-7.512355455043195e-08,-7.512355573306324e-08,43.18862395366693,43.18862353835061,43.248072821123394,43.248072450115835,False
4.34,62.26290901264536,9.279430538713466,0.19822249442314044,-7.895102161661446e-08,14.251013115362623,-2.1845887949400314e-07,0.3815634021079139,-7.480647769009417e-05,-0.0007323417313381711,1.0089120248157692e-07,0.0,0.31423177912143135,0.31423179152635594,0.31589918128185573,0.31589919264842176,3469.0085932851057,3469.005864201696,3102.180117991742,3102.177617347217,0.9246628933446472,0.924653577926285,73.65309275092174,73.65308312698933,0.0028594242974084956,0.0028594224058249894,0.00205042524094514,0.0020504238095310464,1.5839130780571284e-05,1.5838982082187417e-05,0.0013923625497164458,0.001392363364191998,-2.1977392170494277e-08,-2.197739236286778e-08,-7.850319056091203e-09,-7.850319123937153e-09,-7.771003614099874e-08,-7.771003807097783e-08,-6.148404264535758e-08,-6.148404370699973e-08,43.18557242847093,43.1855720440355,43.245017436325796,43.245017097756154,False
4.35,62.40262359847581,9.307493630125194,0.19822249366541406,-7.261793123355532e-08,14.250006245617758,-1.3988978859885228e-07,0.38156271409809017,-6.284734685777153e-05,-0.0007322952312569591,8.594295883849607e-08,0.0,0.3142317562108161,0.3142317688025073,0.3158992975277626,0.3158993090670155,3469.013633620458,3469.0108634483963,3102.154543892236,3102.152005256589,0.9245778348348355,0.9245687038159679,73.65298664911771,73.65297748808187,0.0024008001477947667,0.0024007985358183853,0.0016537137518478182,0.0016537125819863485,1.5837653683491486e-05,1.5837508306631413e-05,0.0013923707342175737,0.0013923715726010372,-1.5932014432270593e-08,-1.5932014560549895e-08,-2.9372324857789854e-09,-2.937232509129247e-09,-6.524601120694594e-08,-6.524601285514152e-08,-4.958861639958375e-08,-4.958861733350346e-08,43.18252118075981,43.182520826790814,43.24196240605281,43.241962098493,False
4.36,62.542328313108605,9.3355547394346,0.1982224929701981,-6.645940491190827e-08,14.248999469486371,-7.435314213830702e-08,0.381562143895003,-5.126732226151929e-05,-0.000732221699865115,7.260094473927032e-08,0.0,0.31423175347614657,0.31423176602035086,0.31589942937332016,0.31589944087011185,3469.0142352477583,3469.011475522815,3102.125537869568,3102.123008575397,0.9244910585961793,0.9244822080018744,73.65288324250577,73.65287458824572,0.0019959540256632193,0.001995952691725726,0.0013096143412567793,0.0013096134205686015,1.5836164844518327e-05,1.583602422859933e-05,0.0013923803374711826,0.001392381181732891,-1.0815105144384373e-08,-1.0815105224084664e-08,1.0784655069832228e-09,1.07846551483021e-09,-5.42435900555904e-08,-5.4243591452140084e-08,-3.9270703300428884e-08,-3.9270704107875396e-08,43.1794702166503,43.179469892374065,43.23890772147526,43.23890744332027,False
4.37,62.68202315749215,9.363613866716323,0.19822249233545894,-6.05305182030222e-08,14.247992788608709,-2.0282829952768727e-08,0.3815616870759262,-4.018934255790409e-05,-0.0007321255368990381,6.07578536315356e-08,0.0,0.31423176899103755,0.31423178129883517,0.3158995731176286,0.3158995843984808,3469.0108219717417,3469.0081142562667,3102.0939141217073,3102.091432334224,0.9244028312655524,0.9243943345577516,73.65278253330534,73.65277441308424,0.0016403035816369793,0.0016403025078243958,0.0010128982215094203,0.0010128975252777146,1.5834667138297033e-05,1.583453237604518e-05,0.0013923910351241015,0.001392391870571997,-6.521581872137693e-09,-6.521581915913155e-09,4.311720979172208e-09,4.311721007747847e-09,-4.4578196834716546e-08,-4.45781980091083e-08,-3.037351084506212e-08,-3.037351153256631e-08,43.176419541369,43.17641924573317,43.23585337368371,43.235853123212095,False
4.38,62.821708132586764,9.391671012062318,0.1982224917586839,-5.48724083551849e-08,14.246986204353128,2.3749338542618833e-08,0.38156133808968995,-2.971625363809847e-05,-0.000732011008534051,5.030417745730333e-08,0.0,0.3142318007551405,0.3142318126776254,0.31589972530985,0.3158997362380536,3469.003833869091,3469.0012109224153,3102.060431833004,3102.058027628207,0.9243134108319117,0.924305322188378,73.65268448421479,73.65267691161675,0.001329452907112153,0.0013294520661857184,0.0007586727610366097,0.0007586722584631537,1.583316322714353e-05,1.58330351160899e-05,0.0013924025239816084,0.0013924033388872609,-2.9548390622186693e-09,-2.954839080200005e-09,6.866511143131288e-09,6.866511184387727e-09,-3.613033477272471e-08,-3.613033575307479e-08,-2.275033717801624e-08,-2.275033775533894e-08,43.173369159276014,43.17336889101851,43.2327993538281,43.232799129251745,False
4.39,62.96138323936224,9.419726175579951,0.19822249123700955,-4.951437186837726e-08,14.245979717825511,5.9039957757254735e-08,0.3815610904543617,-1.9931494139115123e-05,-0.0007318821886748674,4.113019205231931e-08,0.0,0.31423184672954524,0.31423185815279603,0.3158998827714551,0.31589989324243967,3468.9937195000507,3468.991206384877,3102.0257902798844,3102.023486663277,0.9242230440895247,0.9242154013417396,73.65258902371758,73.652582001307,0.0010592179752017753,0.001059217335622626,0.000542385403699793,0.0005423850622035796,1.5831655548487637e-05,1.583153463687526e-05,0.001392414524055798,0.0013924153092989401,-2.6483856585162773e-11,-2.6483856730600566e-11,8.836483129396397e-09,8.836483177308253e-09,-2.878627530633926e-08,-2.8786276118888842e-08,-1.626468451252884e-08,-1.6264684991139704e-08,43.170319073897964,43.170318831605684,43.2297456532394,43.229745452744204,False
4.4,63.10104847879567,9.447779357390191,0.19822249076733092,-4.447572754655236e-08,14.244973329881352,8.676097427037066e-08,0.3815609369470434,-1.0899980934195291e-05,-0.0007317429106883143,3.312761036674311e-08,0.0,0.3142319048693958,0.3142319157097705,0.3159000426118397,0.3159000525488426,3468.980928732931,3468.978543850495,3101.9906253952736,3101.988439254626,0.9241319644166661,0.9241247916302077,73.6524960513783,73.65248957289889,0.000825644383952222,0.000825643913338874,0.0003598221659150169,0.0003598219539376354,1.5830146305425663e-05,1.5830032932275104e-05,0.0013924267800344687,0.0013924275287651472,2.3439918319894703e-09,2.343991843552579e-09,1.0305614668492068e-08,1.0305614718687005e-08,-2.243853819952695e-08,-2.243853886832571e-08,-1.0790210885615449e-08,-1.0790211277598103e-08,43.16726928796867,43.16726907012698,43.22669226353372,43.226692085312216,False
4.41,63.240703851869235,9.475830557625917,0.19822249034639292,-3.9767464093648516e-08,14.243967041140095,1.0796704652968165e-07,0.3815608697839553,-2.6691608713956663e-06,-0.0007315967291538268,2.6190932239671256e-08,0.0,0.3142319731535105,0.3142319833532882,0.3159002022378512,0.31590021158790815,3468.965906227698,3468.963662276594,3101.955507672739,3101.95345066021,0.9240403900142645,0.924033699892267,73.6524054427733,73.65239949511812,0.0006250186016020799,0.000625018268984708,0.00020710175199757855,0.00020710164069696289,1.5828637462504557e-05,1.582853179495295e-05,0.0013924390622108071,0.00139243976953536,4.229586414404069e-09,4.229586433061504e-09,1.1348883512380102e-08,1.1348883561808287e-08,-1.698619530075382e-08,-1.6986195847496956e-08,-6.21055132940675e-09,-6.21055164669998e-09,43.1642198034764,43.1642196085106,43.2236391766995,43.22363901897671,False
4.42,63.38034935956823,9.50387977643034,0.19822248997086603,-3.5393689736553814e-08,14.24296085200127,1.2360313674828877e-07,0.3815608807893072,4.7298037067120325e-06,-0.000731446891086144,2.0218519676162297e-08,0.0,0.31423204961085704,0.31423205913424196,0.3159003593577924,0.3159003680880623,3468.9490856114535,3468.9469904667726,3101.92094128567,3101.9190206262924,0.9239485226048623,0.9239423184005738,73.65231705431519,73.65231161906632,0.0004538737782103612,0.00045387355538407053,8.066619346840174e-05,8.066615760847495e-05,1.582713074661591e-05,1.5827032809165056e-05,0.0013924511669280244,0.0013924518296162462,5.696196861606422e-09,5.6961968839713566e-09,1.2032934678491453e-08,1.2032934725138237e-08,-1.2335026883724589e-08,-1.233502732771071e-08,-2.4190354968929402e-09,-2.419035750791749e-09,43.16117062171621,43.16117044802581,43.22058638516869,43.220586246222034,False
4.43,63.519985002879196,9.53192701395555,0.19822248963740866,-3.1352901270677565e-08,14.241954762662017,1.3451218633614997e-07,0.38156096155177466,1.1280746545964611e-05,-0.0007312963159874234,1.5113426338099254e-08,0.0,0.31423213234379854,0.31423214117329,0.31590051198048874,0.31590052007491687,3468.930884364324,3468.9289418762005,3101.8873642924805,3101.885583518292,0.9238565463486298,0.9238508237162087,73.65223072760456,73.65222578248934,0.0003089910635135441,0.0003089909257364172,-2.2731204132514423e-05,-2.273118585350711e-05,1.5825627648762054e-05,1.582553735179074e-05,0.0013924629165830227,0.0013924635328033583,6.803048195100696e-09,6.8030482187636395e-09,1.2416736725742594e-08,1.2416736768384851e-08,-8.397556117568085e-09,-8.397556475748386e-09,6.816748821484042e-10,6.816746812950706e-10,43.15812174334626,43.15812158933301,43.217533881872704,43.2175337600471,False
4.44,63.659610782788214,9.559972270361166,0.19822248934271763,-2.7639088926830444e-08,14.240948773135587,1.4144275298410766e-07,0.3815611035676987,1.6981135201804602e-05,-0.0007311475840114587,1.078400935187775e-08,0.0,0.31423221954807695,0.3142322276812035,0.3159006584100076,0.315900665866326,3468.911699423074,3468.9099101352303,3101.855149798335,3101.8535094082877,0.9237646272547037,0.9237593757397883,73.65214629357095,73.65214181353447,0.00018739725655529644,0.00018739718278666588,-0.0001060399332885236,-0.00010603987828358147,1.582412943143516e-05,1.5824046593860927e-05,0.0013924741592452928,0.001392474728322309,7.603134301708279e-09,7.603134325023231e-09,1.255222005305783e-08,1.2552220091061888e-08,-5.092984093250385e-09,-5.092984380343278e-09,3.1800086279997192e-09,3.1800084709460395e-09,43.15507316844674,43.15507303253723,43.214481660284314,43.21448155400303,False
4.45,63.799226700279384,9.588015545813123,0.19822248908356843,-2.424269296383846e-08,14.23994288327046,1.4505651099115936e-07,0.38156129837040614,2.1840661877221675e-05,-0.0007310029314693632,7.144350530723737e-09,0.0,0.31423230952955544,0.3142323169759671,0.31590079723661724,0.3159008040636724,3468.891903497806,3468.890265287242,3101.8246079442115,3101.82310599208,0.9236729128173389,0.9236681171913875,73.65206357626798,73.65205953447764,8.635950853316687e-05,8.635948136409766e-05,-0.00017192780057400747,-0.00017192772264559635,1.5822637136996867e-05,1.5822561506577307e-05,0.0013924847679396603,0.0013924852901388942,8.143661827100988e-09,8.143661849006299e-09,1.248489180845853e-08,1.2484891841616046e-08,-2.3470449951009245e-09,-2.3470452237504045e-09,5.15595068600293e-09,5.155950564659267e-09,43.152024896580556,43.152024777244094,43.211429714446595,43.21142962221879,False
4.46,63.93883275633346,9.616056840482555,0.1982224888568464,-2.1151426663052218e-08,14.238937092769774,1.45935536840063e-07,0.38156153764530826,2.587981213808141e-05,-0.0007308642528723446,4.114512836633575e-09,0.0,0.31423240071778547,0.3142324074966878,0.31590092732455527,0.3159009335399532,3468.871842087201,3468.8703507286887,3101.795988597844,3101.794621210302,0.9235815319316201,0.9235771733489597,73.65198239616467,73.65197876472934,3.377705676114227e-06,3.377711067550926e-06,-0.0002227974000842385,-0.00022279730983165068,1.5821151598057346e-05,1.5821082868955472e-05,0.0013924946396396487,0.0013924951159748405,8.46649043517041e-09,8.466490455041541e-09,1.2254423310965456e-08,1.2254423339362922e-08,-9.179842887874485e-11,-9.179860983879796e-11,6.681536146525589e-09,6.6815360539398845e-09,43.14897692685456,43.148976822616945,43.20837803899003,43.20837795941528,False
4.47,64.07842895192663,9.644096154544803,0.19822248865957035,-1.835097974949911e-08,14.237931401210709,1.4458931969876533e-07,0.3815618133306711,2.912843394082596e-05,-0.0007307331086912735,1.6206563876034968e-09,0.0,0.3142324916765027,0.314232497814418,0.31590104779716294,0.3159010534252136,3468.8518311694115,3468.8504808280486,3101.769484624157,3101.768246453017,0.9234905951634559,0.9234866521198608,73.65190257328769,73.65189932395843,-6.382492651896466e-05,-6.382489960525602e-05,-0.0002608031360025021,-0.0002608030412849947,1.5819673451227526e-05,1.581961127846552e-05,0.0013925036940267508,0.0013925041260929383,8.608564012616554e-09,8.60856403014729e-09,1.1895207064694965e-08,1.189520708861209e-08,1.734626408563441e-09,1.734626266232241e-09,7.821360545576682e-09,7.821360475869153e-09,43.145929257980605,43.14592916743449,43.20532662913906,43.205326560909775,False
4.48,64.21801528802959,9.672133488178533,0.19822248848890978,-1.5825615198186382e-08,14.236925808063594,1.4146145168856448e-07,0.3815621177041611,3.1624327015248215e-05,-0.0007306107380127473,-4.049633684384853e-10,0.0,0.3142325811111946,0.31423258664002823,0.3159011580199123,0.31590116308985594,3468.832155537187,3468.8309391937923,3101.7452356192953,3101.7441202316963,0.9234001951334287,0.9233966442709681,73.65182392978575,73.65182103440168,-0.00011731253343789328,-0.00011731249345476456,-0.0002878684553250617,-0.00028786836173094786,1.5818203150253737e-05,1.5818147161802197e-05,0.0013925118720535623,0.001392512261880047,8.602328550017926e-09,8.60232856512629e-09,1.1436881406849582e-08,1.1436881426682043e-08,3.1883221286924998e-09,3.1883220174247356e-09,8.63309634501355e-09,8.633096293283425e-09,43.14288188833544,43.14288181014765,43.202275480709204,43.202275422610995,False
4.49,64.35759176560661,9.700168841564938,0.19822248834219663,-1.3558671248162563e-08,14.235920312710498,1.369359657260062e-07,0.38156244345546164,3.341187022690511e-05,-0.0007304980752854192,-2.0240945218595827e-09,0.0,0.31423266787390935,0.3142326728293002,0.3159012575818219,0.3159012621263169,3468.8130677399454,3468.811977553965,3101.723331999182,3101.722332210282,0.9233104071513902,0.9233072240198363,73.65174629233661,73.6517437232294,-0.00015894826054266024,-0.00015894821377778314,-0.00030570301284595054,-0.00030570292413579104,1.581674098103031e-05,1.5816690789403556e-05,0.0013925191343621183,0.0013925194842875424,8.476133434779373e-09,8.476133447534548e-09,1.0904821633280224e-08,1.0904821649482454e-08,4.319919402738895e-09,4.319919316272038e-09,9.168007310391563e-09,9.168007272609704e-09,43.139834816018876,43.13983474893535,43.19922459009604,43.19922454100673,False
4.5,64.497158385615,9.728202214887059,0.1982224882169322,-1.1532979861549106e-08,14.234914914463081,1.3134329967091964e-07,0.3815627837454171,3.454070213517377e-05,-0.0007303957703765195,-3.2926656824306315e-09,0.0,0.3142327509654997,0.3142327553854307,0.31590134627572725,0.3159013503295755,3468.7947875900727,3468.7938152052457,3101.7038193400094,3101.7029274933925,0.9232212900772628,0.9232184495983013,73.65166949400158,73.6516672243166,-0.00019040646794934147,-0.00019040641892329355,-0.00031581954371086876,-0.00031581946221628847,1.581528707824171e-05,1.581524228723113e-05,0.0013925254595908217,0.0013925257721574815,8.254613706364014e-09,8.25461371693074e-09,1.0320597156636465e-08,1.0320597169680625e-08,5.174919022964829e-09,5.174918956158201e-09,9.471454088585693e-09,9.471454061482896e-09,43.13678803890965,43.13678798175816,43.19617395425706,43.196173913144506,False
4.51,64.63671514900436,9.756233608329193,0.19822248811079055,-9.731211408432958e-09,14.233909612579538,1.2496587473270698e-07,0.38156313225230276,3.5064467599426615e-05,-0.0007303042111948768,-4.26102407455187e-09,0.0,0.31423282953551623,0.31423283345916053,0.31590142407782845,0.3159014276769185,3468.777502186432,3468.7766389846865,3101.6867028777438,3101.6859110779383,0.9231328872076625,0.92313036424375,73.65159337590988,73.65159137981036,-0.00021318525119669098,-0.00021318520302309585,-0.00031955026544890243,-0.00031955019241806617,1.5813841440390464e-05,1.581380165379764e-05,0.0013925308426142309,0.0013925311204792538,7.959051593335944e-09,7.959051601933224e-09,9.702394761478273e-09,9.70239477182603e-09,5.794032209371056e-09,5.7940321580393146e-09,9.58338567456732e-09,9.583385655525074e-09,43.1337415547182,43.133741506409486,43.19312357068773,43.193123536606755,False
4.52,64.7762620567165,9.784263022076377,0.19822248802161888,-8.136155583076263e-09,14.232904406280493,1.1804328370794998e-07,0.38156348320593686,3.503964099584391e-05,-0.0007302235481815029,-4.9742196525512435e-09,0.0,0.3142329028799768,0.3142329063467557,0.31590149112690474,0.31590149430734893,3468.7613664051087,3468.7606037137466,3101.6719520809597,3101.671252383239,0.92304522738062,0.9230429970527181,73.6515177885938,73.65151604146381,-0.00022861903726395847,-0.00022861899196383522,-0.00031806267153422247,-0.0003180626074216856,1.5812403946704798e-05,1.5812368772959567e-05,0.001392535292746511,0.0013925355386100178,7.607716167304488e-09,7.607716174175759e-09,9.065408577509786e-09,9.065408585594e-09,6.213522906001881e-09,6.213522866764857e-09,9.538812651828358e-09,9.53881263877634e-09,43.13069536103625,43.13069532056367,43.19007343739262,43.19007340948133,False
4.53,64.91579910968508,9.812290456313962,0.19822248794743466,-6.73094581018624e-09,14.231899294763751,1.1077709086964007e-07,0.38156383141044203,3.452443440871068e-05,-0.0007301537200201999,-5.472321982095535e-09,0.0,0.31423297043724774,0.3142329734860766,0.31590154770353984,0.315901550500983,3468.746503805501,3468.7458330631525,3101.6595052212383,3101.6588897837414,0.9229583260604693,0.9229563641072822,73.65144259291276,73.65144107145298,-0.00023789106735297184,-0.0002378910261210526,-0.00031237461300204943,-0.0003123745577050371,1.5810974372057735e-05,1.5810943429712014e-05,0.0013925388319376245,0.0013925390484838803,7.21618061876187e-09,7.216180624154217e-09,8.42219757086635e-09,8.422197577080236e-09,6.465546961838305e-09,6.465546931987802e-09,9.368259117438059e-09,9.368259108760936e-09,43.12764945538272,43.127649421820806,43.18702355285268,43.18702353032833,False
4.54,65.0553263088354,9.840315911227242,0.19822248788642166,-5.499235728980642e-09,14.230894277217795,1.0333525034864003e-07,0.38156417225654243,3.357779708400607e-05,-0.0007300944799769595,-5.7907584289660795e-09,0.0,0.31423303178228046,0.31423303445097867,0.3159015942096647,0.3159015966587457,3468.7330078983027,3468.732420784697,3101.6492738737734,3101.648735075955,0.9228721866454241,0.9228704696140205,73.65136766089199,73.65136634316649,-0.00024204561504761774,-0.0002420455784720862,-0.00030336859396791195,-0.000303368547013619,1.5809552404265645e-05,1.580952532474333e-05,0.001392541492995344,0.0013925416828463983,6.79761690023911e-09,6.797616904389453e-09,7.783011832692313e-09,7.783011837384145e-09,6.578484096469432e-09,6.57848407385282e-09,9.098191076253553e-09,9.098191070708353e-09,43.12460383524574,43.124603807747874,43.18397391598978,43.18397389814431,False
4.55,65.19484365508475,9.868339387001162,0.19822248783692398,-4.425334103295761e-09,14.229889352833979,9.585615391178396e-08,0.3815645017243291,3.225851048491368e-05,-0.0007300454223366494,-5.96066387608524e-09,0.0,0.3142330866194425,0.31423308894428725,0.3159016311486837,0.31590163328262627,3468.720943722655,3468.7204322568077,3101.641147289591,3101.640677822224,0.9227868016577038,0.92278530705042,73.65129287621485,73.65129174164656,-0.00024199982037649193,-0.00024199978861585544,-0.00029180523211953086,-0.000291805192809535,1.5808137658149933e-05,1.5808114087873905e-05,0.0013925433178515808,0.0013925434835312736,6.363067956501775e-09,6.363067959628346e-09,7.156089018095698e-09,7.156089021567418e-09,6.577259415140937e-09,6.577259398060733e-09,8.751419840542807e-09,8.75141983718716e-09,43.1215584981206,43.121558475915926,43.1809245261291,43.18092451232446,False
4.56,65.33435114934225,9.89636088382012,0.1982224877974389,-3.4943039647119517e-09,14.228884520817395,8.845232208068455e-08,0.38156481637746575,3.062438149189758e-05,-0.0007300060084671908,-6.009233761690064e-09,0.0,0.3142331347741849,0.3142331367895873,0.3159016591064074,0.3159016609567248,3468.710349679324,3468.7099062907955,3101.6349965903787,3101.634589520551,0.9227021539713749,0.9227008604812362,73.6512181343368,73.65121716386253,-0.000238555048379662,-0.00023855502130171665,-0.0002783358558456962,-0.00027833582336392467,1.580672968923174e-05,1.5806709293374676e-05,0.0013925443558920308,0.0013925444998029845,5.921698020910145e-09,5.921698023207844e-09,6.547922451608084e-09,6.547922454116606e-09,6.483651998135664e-09,6.483651985263969e-09,8.347479585451542e-09,8.347479583582497e-09,43.11851344154345,43.11851342393346,43.17787538296015,43.17787537262375,False
4.57,65.47384879250917,9.92438040186774,0.1982224877666088,-2.6920320376844074e-09,14.227879780396394,8.121375480658785e-08,0.3815651133498221,2.8731534644910297e-05,-0.0007299755921038104,-5.960073684231071e-09,0.0,0.31423317618377744,0.3142331779220627,0.31590167873298136,0.31590168032927546,3468.7012395689667,3468.7008571462143,3101.630678744104,3101.6303275594028,0.9226182181753745,0.922617105690342,73.65114334273021,73.65114251866883,-0.00023240770476435637,-0.00023240768205266948,-0.00026351422678719277,-0.00026351420027788554,1.580532800893214e-05,1.5805310471298442e-05,0.0013925446623755118,0.0013925447867789952,5.481021596566891e-09,5.481021598205437e-09,5.963502598738983e-09,5.963502600499199e-09,6.316588738901952e-09,6.316588729208339e-09,7.902978721719405e-09,7.902978720822073e-09,43.115468663121014,43.11546864947555,43.17482648649762,43.174826479117556,False
4.58,65.61333658547919,9.952397941326762,0.19822248774321322,-2.0052727905978637e-09,14.226875130830784,7.421095970711756e-08,0.3815653903255218,2.66338028451113e-05,-0.0007299534435078843,-5.833540131257045e-09,0.0,0.3142332108873365,0.3142332123786101,0.31590169072596114,0.31590169209580055,3468.6936047859685,3468.6932767057756,3101.628040288553,3101.6277389238835,0.9225349617176826,0.9225340114006778,73.65106842068487,73.65106772668172,-0.0002241594608662154,-0.00022415944209954743,-0.0002478073915005352,-0.000247807370122142,1.580393209541023e-05,1.5803917119691413e-05,0.001392544296945281,0.001392544403949441,5.04711201090099e-09,5.047112012024985e-09,5.406533568238085e-09,5.406533569426881e-09,6.0924221368584466e-09,6.092422129549832e-09,7.431925192420219e-09,7.431925192125353e-09,43.112424160555975,43.11242415030919,43.171777837042015,43.17177783216248,False
4.59,65.75281452913897,9.98041350237896,0.19822248772615952,-1.4216715585946214e-09,14.225870571418692,6.749767682149439e-08,0.3815656455133836,2.438221461548207e-05,-0.0007299387722153719,-5.64706808449792e-09,0.0,0.31423323901535855,0.3142332402874439,0.31590169581464655,0.31590169698351056,3468.6874166211232,3468.6871367623394,3101.6269207777614,3101.62666362768,0.9224523462060006,0.9224515405057134,73.650993299034,73.65099272010245,-0.0002143268579774582,-0.00021432684268718192,-0.00023160567665674896,-0.00023160565961701874,1.580254140665492e-05,1.5802528716561697e-05,0.0013925433222493659,0.001392543413805075,4.624790491076813e-09,4.62479049180706e-09,4.879626387129671e-09,4.879626387890402e-09,5.825191234085321e-09,5.8251912285563474e-09,6.946026121359061e-09,6.946026121408508e-09,43.10937993166843,43.109379924314474,43.16872943514107,43.16872943235793,False
4.6,65.89228262436832,10.00842708520507,0.19822248771447423,-9.297704007495934e-10,14.224866101502169,6.111331953196577e-08,0.38156587761670496,2.2024574875904368e-05,-0.0007299307481480078,-5.415482298704377e-09,0.0,0.3142332607789574,0.3142332618573919,0.315901694745764,0.3159016957370382,3468.6826286293726,3468.682391373781,3101.62715593192,3101.6269378516013,0.9223703285340894,0.9223696512000946,73.65091791976631,73.65091744220187,-0.00020335027503137133,-0.0002033502627414204,-0.0002152318516706734,-0.00021523183824748453,1.5801155390336933e-05,1.5801144729856212e-05,0.0013925418026769422,0.0013925418805757676,4.217796822820875e-09,4.2177968232564566e-09,4.384470765824066e-09,4.38447076627113e-09,5.52686526227324e-09,5.526865258065709e-09,6.454962524413495e-09,6.454962524632446e-09,43.106335974413255,43.106335969502034,43.16568128155219,43.16568128050867,False
4.61,66.03174087204079,10.036438689984784,0.19822248770729387,-5.189998190762794e-10,14.223861720471612,5.508515150520114e-08,0.3815660857993043,1.9605135196066476e-05,-0.000729928520915536,-5.15128995004817e-09,0.0,0.31423327645899246,0.3142332773670668,0.3159016882705462,0.3159016891055594,3468.679179021662,3468.678979245308,3101.628580479837,3101.62839677694,0.9222888619043679,0.9222882980000326,73.65084223546633,73.65084184676668,-0.00019160225560365123,-0.00019160224585697098,-0.0001989494895658082,-0.00019894947911748903,1.579977349179299e-05,1.579976462544495e-05,0.0013925398032140607,0.0013925398690899779,3.828942715490201e-09,3.828942715710944e-09,3.921987035284308e-09,3.921987035507552e-09,5.2075698905828254e-09,5.207569887352869e-09,5.9666400022659165e-09,5.9666400025409425e-09,43.10329228689391,43.1032922840268,43.16263337720656,43.16263337758912,False
4.62,66.17118927302424,10.064448316896735,0.19822248770385623,-1.7965944097974468e-10,14.222857427769004,4.943021941883057e-08,0.38156626964869406,1.7164348672020137e-05,-0.0007299312371888141,-4.864953162146947e-09,0.0,0.3142332863952528,0.3142332871540858,0.3159016771332394,0.31590167783133305,3468.676993044393,3468.6768261011216,3101.631030687333,3101.6308771067324,0.9222078970882,0.9222074328924367,73.65076620884778,73.65076589765394,-0.00017939519983241141,-0.0001793951922071902,-0.00018297056216802656,-0.00018297055413620856,1.5798395166136237e-05,1.5798387877358027e-05,0.0013925373884263962,0.0013925374437607487,3.4602489927991608e-09,3.460248992868221e-09,3.492459930497628e-09,3.492459930566449e-09,4.875796226299106e-09,4.875796223790859e-09,5.487416491806532e-09,5.487416492068431e-09,43.10024886737264,43.1002488661983,43.15958572317503,43.15958572470943,False
4.63,66.31062782818134,10.092455966118537,0.1982224877034921,9.710999574334719e-11,14.221853222890106,4.415706091054363e-08,0.381566429137202,1.4738703900609977e-05,-0.0007299380560710623,-4.56514057977687e-09,0.0,0.31423329097584896,0.31423329160448826,0.3159016620610406,0.31590166263966074,3468.675985313233,3468.6758470125856,3101.634346571074,3101.6342192746406,0.9221273830996823,0.9221270061167296,73.65068981185655,73.65068956791477,-0.0001669884345349708,-0.00016698842865337492,-0.00016746230959512078,-0.00016746230350254916,1.579701988050559e-05,1.5797013971907993e-05,0.0013925346215593285,0.0013925346676881573,3.1130677705501856e-09,3.1130677705166e-09,3.095655800023636e-09,3.095655799990661e-09,4.5385929282322015e-09,4.538592926256884e-09,5.022308270080069e-09,5.022308270290701e-09,43.09720571427723,43.09720571448755,43.15653832063595,43.156538323083645,False
4.64,66.45005653837,10.120461637826844,0.19822248770561676,3.1936167134681456e-10,14.220849105385653,3.926720659722574e-08,0.3815665645818029,1.236063200597537e-05,-0.0007299481624376409,-4.258957708424823e-09,0.0,0.31423329062694655,0.31423329114248705,0.31590164375544477,0.3159016442302505,3468.6760620717628,3468.675948652853,3101.6383738021536,3101.6382693448886,0.9220472683768393,0.9220469672576213,73.65061302522206,73.65061283927514,-0.0001545946811051857,-0.00015459467663676935,-0.00015255342631594553,-0.00015255342176108205,1.5795647125310854e-05,1.5795642417436003e-05,0.0013925315637702733,0.0013925316018917682,2.7881907971675995e-09,2.7881907970686674e-09,2.730924718614728e-09,2.730924718519054e-09,4.201741963829663e-09,4.2017419622491525e-09,4.575175474370848e-09,4.575175474513185e-09,43.09416282620498,43.09416282753119,43.15349117084566,43.15349117400026,False
4.65,66.58947540444412,10.148465332197365,0.19822248770972198,4.943820933141838e-10,14.21984507486167,3.4756494321974715e-08,0.38156667660336,1.0058480293350875e-05,-0.0007299607782532076,-3.952156201107112e-09,0.0,0.31423328580295656,0.31423328622066987,0.3159016228849679,0.3159016232699497,3468.6771233495597,3468.6770314526316,3101.64296530706,3101.6428806110707,0.9219675013051668,0.9219672657972571,73.6505358374451,73.65053570119058,-0.00014238594531189522,-0.0001423859419733925,-0.0001383396076186829,-0.00013833960426848846,1.5794276414615455e-05,1.5794272745193718e-05,0.0013925282734710777,0.0013925283046551504,2.48594500494349e-09,2.485945004806932e-09,2.3972890223107177e-09,2.397289022180697e-09,3.869918664068323e-09,3.869918662782333e-09,4.148888449574776e-09,4.148888449645518e-09,43.091120201923594,43.09112020413256,43.15044427511102,43.15044427879509,False
4.66,66.7288844272539,10.176467049404968,0.19822248771536885,6.287341193920642e-10,14.218841130978952,3.061621298284118e-08,0.3815667660859074,7.85654585211533e-06,-0.000729975171908883,-3.649322643957549e-09,0.0,0.31423327697727865,0.3142332773107483,0.3159016000791902,0.3159016003867946,3468.6790649986997,3468.6789916353787,3101.647982578156,3101.647914905191,0.9218880311357668,0.9218878520111646,73.65045824418776,73.6504581501917,-0.00013049885651297564,-0.0001304988540657612,-0.00012488850099564506,-0.0001248884985775245,1.5792907293766156e-05,1.5792904516597917e-05,0.001392524805793901,0.001392524830991504,2.2062764214208276e-09,2.2062764212666862e-09,2.0935195525768656e-09,2.093519552432453e-09,3.546836822362549e-09,3.5468368212987563e-09,3.745476254640895e-09,3.745476254645106e-09,43.08807784036985,43.088077843260535,43.14739763476481,43.147397638826845,False
4.67,66.86828360764667,10.204466789623746,0.19822248772218076,7.28302252564278e-10,14.217837273451858,2.683409233224923e-08,0.38156683413653963,5.775162301050199e-06,-0.0007299906656511089,-3.3540476737650873e-09,0.0,0.31423326463367773,0.31423326489493736,0.3159015759240543,0.3159015761653096,3468.6817805909022,3468.6817231137848,3101.6532967080525,3101.6532436318876,0.9218088085138169,0.9218086775184244,73.65038024741293,73.65038018907363,-0.00011903948647683799,-0.00011903948472300774,-0.00011224410652211565,-0.00011224410481573825,1.5791539340904825e-05,1.5791537325116576e-05,0.0013925212121625114,0.0013925212322159516,1.9488234745930927e-09,1.9488234744353654e-09,1.8182008835190556e-09,1.8182008833737628e-09,3.2353796565174817e-09,3.2353796556239968e-09,3.366258647554621e-09,3.366258647501934e-09,43.085035740645864,43.085035744046095,43.144351251143476,43.14435125545514,False
4.68,67.0076729464671,10.232464553027103,0.19822248772983658,7.983385562905182e-10,14.216833502046464,2.3395154188009466e-08,0.3815668820464073,3.830832846593056e-06,-0.0007300066411982711,-3.0690764601258856e-09,0.0,0.3142332492583566,0.314233249458026,0.31590155095834277,0.31590155114298396,3468.68516316155,3468.685119234284,3101.658789164594,3101.658748543532,0.9217297860370476,0.9217296958256643,73.65030185465592,73.65030182610337,-0.0001080876793974546,-0.00010808767817523454,-0.00010043066968663392,-0.00010043066851606966,1.579017216960603e-05,1.5790170798656258e-05,0.001392517539969541,0.001392517555621544,1.7129806333550215e-09,1.712980633203039e-09,1.5697867696616313e-09,1.5697867695241167e-09,2.9377174907430413e-09,2.937717489982724e-09,3.0119628502739036e-09,3.0119628501759195e-09,43.08199390201355,43.08199390577689,43.141305125567634,43.14130513002116,False
4.69,67.147052444558,10.260460339787821,0.19822248773806475,8.435091871491642e-10,14.21582981657819,2.028243953017956e-08,0.3815669112532455,2.0364028997078516e-06,-0.0007300225436610058,-2.79644173512833e-09,0.0,0.3142332313327714,0.3142332314801886,0.3159015256712486,0.31590152580783776,3468.68910679029,3468.6890743585086,3101.6643523253174,3101.6643222756966,0.921650918747068,0.9216508627602075,73.65022307822034,73.65022307425679,-9.77009254019162e-05,-9.770092458087314e-05,-8.945610907274195e-05,-8.945610829920851e-05,1.5788805431016555e-05,1.578880460070151e-05,0.0013925138323482532,0.0013925138442513942,1.4979533963556174e-09,1.4979533962151832e-09,1.3466468278966896e-09,1.3466468277720385e-09,2.6554130342602995e-09,2.6554130336065282e-09,2.6828263637945486e-09,2.6828263636631324e-09,43.078952323887336,43.07895232789025,43.13825925932493,43.138259263830754,False
4.7,67.28642210276047,10.288454150078167,0.19822248774663767,8.679401472178116e-10,14.214826216908985,1.7477624897932122e-08,0.381566923305799,4.0126565910469446e-07,-0.0007300378838976778,-2.537580645410113e-09,0.0,0.31423321132722015,0.31423321143056776,0.3159015005009468,0.31590150059698907,3468.69350801157,3468.693485275096,3101.6698897917104,3101.6698686624077,0.9215721644352763,0.9215721369148387,73.65014393445192,73.65014395057251,-8.791781026524652e-05,-8.791780974162052e-05,-7.931501948974122e-05,-7.931501900509835e-05,1.5787438813496963e-05,1.5787438432330002e-05,0.0013925101280336,0.0013925101367608602,1.3028054506538864e-09,1.3028054505282013e-09,1.1471055256777089e-09,1.1471055255684451e-09,2.389515144496809e-09,2.3895151439303645e-09,2.378687049874367e-09,2.3786870497205934e-09,43.075911005825596,43.07591100996483,43.135213653655555,43.13521365814018,False
4.71,67.42578192191465,10.316445984069956,0.19822248775536655,8.752618644109575e-10,14.213822702944181,1.496154051887189e-08,0.38156691983044144,-1.0684056929511959e-06,-0.0007300522394479352,-2.2934367481946515e-09,0.0,0.3142331896952213,0.3142331897616456,0.3159014758340742,0.3159014758961259,3468.698267051319,3468.6982524379705,3101.6753165036826,3101.6753028523094,0.9214934839594034,0.9214934798261158,73.65006444306071,73.65006447523207,-7.876107365020953e-05,-7.876107334256718e-05,-6.999128944446007e-05,-6.999128916552135e-05,1.578607204313822e-05,1.5786072030354684e-05,0.0013925064613038696,0.0013925064673539363,1.1264988378972357e-09,1.1264988377876345e-09,9.694743835326335e-10,9.694743834395039e-10,2.140641952255403e-09,2.140641951762208e-09,2.0990616451391795e-09,2.099061644972749e-09,43.072869947520935,43.072869951711105,43.13216830974001,43.13216831414396,False
4.72,67.56513190285993,10.344435841934654,0.19822248776409648,8.686526517172952e-10,14.212819274629013,1.2714601632967044e-08,0.3815669025002245,-2.369405238874342e-06,-0.0007300652541949278,-2.0645484904975743e-09,0.0,0.3142331668686866,0.3142331669044087,0.31590145200601694,0.31590145203978737,3468.7032888889566,3468.7032810300843,3101.6805586762775,3101.6805512467827,0.9214148415486431,0.9214148563892983,73.64998462642295,73.64998467121508,-7.024030743834601e-05,-7.024030728366285e-05,-6.146036991273624e-05,-6.146036977638216e-05,1.5784704884778808e-05,1.5784705170214878e-05,0.0013925028619928255,0.0013925028658015148,9.67927935328729e-10,9.679279352352605e-10,8.120781901661229e-10,8.120781900886968e-10,1.909054205993059e-09,1.9090542055625694e-09,1.8432138155894183e-09,1.8432138154183996e-09,43.06982914878969,43.06982915296105,43.129123228689174,43.129123232965284,False
4.73,67.70447204643547,10.372423723843434,0.19822248777270235,8.508799592191829e-10,14.211815931945015,1.071716344555779e-08,0.3815668730065328,-3.501226719150286e-06,-0.0007300766369109432,-1.8511254768262442e-09,0.0,0.31423314325387947,0.31423314326429763,0.3159014293019101,0.3159014293123558,3468.708484146521,3468.7084818545245,3101.685553579777,3101.6855512817233,0.9213362047986776,0.9213362347516814,73.64990450897317,73.64990456336942,-6.235432502034292e-05,-6.23543249705643e-05,-5.369122888609361e-05,-5.369122884514731e-05,1.5783337138397726e-05,1.5783337660619254e-05,0.0013924993555659874,0.0013924993575109138,8.259478910637372e-10,8.259478909856054e-10,6.73276064570392e-10,6.732760645075085e-10,1.6947196735399675e-09,1.6947196731640346e-09,1.6102127852704342e-09,1.6102127851012182e-09,43.06678860956064,43.0667886136571,43.12607841153655,43.126078415648244,False
4.74,67.84380235348033,10.400409629967264,0.1982224877810848,8.243397885139998e-10,14.210812674906244,8.949809300203415e-09,0.38156683303346756,-4.465786378563952e-06,-0.0007300861588422617,-1.6531137888763126e-09,0.0,0.3142331192281395,0.3142331192179229,0.315901407958253,0.31590140794966254,3468.7137698093106,3468.713772056964,3101.6902491843434,3101.690251074245,0.9212575449047549,0.9212575866555004,73.64982411660532,73.64982417805405,-5.509323079991421e-05,-5.509323081899572e-05,-4.6648024358523e-05,-4.6648024378326084e-05,1.578196864025616e-05,1.5781969346561797e-05,0.0013924959632510862,0.0013924959636600776,6.993982169947403e-10,6.993982169306386e-10,5.514780023736968e-10,5.514780023237924e-10,1.4973693958773932e-09,1.4973693955494862e-09,1.3989835187319599e-09,1.3989835185693552e-09,43.063748329863614,43.06374833384093,43.123033859232386,43.1230338631523,False
4.75,67.98312282483394,10.42839356047696,0.19822248778916676,7.910936398729038e-10,14.209809503555462,7.393580731570481e-09,0.38156678423502816,-5.2671411440633505e-06,-0.0007300936504872841,-1.4702515837055189e-09,0.0,0.3142330951373462,0.31423309511051967,0.3159013881650423,0.3159013881411145,3468.7190697838378,3468.7190756856767,3101.6946036906934,3101.6946089548105,0.921178836608907,0.9211788872907681,73.64974347618733,73.64974354249235,-4.844021800130036e-05,-4.844021806270969e-05,-4.02915259146387e-05,-4.02915259702377e-05,1.5780599259789352e-05,1.5780600104588494e-05,0.0013924927022160817,0.001392492701371967,5.871220932059227e-10,5.87122093154278e-10,4.451575734659923e-10,4.4515757342733087e-10,1.3165465560900826e-09,1.316546555804766e-09,1.2083493619323916e-09,1.2083493617797944e-09,43.06070830981764,43.06070831364173,43.11998957263979,43.11998957634837,False
4.76,68.12243346133641,10.456375515543268,0.19822248779689025,7.529033445820683e-10,14.208806417960325,6.0301572382358e-09,0.381566728215118,-5.911206564533589e-06,-0.0007300989977178151,-1.3021161015375818e-09,0.0,0.3142330712940833,0.314233071254105,0.31590137006833496,0.31590137003224933,3468.7243153016802,3468.7243240969055,3101.6985849663115,3101.698592905151,0.9211000581989027,0.9211001153602164,73.64966261503926,73.64966268435873,-4.237312127063536e-05,-4.2373121355270155e-05,-3.458031291423317e-05,-3.458031298810116e-05,1.5779228897997378e-05,1.5779229842312615e-05,0.0013924895857841352,0.0013924895839309034,4.879819633027174e-10,4.879819632618626e-10,3.5286128727320316e-10,3.5286128724403486e-10,1.1516486832411895e-09,1.1516486829937796e-09,1.0370679813540927e-09,1.037067981213694e-09,43.057668549619265,43.05766855326479,43.11694555253234,43.11694555601669,False
4.77,68.26173426382854,10.484355495336896,0.19822248780421342,7.112633284088015e-10,14.207803418209597,4.84199282332073e-09,0.3815666665103538,-6.405478476148511e-06,-0.0007301021373871305,-1.1481631393586774e-09,0.0,0.3142330479764646,0.3142330479262946,0.3159013537731536,0.3159013537276329,3468.729445177787,3468.729456215195,3101.702169906213,3101.702179920767,0.9210211914149975,0.9210212530230009,73.64958156050575,73.64958163128851,-3.6865748964761e-05,-3.6865749059245085e-05,-2.947177503882671e-05,-2.9471775119041132e-05,1.577785748483496e-05,1.5777858496429455e-05,0.0013924866236804281,0.0013924866210275097,4.008718765306694e-10,4.0087187649896166e-10,2.7321516323524613e-10,2.732151632139092e-10,1.0019638676175592e-09,1.001963867403907e-09,8.838613742790172e-10,8.838613741520206e-10,43.054629049530895,43.05462905297994,43.113901799593265,43.11390180284606,False
4.78,68.4010252331521,10.512333500028573,0.19822248781110827,6.674306340999258e-10,14.20680050440951,3.812415619290383e-09,0.3815666005756264,-6.75876188923504e-06,-0.0007301030525604906,-1.0077599535958203e-09,0.0,0.3142330254275696,0.31423302536973147,0.3159013393466512,0.3159013392940183,3468.7344059346938,3468.734418659081,3101.705343736737,3101.7053553159744,0.9209422214058048,0.9209422856903399,73.64950033962275,73.64950041059727,-3.188901836401026e-05,-3.188901845931311e-05,-2.4922938835993827e-05,-2.492293891479274e-05,1.5776484977975432e-05,1.577648602872948e-05,0.0013924838223034546,0.0013924838190304974,3.247270473707029e-10,3.247270473465991e-10,2.0492891854563115e-10,2.049289185306123e-10,8.667016188311475e-10,8.66701618647506e-10,7.47440659319802e-10,7.474406592066314e-10,43.05158980986961,43.05158981311048,43.11085831441597,43.110858317434584,False
4.79,68.54030637015003,10.540309529789091,0.19822248781755822,6.224525802918099e-10,14.20579767668023,2.9256962113166195e-09,0.38156653177232214,-6.980910121430689e-06,-0.0007301017674944102,-8.802124790682981e-10,0.0,0.31423300385543856,0.31423300379207436,0.3159013268214614,0.31590132676368887,3468.7391518035192,3468.7391657436438,3101.7080992784995,3101.7081119884515,0.9208631364365959,0.9208632019968939,73.64941897871677,73.64941904882099,-2.741191545800902e-05,-2.7411915548343308e-05,-2.089114174334657e-05,-2.0891141816001878e-05,1.5775111357822683e-05,1.5775112425610932e-05,0.0013924811850112944,0.0013924811812711902,2.5853101609512603e-10,2.585310160772278e-10,1.467981788461797e-10,1.467981788361454e-10,7.450189551749592e-10,7.450189550179059e-10,6.265262917067496e-10,6.265262916072377e-10,43.04855083099624,43.048550834022485,43.10781509750574,43.10781510029134,False
4.8,68.67957767566666,10.568283584789343,0.19822248782355636,5.771918881861758e-10,14.204794935152517,2.167089683553952e-09,0.38156646135909217,-7.082576739133116e-06,-0.0007300983424805793,-7.647876546658782e-10,0.0,0.31423298343357137,0.3142329833664901,0.3159013161991612,0.31590131613791633,3468.743644614303,3468.7436593721854,3101.710436184545,3101.71044965841,0.9207839279368183,0.9207839935712362,73.64933750322822,73.64933757162035,-2.3402299087904864e-05,-2.340229916985649e-05,-1.7334573324501647e-05,-1.7334573388447552e-05,1.577373662877348e-05,1.5773737694590706e-05,0.0013924787124219994,0.0013924787083450314,2.0132074855880042e-10,2.013207485458754e-10,9.770508063527358e-11,9.770508062908021e-11,6.360422619675881e-10,6.360422618339814e-10,5.198642953487331e-10,5.198642952622879e-10,43.04551211330515,43.0455121161146,43.10477214928242,43.10477215183928,False
4.81,68.81883915054753,10.59625566520034,0.19822248782910346,5.32349821610808e-10,14.203792279964585,1.5228558002049253e-09,0.3815663904850292,-7.074982422273742e-06,-0.0007300928686591364,-6.607315626042503e-10,0.0,0.3142329643018731,0.31423296423259345,0.3159013074537884,0.3159013073904715,3468.7478535879245,3468.747868829445,3101.712360166552,3101.7123740962716,0.9207045900065256,0.9207046547834393,73.64925593732283,73.64925600336325,-1.98275678176704e-05,-1.9827567889521366e-05,-1.4212701402848066e-05,-1.4212701457018593e-05,1.577236081160064e-05,1.5772361860813538e-05,0.0013924764027147105,0.0013924763984115723,1.521900309152711e-10,1.5219003090625882e-10,5.661752334890164e-11,5.661752334559134e-11,5.388854183061324e-10,5.388854181930901e-10,4.262390422897739e-10,4.2623904221551505e-10,43.04247365721441,43.04247365980843,43.101729470083896,43.10172947241875,False
4.82,68.95809079563962,10.624225771193247,0.1982224878342066,4.884872745100408e-10,14.202789711259175,9.802611781711837e-10,0.38156632018509257,-6.969698435880503e-06,-0.0007300854628943528,-5.672840120205808e-10,0.0,0.3142329465679883,0.31423294649777606,0.3159013005353496,0.3159013004711285,3468.751755042582,3468.751770489271,3101.7138822230927,3101.7138963517286,0.9206251195307233,0.9206251826844931,73.64917430384993,73.64917436704746,-1.6655206402253496e-05,-1.6655206463462082e-05,-1.1486598923396441e-05,-1.14865989677266e-05,1.5770983946588862e-05,1.5770984967186534e-05,0.001392474251936509,0.0013924742475003218,1.1029142439418109e-10,1.1029142438818762e-10,2.258734826841236e-11,2.2587348267200454e-11,4.5266465076345513e-10,4.526646506683419e-10,3.4448305450797167e-10,3.4448305444484357e-10,43.03943546315696,43.03943546553974,43.09868706017037,43.098687062291866,False
4.83,69.0973326117914,10.652193902939382,0.19822248783887794,4.460435386148871e-10,14.2017872291809,5.27566865282084e-10,0.38156625137761196,-6.778447980615775e-06,-0.0007300762627938908,-4.836901315107524e-10,0.0,0.314232930308966,0.3142329302388673,0.3159012953732745,0.3159012953091156,3468.7553320274865,3468.7553474492015,3101.715017879615,3101.715031994573,0.9205455156782304,0.920545576600258,73.64909262417089,73.64909268413966,-1.3853226998582077e-05,-1.3853227049388972e-05,-9.11918595160439e-06,-9.119185986661532e-06,1.5769606086415032e-05,1.576960706888486e-05,0.0013924722543021187,0.001392472249810321,7.48369972381017e-11,7.4836997234388e-11,-5.252290479086638e-12,-5.252290478829298e-12,3.7651052577831863e-10,3.765105256987389e-10,2.734842603471922e-10,2.734842602940528e-10,43.03639753157226,43.036397533750176,43.0956449197292,43.0956449216474,False
4.84,69.23656459985268,10.68016006061026,0.19822248784313334,4.053534119953011e-10,14.200784833873819,1.5400429293664363e-10,0.3815661848636825,-6.512926314134471e-06,-0.0007300654219408948,-4.0920944443460213e-10,0.0,0.3142329155731989,0.3142329155040694,0.3159012918797717,0.3159012918164657,3468.7585738962503,3468.7585891047356,3101.7157864502356,3101.715800377549,0.9204657797515337,0.9204658380180282,73.64901091791063,73.64901097440236,-1.139051890374087e-05,-1.1390518944876259e-05,-7.0753996460158055e-06,-7.0753996727332744e-06,1.5768227295279676e-05,1.5768228233108582e-05,0.0013924704024834529,0.0013924703980006897,4.509809808664954e-11,4.5098098084615606e-11,-2.7690216975036086e-11,-2.7690216973803057e-11,3.0957745547878405e-10,3.0957745541257537e-10,2.1219109069589962e-10,2.1219109065158675e-10,43.033359862898834,43.033359864880005,43.09260304888002,43.092603050606,False
4.85,69.3757867606747,10.708124244377556,0.19822248784699167,3.6666244961770644e-10,14.199782525479298,-1.502578724031386e-10,0.3815661213282638,-6.184640177894329e-06,-0.0007300531053965147,-3.431228369182321e-10,0.0,0.31423290238258167,0.31423290231511175,0.3159012899530466,0.31590128989123273,3468.761475832036,3468.7614906754184,3101.716210329748,3101.716223928803,0.9203859149816658,0.9203859702647926,73.64892920304048,73.6489292559067,-9.237119450610397e-06,-9.237119483080944e-06,-5.32230339511885e-06,-5.322303414606962e-06,1.5766847647287164e-05,1.5766848535461413e-05,0.0013924686878933781,0.0013924686834728864,2.040433130747823e-11,2.0404331306645767e-11,-4.54409902575785e-11,-4.5440990255748054e-11,2.5105106030995067e-10,2.5105106025517637e-10,1.5961575062282446e-10,1.5961575058620458e-10,43.03032245756768,43.03032245936146,43.08956144768039,43.089561449225904,False
4.86,69.51499909511024,10.73608645441315,0.19822248785047383,3.30140518104768e-10,14.198780304134106,-3.9415375403747734e-10,0.38156606134278637,-5.804766738832679e-06,-0.0007300394855191352,-2.847377896952636e-10,0.0,0.3142328907348342,0.31423289066957183,0.3159012894803541,0.31590128942053997,3468.7640383364837,3468.764052694201,3101.7163143220973,3101.716327481211,0.9203059262562727,0.9203059783230141,73.64884749579592,73.64884754495463,-7.364417131946262e-06,-7.364417156883056e-06,-3.82914530594189e-06,-3.829145319358896e-06,1.576546722382407e-05,1.5765468058829853e-05,0.001392467100951809,0.0013924670966365528,1.4190427946086635e-13,1.4190427945565318e-13,-5.914898572306365e-11,-5.91489857209182e-11,2.0015368944915908e-10,2.001536894040989e-10,1.1483597207676338e-10,1.1483597204676546e-10,43.02728531599634,43.02728531761297,43.086520116131474,43.08652011750864,False
4.87,69.65420160401328,10.764046690889092,0.19822248785360203,2.9589397233253916e-10,14.19777816996879,-5.857653067529558e-10,0.38156600536907176,-5.384031960204725e-06,-0.0007300247381358105,-2.3339216739600235e-10,0.0,0.3142328806059422,0.3142328805433121,0.3159012903408586,0.31590129028343833,3468.7662666927245,3468.766280471339,3101.716125011107,3101.716137643571,0.9202258198343645,0.9202258685674872,73.64876581057653,73.6487658560351,-5.745297073929641e-06,-5.7452970924841995e-06,-2.5673747969293313e-06,-2.567374805396614e-06,1.576408611081102e-05,1.5764086891010334e-05,0.0013924656313346233,0.0013924656271593016,-1.624849586998542e-11,-1.6248495869450378e-11,-6.939270057774575e-11,-6.939270057548968e-11,1.5614837416342287e-10,1.5614837412656127e-10,7.699551019988638e-11,7.69955101755233e-11,43.02424843858389,43.024248440034185,43.08347905418384,43.083479055404915,False
4.88,69.79339428823901,10.792004953977614,0.19822248785639943,2.639763261374172e-10,14.196776123106318,-7.323707921599368e-10,0.38156595376437313,-4.93260805649572e-06,-0.0007300090390912625,-1.8845683188012152e-10,0.0,0.3142328719526655,0.3142328718929868,0.31590129240828396,0.31590129235355363,3468.7681704135875,3468.768183542903,3101.7156701775316,3101.7156822182046,0.9201456031890847,0.920145648527844,73.64868416009207,73.6486842018691,-4.354237800881196e-06,-4.354237814156747e-06,-1.5106250164179213e-06,-1.5106250209680173e-06,1.576270439820534e-05,1.5762705122835598e-05,0.001392464268208767,0.0013924642641996944,-2.9274195577735585e-11,-2.927419557687555e-11,-7.668915977967959e-11,-7.668915977745508e-11,1.1834145719964835e-10,1.1834145716966124e-10,4.530361485808557e-11,4.5303614838466083e-11,43.02121182570669,43.02121182700177,43.080438261743375,43.08043826282053,False
4.89,69.9325771486439,10.819961243851116,0.19822248785888938,2.3439747854257536e-10,14.195774163660959,-8.404953358375043e-10,0.3815659067873479,-4.460029454853613e-06,-0.0007299925611904133,-1.493373100702104e-10,0.0,0.31423286471507406,0.3142328646585746,0.3159012955533382,0.3159012955015105,3468.769762683711,3468.7697751135947,3101.714978265604,3101.714989667688,0.9200652846811048,0.920065326620525,73.64860255523273,73.64860259345568,-3.1673671222771648e-06,-3.1673671312868564e-06,-6.346679242184829e-07,-6.346679257666297e-07,1.5761322176625087e-05,1.576132284579946e-05,0.0013924630004424076,0.0013924629966206475,-3.939329797350702e-11,-3.9393297972479303e-11,-8.149833313398664e-11,-8.149833313188739e-11,8.608411110344881e-11,8.60841110791889e-11,1.9033682470066978e-11,1.903368245440013e-11,43.01817547771491,43.018175478865984,43.07739773867699,43.07739773962219,False
4.9,70.0717501860854,10.847915560682162,0.19822248786109511,2.0713214121564578e-10,14.194772291737385,-9.159624684600656e-10,0.38156586460478126,-3.975126491087777e-06,-0.0007299754715418468,-1.1547468337098358e-10,0.0,0.3142328588190684,0.31423285876589857,0.31590129964590546,0.31590129959712165,3468.7710598049616,3468.7710715023177,3101.7140779008014,3101.7140886332395,0.9199848734738223,0.9199849120713205,73.64852100531421,73.6485210400854,-2.1624842011440755e-06,-2.1624842067881507e-06,8.265218460534514e-08,8.265218527280422e-08,1.5759939538101154e-05,1.5759940152934015e-05,0.0013924618168017677,0.001392461813181634,-4.701758402968342e-11,-4.70175840285994e-11,-8.422754761700088e-11,-8.422754761508356e-11,5.877293736746959e-11,5.877293734795044e-11,-2.478738537871433e-12,-2.478738550276785e-12,43.01513939492976,43.01513939594795,43.07435748481829,43.074357485643105,False
4.91,70.21091340142206,10.875867904643444,0.1982224878630396,1.821267527028919e-10,14.193770507430052,-9.639457304477404e-10,0.3815658272988891,-3.485975900191617e-06,-0.0007299579293018928,-8.634586461432403e-11,0.0,0.3142328541788545,0.314232854129099,0.3159013045569994,0.3159013045113395,3468.772080652015,3468.77209159822,3101.712997460139,3101.713007505309,0.9199043791514484,0.9199044145189512,73.64843951798349,73.6484395494442,-1.3190538750307944e-06,-1.3190538780876736e-06,6.615016283211909e-07,6.615016305472224e-07,1.5758556571698188e-05,1.57585571341803e-05,0.001392460706120603,0.0013924607027117905,-5.251554735379389e-11,-5.251554735272921e-11,-8.523576212363352e-11,-8.523576212192734e-11,3.584981145067887e-11,3.584981143505915e-11,-1.9838436137028415e-11,-1.9838436146768076e-11,43.01210357764145,43.01210357853765,43.071317499972984,43.07131750068853,False
4.92,70.35006679551326,10.903818275907811,0.19822248786474492,1.593057361874585e-10,14.192768810822738,-9.890196041053646e-10,0.3815657948750344,-2.9998670270534217e-06,-0.0007299400838122034,-6.146338447279788e-11,0.0,0.3142328506993378,0.3142328506530253,0.3159013101604769,0.3159013101179698,3468.7728461456836,3468.7728563344353,3101.7117646950855,3101.711774046649,0.9198238117137615,0.9198238439295502,73.64835809932363,73.64835812768813,-6.181786241353301e-07,-6.181786252620745e-07,1.120152477795452e-06,1.1201524810454482e-06,1.5757173365516592e-05,1.5757173877013473e-05,0.0013924596574524683,0.0013924596542615561,-5.621543839135069e-11,-5.621543839035373e-11,-8.483773420241996e-11,-8.483773420093445e-11,1.6801120311078352e-11,1.680112029864588e-11,-3.3593388559216954e-11,-3.35933885667981e-11,43.0090680261078,43.00906802689254,43.06827778392402,43.06827778454091,False
4.93,70.48921036921914,10.931766674648205,0.19822248786623262,1.385768720511705e-10,14.191767201988304,-9.952091909793908e-10,0.38156576726971003,-2.5232825765714164e-06,-0.0007299220731178041,-4.037479622180507e-11,0.0,0.31423284827841225,0.3142328482355254,0.315901316334517,0.3159013162951484,3468.7733787493094,3468.7733881844183,3101.7104064062605,3101.7104150673567,0.9197431812621099,0.9197432104872061,73.64827675407855,73.64827677949698,-4.2552857241752906e-08,-4.255285698055371e-08,1.4750862584021242e-06,1.475086262252661e-06,1.5755790003312904e-05,1.5755790466567376e-05,0.0013924586602046217,0.0013924586572331983,-5.840829635425861e-11,-5.840829635335749e-11,-8.33080159384121e-11,-8.33080159371431e-11,1.1565194110782838e-12,1.1565194012347578e-12,-4.4237874822835705e-11,-4.4237874828685126e-11,43.006032740553444,43.006032741236865,43.06523833643661,43.06523833696482,False
4.94,70.6283441234005,10.959713101037687,0.1982224878675231,1.1983562733995573e-10,14.19076568098863,-9.860381618349318e-10,0.3815657443586448,-2.0618926456436764e-06,-0.0007299040228475863,-2.2661778868949215e-11,0.0,0.31423284680912106,0.31423284676960384,0.31590132296286894,0.3159013229265888,3468.7737019933707,3468.7737106871596,3101.7089481688377,3101.7089561504695,0.9196624979330462,0.9196625243085641,73.64819548557888,73.6481955082488,4.23596543389585e-07,4.235965446011267e-07,1.7411030609282558e-06,1.7411030650536353e-06,1.5754406565249398e-05,1.5754406982629514e-05,0.0013924577042460618,0.0013924577014934778,-5.935094891750249e-11,-5.93509489167106e-11,-8.088473057441587e-11,-8.088473057335033e-11,-1.1512683679097355e-11,-1.1512683686850916e-11,-5.221574735788007e-11,-5.221574736235296e-11,43.0029977211696,43.00299772176132,43.06219915726264,43.062199157711554,False
4.95,70.7674680589188,10.98765755524938,0.1982224878686356,1.0296920386734082e-10,14.189764247874702,-9.645746417868577e-10,0.38156572596490923,-1.620560724208241e-06,-0.000729886045435106,-7.939012521970876e-12,0.0,0.3142328461816708,0.3142328461454359,0.31590132993587794,0.3159013299026074,3468.7738400324274,3468.773848004106,3101.707414106857,3101.7074214263785,0.9195817717079678,0.9195817954058862,73.64811429595188,73.6481143160799,7.945799029489291e-07,7.945799047656703e-07,1.9314335506548617e-06,1.9314335548128605e-06,1.5753023126390464e-05,1.5753023500765732e-05,0.0013924567800014454,0.0013924567774646907,-5.926889146708932e-11,-5.926889146640977e-11,-7.777317845004405e-11,-7.777317844916363e-11,-2.159542353583666e-11,-2.159542354191341e-11,-5.792379144561709e-11,-5.792379144900593e-11,42.99996296811427,42.999962968623386,43.059160246145,43.05916024652336,False
4.96,70.9065821766358,11.01560003745648,0.19822248786958832,8.785959479975264e-11,14.188762902686854,-9.334747777006822e-10,0.38156571186690696,-1.203360324511885e-06,-0.0007298682396542767,4.147117156878689e-12,0.0,0.314232846285285,0.31423284625221964,0.31590133715130203,0.31590133712093876,3468.7738172373097,3468.7738245116816,3101.7058267135567,3101.7058333934756,0.919501012252844,0.9195010334610982,73.64803318622344,73.64803320400651,1.0833217565579258e-06,1.0833217587144052e-06,2.0578517399448913e-06,2.057851743962853e-06,1.5751639755573813e-05,1.5751640090064935e-05,0.0013924558785246256,0.0013924558761984544,-5.835908807724367e-11,-5.83590880766727e-11,-7.414918678260539e-11,-7.414918678188912e-11,-2.944297005972767e-11,-2.9442970064467296e-11,-6.171510746996882e-11,-6.171510747251204e-11,42.99692848151292,42.99692848194797,43.05612160282141,43.056121603137306,False
4.97,71.04568647741377,11.043540547832237,0.19822248787039826,7.438633237784588e-11,14.187761645455124,-8.950238077135871e-10,0.3815657018061517,-8.136008914016625e-07,-0.0007298506904420969,1.3919938687304046e-11,0.0,0.31423284700988596,0.3142328469798577,0.31590134451492885,0.3159013444873519,3468.7736578250915,3468.773664431308,3101.7042067156563,3101.7042127825835,0.9194202289274819,0.9194202478204463,73.64795215642056,73.64795217203041,1.3014427213181034e-06,1.3014427236159588e-06,2.1307867575591096e-06,2.130786761320968e-06,1.5750256517035488e-05,1.5750256814513638e-05,0.0013924549915546806,0.0013924549894317351,-5.6792623741435975e-11,-5.679262374096551e-11,-7.016225542149762e-11,-7.016225542092376e-11,-3.537115393708113e-11,-3.537115394076094e-11,-6.390246301023484e-11,-6.390246301212483e-11,42.99389426145962,42.99389426182857,43.05308322702795,43.05308322728881,False
4.98,71.1847809621151,11.071479086549916,0.19822248787108107,6.242858424604491e-11,14.186760476199737,-8.511745314521027e-10,0.381565695494745,-4.5386165974015083e-07,-0.0007298334689788364,2.167399127043754e-11,0.0,0.3142328482475982,0.3142328482204596,0.3159013519410079,0.31590135191608276,3468.7733855284055,3468.7733914988903,3101.70257297827,3101.702578461796,0.9193394305993162,0.9193394473302386,73.6478712056234,73.64787121925588,1.4593441556504562e-06,1.4593441579466088e-06,2.159432239780204e-06,2.1594322432146697e-06,1.574887346852954e-05,1.574887373149107e-05,0.0013924541115547982,0.0013924541096269872,-5.4717229607268827e-11,-5.471722960688839e-11,-6.59384587310702e-11,-6.593845873061755e-11,-3.966266779659675e-11,-3.966266779944156e-11,-6.476157355565416e-11,-6.476157355704466e-11,42.99086030801844,42.99086030832865,43.050045118502126,43.05004511871478,False
4.99,71.32386563160236,11.099415653782806,0.1982224878716515,5.1867100410116326e-11,14.185759394931637,-8.03583142580076e-10,0.381565692622481,-1.2603215121846146e-07,-0.0007298166329951102,2.7676582633887648e-11,0.0,0.3142328498940691,0.3142328498696617,0.31590135935251457,0.3159013593300964,3468.7730233048064,3468.7730286744268,3101.7009424467988,3101.700947378798,0.9192586255687774,0.9192586403207536,73.64779033220853,73.64779034405537,1.5662938323571847e-06,1.5662938345531693e-06,2.1518523055119007e-06,2.151852308582299e-06,1.5747490661199896e-05,1.5747490892642796e-05,0.0013924532317400305,0.0013924532299982764,-5.225963598078144e-11,-5.225963598047954e-11,-6.158314855166303e-11,-6.158314855131177e-11,-4.256939486407087e-11,-4.256939486626172e-11,-6.453428073013696e-11,-6.453428073114954e-11,42.98782662122501,42.9878266214833,43.0470072769857,43.04700727715636,False
